Appearances,1st,2nd,3rd,4th,Overall Rank,State Rank,Make Nats?,Nats Rank,Overall Score,State,School,SONT 2022,Highlands,UT-Austin,Rickards,Cypress Falls,Cornell,Palatine,BullSO,Boyceville,Seven Lakes,Dick Smith,Northview,Great Oak,Camas,Valley Forge,Marquette,Fairfax,Prestonwood,Long Island,Mira Loma,Pembroke Hill,SOAPS,Aggie,Carnegie-Mellon,MIT,North Pocono,Columbia,BirdSO IP,Solon,Harvard,Yale,High Desert Sat,Brown,Loyola,Golden Gate,BirdSO Sat,UMichigan,UMass,SOUP,Northwestern
5,119.2606106,101.9781078,100.6330823,77.35183935,1,1,TRUE,1,102.9826935,CA,"Troy H.S. Fullerton, CA",77.35183935,,,,,,,,,,,,63.93998254,,,,,,,119.2606106,,,,,100.6330823,,,,,,,,,,101.9781078,,,,,
5,127.1332781,107.653995,90.34167722,51.26002488,2,1,TRUE,2,100.3750455,MA,"Acton-Boxborough Regional H.S. Acton, MA",51.26002488,,,,,,,,,,,,,,,,,,,,,,,,107.653995,,,,,,90.34167722,,127.1332781,,,3.495874769,,,,
6,103.4440623,83.8551168,82.24040953,79.1341398,3,2,TRUE,3,89.03204396,CA,"Mountain View H.S. Mountain View, CA",79.1341398,,,,,,,,59.95705178,,,,,,,,,,,83.8551168,,,16.03819164,,103.4440623,,,,,,,,,,82.24040953,,,,,
6,105.9209325,90.99304805,76.56890614,54.12406564,4,2,FALSE,,86.14710664,MA,Lexington H.S. MA,,,,,,,,,,,,,,,,,,,,,,,,,41.33144452,,54.12406564,,,105.9209325,,,76.56890614,,,43.75266655,,90.99304805,,
7,100.9510613,96.93050155,65.66130193,54.17068876,5,1,TRUE,4,83.71864633,IL,"New Trier H.S. Winnetka, IL",54.17068876,,,,,,44.46162103,,49.00335963,,,,,,,,,,,,,,,,65.66130193,,,,45.64075433,,,,,96.93050155,,,,,,100.9510613
6,104.5173274,72.65774231,67.67049167,66.30157659,6,1,TRUE,5,80.77764707,OH,"Solon H.S. Solon, OH",66.30157659,,,,,,,,,,,45.36338232,,,,,,,,,,,,,,,,,104.5173274,,,,,,,13.08520149,72.65774231,,,67.67049167
5,98.2225035,80.2434969,65.4292832,63.11427106,7,2,TRUE,6,79.75586144,OH,"Mason H.S. Mason, OH",80.2434969,,,,,,,,,,,63.11427106,,,,,,,,,,,,,65.4292832,,,,57.74437978,,,,,,,,98.2225035,,,
5,93.69091993,80.84354109,68.8345247,55.01915819,8,1,TRUE,7,77.79764352,NJ,"Montgomery H.S. Skillman, NJ",46.41110361,,,,,55.01915819,,,,,,,,,,,,,,,,,,,68.8345247,,80.84354109,,,,,,,,,,,,93.69091993,
6,81.91555841,73.6037517,65.79351853,62.53942299,9,2,TRUE,8,72.61152889,IL,"Adlai E. Stevenson H.S. Lincolnshire, IL",65.79351853,,,,,,62.53942299,,49.72048197,,,,,,,50.79502993,,,,,,,,,,,,,73.6037517,,,,,,,,,,81.91555841,
4,95.44581002,74.95273595,54.61545801,48.26547867,10,2,FALSE,,72.36682746,NJ,"West Windsor-Plainsboro H.S. North Plainsboro, NJ",,,,,,,,,,,,,,,48.26547867,,,,54.61545801,,,,,,95.44581002,,,,,,,,,,,,,,74.95273595,
8,74.66134059,74.31338452,72.44723226,62.76941052,11,1,TRUE,9,71.98639054,WI,"Marquette University H.S. Milwaukee, WI",74.66134059,,,,,,36.48133008,,19.15920828,,,,,,,60.03048992,,,,,,,,,55.6050665,,,,,,,,,74.31338452,,,62.76941052,,,72.44723226
4,95.9403479,52.35398883,43.08759032,26.91456263,12,1,TRUE,10,67.15824353,TX,"Seven Lakes H.S. Katy, TX",52.35398883,,43.08759032,,26.91456263,,,,,,,,,,,,,,,,,,,,95.9403479,,,,,,,,,,,,,,,
5,80.85802246,62.46061329,45.99093274,41.83008151,13,1,TRUE,11,61.12375009,PA,"Harriton H.S. Bryn Mawr, PA",36.77110993,,,,,,,,,,45.99093274,,,,41.83008151,,,,,,,,,,80.85802246,,,,,,,,,,,,,,62.46061329,
8,67.71107166,61.62467366,50.30384963,48.16466701,14,2,TRUE,12,58.70006644,PA,"Cumberland Valley H.S. Mechanicsburg, PA",35.26100274,5.607020805,,,,,,,,,26.36422896,,,,61.62467366,,,,,,,67.71107166,,,,,,,48.16466701,,,,,,,6.853221415,,,50.30384963,
2,77.88585056,71.38355805,,,15,3,FALSE,,58.42639386,NJ,"West Windsor-Plainsboro H.S. South West Windsor, NJ",,,,,,,,,,,,,,,,,,,,,,,,,,,77.88585056,,,,,,,,,,,,71.38355805,
4,72.68982693,63.14303796,52.67517894,11.14429622,16,1,TRUE,13,58.1244889,IN,"Carmel H.S. Carmel, IN",52.67517894,,,,,,,,,,,,,,,,,,,,,72.68982693,,,,,,,,,,,,,,11.14429622,63.14303796,,,
5,62.75986842,53.60341312,53.53766853,46.01308966,17,1,TRUE,14,55.23616196,NY,Great Neck South H.S. NY,37.2496927,,,,,,,,,,,,,,46.01308966,,,,62.75986842,,,,,,,,,,,,,,,,,53.60341312,,,53.53766853,
7,63.78956251,54.20170454,52.01260434,43.58403131,18,2,TRUE,15,54.96711802,NY,"Ward Melville H.S. East Setauket, NY",43.58403131,,,26.09053921,,,,,24.67965812,,,,,,,,,,54.20170454,,,,,,52.01260434,,,,,,,,,,,10.62130202,,,63.78956251,
4,59.83313009,59.01790232,45.83288897,41.66447111,19,1,TRUE,16,53.27937288,NC,"William G. Enloe H.S. Raleigh, NC",59.83313009,,,,,,,,,,,,,,,,,,,,,,,,45.83288897,,,,,,,,,,,41.66447111,,,59.01790232,
5,52.3610582,46.41105642,38.62807114,35.66141908,20,2,TRUE,17,44.71244878,TX,Jordan H.S. TX,,,29.82987022,,52.3610582,,,,,35.66141908,,,,,,,,,,,,,,,,,,,,,,,,,38.62807114,46.41105642,,,,
9,55.77255164,51.69154203,34.84546685,19.04271217,21,3,FALSE,,44.19963172,NY,"Syosset H.S. Syosset, NY",,19.04271217,,9.508213999,,34.84546685,,,,,,,,,,,,,,,,16.2062565,,,55.77255164,,,,,16.15743038,5.091720938,,7.453610332,,,,,,51.69154203,
5,55.47761029,45.33346315,38.31711807,26.97197863,22,2,FALSE,,43.83837354,IN,"Munster H.S. Munster, IN",,,,,,,26.97197863,,19.71508473,,,,,,,,,,,,,38.31711807,,,,,,,,,,,,,,,45.33346315,,,55.47761029
3,60.82514044,40.21571039,23.48548111,,23,1,TRUE,18,42.57759831,GA,"Brookwood H.S. Snellville, GA",40.21571039,,,,,,,,23.48548111,,,,,,,,,,,,,,,,,,60.82514044,,,,,,,,,,,,,
5,50.8154142,47.47817217,34.1622224,30.00853674,24,3,FALSE,,42.50950093,PA,"Lower Merion H.S. Ardmore, PA",,,,,,34.1622224,,,,,,,,,30.00853674,,,,,,,25.09090473,,,47.47817217,,,,,,,,,,,,,,50.8154142,
5,51.29195252,42.84794446,35.09883326,29.45866706,25,3,FALSE,,41.50557351,CA,"Glen A. Wilson H.S. Hacienda Heights, CA",,,,,,,,12.13411707,29.45866706,,,,,,,,,,,,,,51.29195252,,,,,35.09883326,,,,,,,42.84794446,,,,,
4,48.11457493,45.48974513,36.0183052,26.09528514,26,4,FALSE,,40.81771033,CA,Lynbrook H.S. CA,,,,,,,,,,,,,,,,,,,,36.0183052,,,48.11457493,,,,,,,,,26.09528514,,,,45.48974513,,,,
3,57.81986479,34.00417492,32.25537596,,27,1,TRUE,19,40.47390535,VA,"TJHSST Alexandria, VA",34.00417492,,,,,,,,32.25537596,,,,,,,,,,,,,,,57.81986479,,,,,,,,,,,,,,,,
5,48.22001861,40.83453147,33.6138934,32.22804054,28,4,FALSE,,40.10403531,NY,"Stuyvesant H.S. New York, NY",,,,16.89801763,,40.83453147,,,,,,,,,,,,,32.22804054,,,,,,48.22001861,,33.6138934,,,,,,,,,,,,,
3,49.68489583,40.2631778,28.64432388,,29,5,FALSE,,37.03143171,NY,Jericho H.S. NY,,,,40.2631778,,,,,,,,,,,,,,,49.68489583,,,,,,,,,,,,,,,,,28.64432388,,,,
4,48.5130977,35.6645895,27.60789122,8.647217105,30,1,TRUE,20,34.96492383,MD,"Centennial H.S. Ellicott City, MD",27.60789122,,,,,,,,,,,,,,,,8.647217105,,,,,,,35.6645895,,,,,,,,,,,,,,,48.5130977,
3,47.29290833,35.52784358,29.10526837,,31,1,TRUE,21,34.85794133,KY,duPont Manual H.S. KY,29.10526837,,,,,,,,,,,,,,,,,,,,,,,,,,,,47.29290833,,,,,,,35.52784358,,,,
7,48.10288105,32.52562106,29.29620356,16.47559687,32,5,FALSE,,34.28659073,CA,"Castro Valley H.S. Castro Valley, CA",,6.96043962,,,,,,,,,,,,,,,,,,32.52562106,,,16.47559687,,,,,29.29620356,,,,7.083005966,,,48.10288105,7.464318928,,,,
1,47.29290833,,,,33,3,FALSE,,33.10503583,OH,Centerville H.S. OH,,,,,,,,,,,,,,,,,,,,,,,,,,,,,47.29290833,,,,,,,,,,,
3,46.57345182,37.06435928,18.61483868,,34,6,FALSE,,32.92779184,CA,"University H.S. Irvine, CA",,,,,,,,18.61483868,37.06435928,,,,,,,,,,,,,,,,,,,46.57345182,,,,,,,,,,,,
3,45.72057431,36.08173598,22.74487256,,35,1,TRUE,22,32.88918641,MI,Troy H.S. MI,,,,,,,,,,,,45.72057431,,,,,,,,,,,,,,,,,,,,,,,,22.74487256,36.08173598,,,
5,37.52290641,34.55223369,28.57172388,23.07943548,36,4,FALSE,,32.16434793,PA,"Athens Area H.S. Athens, PA",,,,,,21.68804991,,,,,,,,,,,,,23.07943548,,,28.57172388,,,,34.55223369,,,,,,,,,,,,37.52290641,,
2,40.62872822,40.27368124,,,37,7,FALSE,,31.56347871,CA,Mission San Jose H.S. CA,,,,,,,,,,,,,,,,,,,,,,,40.27368124,,,,,,,,,,,,40.62872822,,,,,
5,40.11458925,30.50108053,26.44011224,22.4988922,38,3,FALSE,,31.31137004,TX,William P. Clements H.S. TX,30.50108053,,26.44011224,,22.4988922,,,,,14.77683111,,,,,,,,,,,,,,,,,,,,,,,,,,40.11458925,,,,
4,38.92222354,33.65614119,26.05207512,7.690637577,39,8,FALSE,,30.54356622,CA,"Palo Alto H.S. Palo Alto, CA",,,,,,,,7.690637577,,,,,,,,,,,,26.05207512,,,,,,,,,,,,,,,33.65614119,38.92222354,,,,
5,39.40388152,30.59295345,24.64726004,20.10315395,40,6,FALSE,,30.28300914,NY,"Chaminade H.S. Mineola, NY",,,,,,20.10315395,,,10.46478317,,,,,,,,,,,,,,,,,24.64726004,,,,,,,39.40388152,,,,,,30.59295345,
7,38.02153418,33.5454302,23.4452626,19.24177288,41,4,FALSE,,30.22448625,TX,Liberal Arts and Science Academy TX,,,16.2708383,,8.971520876,,,,,19.24177288,,,,,,,,23.4452626,,,,,,,38.02153418,,,,,,,,,,33.5454302,14.32216194,,,,
1,42.46906719,,,,42,3,FALSE,,29.72834703,IL,University of Chicago Laboratory Schools H.S. IL,,,,,,,,,,,,,,,,,,,,,,,,,,,,,,,,,,,,,,,,42.46906719
1,41.57895481,,,,43,2,TRUE,23,29.10526837,MI,"Grand Haven H.S. Grand Haven, MI",41.57895481,,,,,,,,,,,,,,,,,,,,,,,,,,,,,,,,,,,,,,,
3,41.28668333,26.1088262,18.39356578,,44,9,FALSE,,28.90067833,CA,"Temple City H.S. Temple City, CA",,,,,,,,,,,,,26.1088262,,,,,,,,,,,,,,,18.39356578,,,,,,,41.28668333,,,,,
1,40.69219985,,,,45,2,TRUE,24,28.48453989,NC,"NCSSM Durham, NC",40.69219985,,,,,,,,,,,,,,,,,,,,,,,,,,,,,,,,,,,,,,,
5,31.37787933,28.53079683,25.66874519,24.92323416,46,1,TRUE,25,28.18081356,NV,"Ed W. Clark H.S. Las Vegas, NV",24.92323416,,,,,,,,,,,,,,,,,,,,,,,,28.53079683,,,22.01654086,,,,,,,31.37787933,,,,25.66874519,
3,40.16754557,20.85896501,18.42448973,,47,7,FALSE,,28.1172819,NY,Townsend Harris H.S. NY,,,,,,,,,,,,,,,,,,,20.85896501,,,,,,,,40.16754557,,,,,,,,,18.42448973,,,,
2,36.48133008,34.98872013,,,48,4,FALSE,,27.9218294,IL,Naperville North H.S. IL,,,,,,,36.48133008,,,,,,,,,,,,,,,,,,,,,,,,,,,,,,,,,34.98872013
4,36.42075279,29.20426588,21.50358397,18.27772056,49,1,TRUE,26,27.90482527,WA,"Tesla STEM H.S. Redmond, WA",29.20426588,,,,,,,,21.50358397,,,,,18.27772056,,,,,,,,,,,,,,,,,,,,,36.42075279,,,,,
3,39.72034968,27.19014265,16.29543759,,50,3,FALSE,,27.80424478,MA,Belmont H.S. MA,,,,,,,,,,,,,,,,,,,,,,,,,27.19014265,,,,,39.72034968,,,,,,16.29543759,,,,
3,38.72450426,10.0969579,9.578039334,,51,2,TRUE,27,27.10715298,GA,Chattahoochee H.S. GA,,,,10.0969579,,,,,,,,,,,,,,,,,,,,,,,,,,,,,38.72450426,,,9.578039334,,,,
4,38.09588799,24.62007146,19.56495975,16.70727749,52,2,TRUE,28,26.66712159,VA,"Langley H.S. McLean, VA",,,,,,,,,,,,,,,,,16.70727749,,,,,,,24.62007146,,,,,,,38.09588799,,,,,19.56495975,,,,
3,37.75956471,27.88925653,7.52228694,,53,4,FALSE,,26.4316953,NJ,"South Brunswick H.S. South Brunswick, NJ",,,,,,,,,7.52228694,,,,,,,,,,,,,,,,,,27.88925653,,,,,,,,,,,,37.75956471,
3,37.74089744,24.27466906,14.73734248,,54,3,FALSE,,26.41862821,MI,Northville H.S. MI,37.74089744,,,,,,,,,,,14.73734248,,,,,,,,,,,,,,,,,,,,,,,,,24.27466906,,,
2,36.18276105,18.02592654,,,55,2,FALSE,,25.32793273,WI,Madison West H.S. WI,,,,,,,,,,,,,,,,36.18276105,,,,,,,,,,,,,,,,,,,,18.02592654,,,,
5,29.22133955,28.88350785,19.94787124,18.08583448,56,5,FALSE,,25.09319208,PA,"Penncrest H.S. Media, PA",,,,,,,,,,,5.347782876,,,,19.94787124,,,,,,,,,18.08583448,,28.88350785,,,,,,,,,,,,,29.22133955,
6,33.83524584,24.00006873,19.750044,16.83753696,57,3,FALSE,,24.98680267,IN,Lake Central H.S. IN,,,,,,,16.83753696,,,,,19.750044,,,,3.377674624,,,,,,,,,,,,,,,,,,,,15.17580073,24.00006873,,,33.83524584
7,30.53236761,24.50560491,20.73797204,20.43965025,58,10,FALSE,,24.90504333,CA,"Milpitas H.S. Milpitas, CA",,,,,,,,6.911838835,11.36309789,,,,,,,,,,,24.50560491,,,20.43965025,,,,,17.46504443,,,,,,,30.53236761,20.73797204,,,,
2,35.27187574,12.83983229,,,59,5,FALSE,,24.69031302,NJ,East Brunswick H.S. NJ,,,,12.83983229,,,,,,,,,,,,,,,,,,,,,,,,,,,,,,,,,,,35.27187574,
3,29.11346167,28.88812407,21.96279581,,60,4,FALSE,,24.58251204,MI,Pioneer H.S. MI,,,,,,,,,,,,28.88812407,,,,,,,,,,,,,,,,,29.11346167,,,,,,,,21.96279581,,,
4,34.67506956,26.87340898,9.469197978,7.645937461,61,1,TRUE,29,24.27254869,HI,"Iolani School Honolulu, HI",26.87340898,7.645937461,,,,,,,,,,,,,,,,,,,,,,,34.67506956,,,,,,,,,,,9.469197978,,,,
4,24.94267419,24.04865313,22.96328575,22.36610059,62,6,FALSE,,23.80055562,PA,"Bayard Rustin H.S. West Chester, PA",,,,,,,,,,,,,,,24.04865313,,,,,,,22.36610059,,,,22.96328575,,,,,,,,,,,,,24.94267419,
1,33.9921705,,,,63,8,FALSE,,23.79451935,NY,"John Jay H.S. Cross River, NY",,,,,,,,,,,,,,,,,,,,,,,,,,,,,,,,,,,,,,,33.9921705,
3,31.24290393,29.28493177,9.633930816,,64,9,FALSE,,23.66949002,NY,"Staten Island Technical H.S. New York, NY",,,,,,,,,9.633930816,,,,,,,,,,31.24290393,,,,,,,,,,,,,,,,,29.28493177,,,,
5,26.72111799,24.21741561,20.73804348,19.57610497,65,7,FALSE,,23.43603079,PA,"North Pocono H.S. Covington Township, PA",,,,,,19.57610497,,,,,,,,,24.21741561,,,,20.73804348,,,,,17.18968953,,,,,,,,,,,,,,,26.72111799,
4,26.26413651,25.40629424,24.33845055,8.333427757,66,11,FALSE,,23.09859932,CA,Monta Vista H.S. CA,,,,,,,,,,,,,,,,,,,,8.333427757,,,25.40629424,,,,,,,,,,,,24.33845055,26.26413651,,,,
2,32.89616381,24.3942158,,,67,12,FALSE,,23.02731467,CA,American H.S. CA,,,,,,,,,,,,,,,,,,,,24.3942158,,,,,,,,,,,,,,,32.89616381,,,,,
5,27.1621039,23.92311001,22.97080464,10.10204459,68,4,FALSE,,22.63246707,MA,Winchester H.S. MA,,,,,,,,,,,,,,,,,,,,,,,,,23.92311001,,,,,22.97080464,,,10.10204459,,,9.268133107,,27.1621039,,
3,29.22133955,25.53998227,17.71803399,,69,3,FALSE,,22.55768694,VA,"Fairfax H.S. Fairfax, VA",,,,,,17.71803399,,,,,,,,,,,,,,,,,,,25.53998227,,,,,,,,,,,,,,29.22133955,
4,32.00642504,25.06447316,11.78493384,8.365718443,70,13,FALSE,,22.48326373,CA,"Portola H.S. Irvine, CA",,,,,,,,11.78493384,,,,,25.06447316,,,,,,,,,,,,,,,32.00642504,,,,,,,8.365718443,,,,,
2,32.06052988,17.59344269,,,71,4,FALSE,,22.44237092,OH,New Albany H.S. OH,,,,,,,,,,,,,,,,,,,,,,,,,,,,,32.06052988,,,,,,,17.59344269,,,,
2,28.55664683,27.20007789,,,72,5,FALSE,,21.78921113,OH,Beachwood H.S. OH,,,,,,,,,,,,,,,,,,,,,,,,,,,,,28.55664683,,,,,,,,27.20007789,,,
3,30.81070132,10.87801366,10.38636115,,73,3,FALSE,,21.56749092,GA,"Fulton Science Academy Roswell, GA",,,,10.38636115,,,,,10.87801366,,,,,,,,,,,,,,,,,,,,,,,,,,,30.81070132,,,,
3,30.7743877,21.36834131,10.55442525,,74,4,FALSE,,21.54207139,GA,"Walton H.S. Marietta, GA",30.7743877,,,10.55442525,,,,,21.36834131,,,,,,,,,,,,,,,,,,,,,,,,,,,,,,,
4,25.06410729,23.16163838,19.16340903,15.08344299,75,6,FALSE,,21.46665498,OH,"Westlake H.S. Westlake, OH",,,,,,,,,,,,19.16340903,,,,,,,,,,,,15.08344299,,,,,25.06410729,,,,,,,,23.16163838,,,
4,23.33155078,21.24763796,20.9445264,17.0811112,76,10,FALSE,,21.12756735,NY,"Ithaca H.S. Ithaca, NY",,,,,,17.0811112,,,,,,,,,,,,,,,,20.9445264,,,,21.24763796,,,,,,,,,,,,23.33155078,,
2,29.6738576,23.8082692,,,77,1,TRUE,30,21.04866108,FL,Boca Raton Community H.S. FL,,,,,,,,,,,,,,,,,,,,,,,,,29.6738576,,,,,,,,,,,23.8082692,,,,
2,29.81720957,12.49650122,,,78,6,FALSE,,20.8720467,NJ,Hillsborough H.S. NJ,,,,,,,,,,,,,,,,,,,,,,,,,29.81720957,,,,,,,,,,,12.49650122,,,,
1,29.68425186,,,,79,4,FALSE,,20.7789763,IN,Northridge H.S. IN,,,,,,,,,,,,,,,,,,,,,,,,,,,,,,,,,,,,,,,29.68425186,
4,29.57905295,17.18455817,11.85933601,2.583763098,80,2,TRUE,31,20.70533706,FL,Orlando Science H.S. FL,,,,11.85933601,,,,2.583763098,,,,,,,,,,,,,,,,,29.57905295,,,,,,17.18455817,,,,,,,,,
4,24.9401237,19.09867429,18.67730912,17.50312371,81,14,FALSE,,20.62311684,CA,Mira Loma H.S. CA,,,,,,,,,,,,,17.50312371,,,,,,,19.09867429,,,24.9401237,,,,,,,,,,,,18.67730912,,,,,
2,28.90927329,19.64649037,,,82,3,FALSE,,20.23649131,FL,F.W. Buchholz H.S. FL,28.90927329,,,19.64649037,,,,,,,,,,,,,,,,,,,,,,,,,,,,,,,,,,,,
3,23.38195244,22.81296855,19.8174503,,83,5,FALSE,,20.16478993,MI,Saline H.S. MI,,,,,,,,,,,,19.8174503,,,,,,,,,,,,,,,,,23.38195244,,,,,,,,22.81296855,,,
3,24.75466196,20.99085277,18.80844287,,84,1,TRUE,32,19.85461422,RI,Barrington H.S. RI,18.80844287,,,,,,,,,,,,,,,,,,,,,,,,24.75466196,,,,,,,,20.99085277,,,,,,,
2,28.13801161,9.141433904,,,85,6,FALSE,,19.69660813,MI,"East Lansing H.S. East Lansing, MI",,,,,,,,,9.141433904,,,,,,,,,,,,,,,,,,,,,,,,,,,,28.13801161,,,
3,24.10411869,21.37045668,18.25159439,,86,11,FALSE,,19.59905519,NY,Mount Academy NY,,,,,,,,,,,,,,,,,,,18.25159439,,,,,,,21.37045668,,,,,,,,,,,,24.10411869,,
2,27.69720725,18.55115954,,,87,7,FALSE,,19.38804508,MI,"Athens H.S. Troy, MI",,,,,,,,,,,,18.55115954,,,,,,,,,,,,,,,,,,,,,,,,,27.69720725,,,
3,23.64895314,22.49370219,16.43768888,,88,15,FALSE,,19.32717366,CA,"Diamond Bar H.S. Diamond Bar, CA",,,,,,,,,23.64895314,,,,,,,,,,,,,,,,,,,16.43768888,,,,,,,,22.49370219,,,,
4,27.38773259,8.127864726,7.172287671,4.163684152,89,4,FALSE,,19.17141282,VA,"Lake Braddock Secondary Burke, VA",27.38773259,,,,,,,,4.163684152,,,,,,,,8.127864726,,,,,,,,,,,,,,,,,,,7.172287671,,,,
1,26.94237128,,,,90,4,FALSE,,18.85965989,FL,American Heritage Plantation FL,,,,,,26.94237128,,,,,,,,,,,,,,,,,,,,,,,,,,,,,,,,,,
4,21.06985699,19.27995378,18.19229653,14.28867287,91,16,FALSE,,18.74347528,CA,Mountain House H.S. CA,,,,,,,,,,,,,,,,,,,,18.19229653,,,19.27995378,,,,,,,,,,,,21.06985699,14.28867287,,,,
1,26.48506571,,,,92,12,FALSE,,18.53954599,NY,Columbia H.S. NY,,,,,,,,,,,,,,,,,,,,,,,,,,,,,,,,,,,,,,,26.48506571,
2,26.1926676,9.231340123,,,93,7,FALSE,,18.33486732,OH,Northview H.S. OH,,,,,,,,,,,,9.231340123,,,,,,,,,,,,,,,,,,,,,,,,,26.1926676,,,
2,24.01302739,22.86565678,,,94,5,FALSE,,18.31997637,IL,Neuqua Valley H.S. IL,,,,,,,24.01302739,,,,,,,,,,,,,,,,,,,,,,,,,,,22.86565678,,,,,,
1,26.14380095,,,,95,8,FALSE,,18.30066066,PA,Conestoga H.S. PA,,,,,,,,,,,,,,,26.14380095,,,,,,,,,,,,,,,,,,,,,,,,,
1,25.52296871,,,,96,5,FALSE,,17.8660781,MA,Milton Academy MA,,,,,,,,,,,,,,,,,,,,,,,,,,,,,,,,,25.52296871,,,,,,,
5,23.83074279,20.61164092,12.21467192,9.401213993,97,5,FALSE,,17.80670629,FL,Archimedean Upper Conservatory FL,,,,12.21467192,,,,,,,,,,,,,,,,,,,,,23.83074279,,9.255999632,,,20.61164092,,,,,,9.401213993,,,,
2,25.30474139,18.72540846,,,98,17,FALSE,,17.71331898,CA,"Canyon Crest Academy San Diego, CA",,,,,,,,,,,,,,,,,,,,,,,,,,,,18.72540846,,,,,,,25.30474139,,,,,
2,24.47702457,19.7968896,,,99,18,FALSE,,17.41893091,CA,"Great Oak H.S. Temecula, CA",,,,,,,,,,,,,24.47702457,,,,,,,,,,,,,,,19.7968896,,,,,,,,,,,,
4,20.11402521,17.5385386,16.06560296,13.93664628,100,19,FALSE,,17.41383008,CA,"BASIS Independent Silicon Valley San Jose, CA",,,,16.06560296,,,,,,,13.93664628,,,,,,,,,,,,17.5385386,,,,,,,,,,,,20.11402521,,,,,
1,24.78780073,,,,101,13,FALSE,,17.35146051,NY,Collegiate School NY,,,,,,,,,,,,,,,,,,,,,,,,,24.78780073,,,,,,,,,,,,,,,
1,24.30635521,,,,102,8,FALSE,,17.01444865,OH,Mayfield H.S. OH,,,,,,,,,,,,,,,,,,,,,,,,,,,,,24.30635521,,,,,,,,,,,
4,24.24415253,7.398049752,6.952727697,2.408744021,103,1,TRUE,33,16.97090677,MN,"Eagan H.S. Eagan, MN",,2.408744021,,,,,,,6.952727697,,,,,,,,,,,,,,,,,,,,,,,,,,,7.398049752,,,,24.24415253
3,24.22018101,11.28145679,8.955691637,,104,1,TRUE,34,16.95412671,MO,"Pembroke Hill School Kansas City, MO",24.22018101,,,,,,,,,,,,,,,,,,,,8.955691637,,,,,,,,,,,,,,,11.28145679,,,,
2,24.19181722,10.20631241,,,105,14,FALSE,,16.93427205,NY,Forest Hills H.S. NY,,,,,,,,,,,,,,,,,,,10.20631241,,,,,,,,24.19181722,,,,,,,,,,,,,
2,23.53765825,12.03820529,,,106,9,FALSE,,16.47636077,PA,"State College Area H.S. State College, PA",,,,,,,,,,,,,,,,,,,,,,23.53765825,,12.03820529,,,,,,,,,,,,,,,,
1,23.52343608,,,,107,6,FALSE,,16.46640525,FL,James S. Rickards H.S. FL,23.52343608,,,,,,,,,,,,,,,,,,,,,,,,,,,,,,,,,,,,,,,
1,23.2911788,,,,108,15,FALSE,,16.30382516,NY,Bronx H.S. of Science NY,,,,,,,,,,,,,,,,,,,,,,,,,23.2911788,,,,,,,,,,,,,,,
1,23.2778012,,,,109,9,FALSE,,16.29446084,OH,Kenston H.S. OH,,,,,,,,,,,,,,,,,,,,,,,,,,,,,23.2778012,,,,,,,,,,,
3,23.15485821,13.13979033,11.48540232,,110,6,FALSE,,16.20840075,MA,Uxbridge H.S. MA,,,,,,,,,,,,,,,,,,,,,,,,,,,,,,11.48540232,,,23.15485821,,,,,13.13979033,,
1,23.1118551,,,,111,1,TRUE,35,16.17829857,CO,Fossil Ridge H.S. CO,23.1118551,,,,,,,,,,,,,,,,,,,,,,,,,,,,,,,,,,,,,,,
2,23.06238029,11.24098282,,,112,10,FALSE,,16.1436662,PA,Garnet Valley H.S. PA,,,,,,,,,,,,,,,11.24098282,,,,,,,,,,,,,,,,,,,,,,,,23.06238029,
1,22.97766695,,,,113,10,FALSE,,16.08436686,OH,St. Ignatius H.S. OH,,,,,,,,,,,,,,,,,,,,,,,,,,,,,,,,,,,,,,,,22.97766695
3,19.87629422,16.30779519,16.29552808,,114,1,TRUE,36,16.07202643,NH,Lebanon H.S. NH,16.30779519,,,,,,,,,,,,,,,,,,,,,,,,,,,,,16.29552808,,,19.87629422,,,,,,,
2,22.86213444,17.64897549,,,115,8,FALSE,,16.0034941,MI,Okemos H.S. MI,,,,,,,,,,,,17.64897549,,,,,,,,,,,,,,,,,,,,,,,,,22.86213444,,,
3,22.84735372,15.75515653,10.23816127,,116,20,FALSE,,15.99314761,CA,"Arcadia H.S. Arcadia, CA",,,,15.75515653,,,,10.23816127,,,,,,,,,,,,,,,,,,,,22.84735372,,,,,,,,,,,,
4,18.52481105,16.5509092,14.07687595,10.67307283,117,5,FALSE,,15.60714846,TX,"Obra D. Tompkins H.S. Katy, TX",,,10.67307283,,16.5509092,,,,,14.07687595,,,,,,,,,,,,,,18.52481105,,,,,,,,,,,,,,,,
3,22.27251405,10.60542431,10.48762431,,118,1,TRUE,37,15.59075984,KS,"Blue Valley North H.S. Overland Park, KS",22.27251405,,,,,,,,,,,,,,,,,,,,10.60542431,,,,,,,,,,,,,,,10.48762431,,,,
3,20.71453931,15.44348304,14.17964088,,119,16,FALSE,,15.58656254,NY,"Brooklyn Technical H.S. New York, NY",,,,14.17964088,,,,,15.44348304,,,,,,,,,,,,,,,,,,,,,,,,,,,20.71453931,,,,
1,22.19614753,,,,120,3,FALSE,,15.53730327,WI,Menomonie H.S. WI,,,,,,,,,,,,,,,,22.19614753,,,,,,,,,,,,,,,,,,,,,,,,
1,22.14620121,,,,121,9,FALSE,,15.50234084,MI,Canton H.S. MI,,,,,,,,,,,,,,,,,,,,,,,,,,,,,,,,,,,,,22.14620121,,,
4,18.4742949,17.2601491,13.03866806,10.26455066,122,21,FALSE,,15.48068352,CA,"Dublin H.S. Dublin, CA",,,,,,,,,10.26455066,,,,,,,,,,,,,,17.2601491,,,,,,,,,,,,18.4742949,13.03866806,,,,
2,21.431677,17.70946782,,,123,17,FALSE,,15.38601828,NY,Hunter College H.S. NY,,,,,,,,,,,,,,,,,,,17.70946782,,,,,,,,21.431677,,,,,,,,,,,,,
4,19.92931755,19.17212069,9.386772804,8.052887055,124,18,FALSE,,15.27416981,NY,Division Avenue H.S. NY,,,,,,,,,,,8.052887055,,,,19.17212069,,,,19.92931755,,,,,,,,,,,,,,,,,9.386772804,,,,
2,21.73776717,12.5140365,,,125,10,FALSE,,15.21643702,MI,Novi H.S. MI,,,,,,,,,,,,12.5140365,,,,,,,,,,,,,,,,,,,,,,,,,21.73776717,,,
2,19.58739459,18.89437464,,,126,7,FALSE,,15.03041315,MA,Westborough H.S. MA,,,,,,,,,,,,,,,,,,,,,,,,,18.89437464,,,,,,,,19.58739459,,,,,,,
2,19.28023599,18.87044872,,,127,1,TRUE,38,14.89208512,CT,South Windsor H.S. CT,18.87044872,,,,,,,,,,,,,,,,,,,,,,,,,,,,,,19.28023599,,,,,,,,,
2,19.82876612,18.0190014,,,128,1,TRUE,39,14.81944669,DE,Charter School of Wilmington DE,18.0190014,,,,,,,,,,,,,,,,,,,,,,,,,,,,,,,,,,,,,,19.82876612,
7,20.99843492,10.03218386,8.862275548,8.700549525,129,22,FALSE,,14.69890445,CA,"Northwood H.S. Irvine, CA",,8.700549525,,8.862275548,,,,8.357682673,10.03218386,,,,,,,,,,,,,,5.148624022,,,,,20.99843492,,,,1.539783906,,,,,,,,
1,20.96716525,,,,130,2,FALSE,,14.67701567,MN,Wayzata H.S. MN,20.96716525,,,,,,,,,,,,,,,,,,,,,,,,,,,,,,,,,,,,,,,
1,20.7894774,,,,131,1,TRUE,40,14.55263418,AL,"Auburn H.S. Auburn, AL",20.7894774,,,,,,,,,,,,,,,,,,,,,,,,,,,,,,,,,,,,,,,
2,20.74873606,14.27398523,,,132,23,FALSE,,14.52411524,CA,"Canyon H.S. San Diego, CA",,,,,,,,,,,,,20.74873606,,,,,,,,,,,,,,,14.27398523,,,,,,,,,,,,
1,20.67810694,,,,133,19,FALSE,,14.47467486,NY,Half Hollow Hills H.S. East NY,,,,,,,,,,,,,,,,,,,20.67810694,,,,,,,,,,,,,,,,,,,,,
3,20.64268355,15.62767856,9.43994196,,134,8,FALSE,,14.44987849,MA,Wellesley H.S. MA,,,,,,,,,,,,,,,,,,,,,,,,,20.64268355,,,,,15.62767856,,,,,,9.43994196,,,,
2,20.61485748,12.32805295,,,135,11,FALSE,,14.43040023,OH,Mentor H.S. OH,,,,,,,,,,,,12.32805295,,,,,,,,,,,,,,,,,20.61485748,,,,,,,,,,,
1,20.60287597,,,,136,11,FALSE,,14.42201318,PA,Hershey H.S. PA,,,,,,,,,,,,,,,20.60287597,,,,,,,,,,,,,,,,,,,,,,,,,
3,18.67216669,14.15626817,13.97545462,,137,20,FALSE,,14.41649573,NY,Fayetteville-Manlius Senior H.S. NY,,,,,,13.97545462,,,,,,,,,,,,,,,,,,,,18.67216669,,,,,,,,,,14.15626817,,,,
2,20.48060371,15.64496505,,,138,2,FALSE,,14.3364226,MD,"River Hill H.S. Clarksville, MD",,,,,,,,,,,,,,,20.48060371,,15.64496505,,,,,,,,,,,,,,,,,,,,,,,
3,20.4804369,14.76593871,4.985685963,,139,2,FALSE,,14.33630583,NH,Phillips Exeter Academy NH,,,,,,,,,,,,,,,,,,,,,,,,,14.76593871,,,,,,,,20.4804369,,,4.985685963,,,,
3,19.44299246,13.74893117,12.61805121,,140,12,FALSE,,14.23288916,PA,North Penn H.S. PA,,,,,,,,,,,,,,,13.74893117,,,,,,,,,,,12.61805121,,,,,,,,,,,,,19.44299246,
2,20.25529601,8.847398147,,,141,12,FALSE,,14.17870721,OH,Hudson H.S. OH,,,,,,,,,,,,,,,,,,,,,,,,,,,,,20.25529601,,,,,,,,8.847398147,,,
3,20.03499171,8.032801482,1.753529328,,142,2,FALSE,,14.0244942,NV,"Davidson Academy Reno, NV",,,,8.032801482,,,,,,,,,,,,,,,,,,,,,,,,,,,,1.753529328,,,20.03499171,,,,,
2,18.84107635,16.57605783,,,143,24,FALSE,,13.88629543,CA,Amador Valley H.S. CA,,,,,,,,,,,,,,,,,,,,,,,16.57605783,,,,,,,,,,,,,18.84107635,,,,
1,19.79110145,,,,144,11,FALSE,,13.85377102,MI,Eisenhower H.S. MI,,,,,,,,,,,,,,,,,,,,,,,,,,,,,,,,,,,,,19.79110145,,,
2,18.24066504,17.14924258,,,145,6,FALSE,,13.8375352,IL,Waubonsie Valley H.S. IL,,,,,,,18.24066504,,,,,,,,,,,,,,,,,,,,,,,,,,,17.14924258,,,,,,
3,19.5310084,9.463972891,4.992984254,,146,7,FALSE,,13.67170588,NJ,"Governor Livingston H.S. Berkeley Heights, NJ",,,,,,,,,9.463972891,,4.992984254,,,,,,,,,,,,,,,,19.5310084,,,,,,,,,,,,,
1,19.42546192,,,,147,1,TRUE,41,13.59782334,AZ,Catalina Foothills H.S. AZ,19.42546192,,,,,,,,,,,,,,,,,,,,,,,,,,,,,,,,,,,,,,,
1,19.35976137,,,,148,1,TRUE,42,13.55183296,OR,St. Mary's Academy OR,19.35976137,,,,,,,,,,,,,,,,,,,,,,,,,,,,,,,,,,,,,,,
1,19.22552493,,,,149,8,FALSE,,13.45786745,NJ,Princeton H.S. NJ,,,,,,,,,,,,,,,19.22552493,,,,,,,,,,,,,,,,,,,,,,,,,
3,17.46200476,13.12158307,12.97600708,,150,25,FALSE,,13.42350733,CA,Pleasant Grove H.S. CA,,,,,,,,,,,,,,,,,,,,13.12158307,,,12.97600708,,,,,,,,,,,,17.46200476,,,,,
1,19.06506112,,,,151,5,FALSE,,13.34554279,IN,Whiting H.S. IN,,,,,,,,,,,,,,,,,,,,,,,,,,,,,,,,,,,,,,,,19.06506112
4,17.66457376,14.09995586,9.911948818,8.333427757,152,2,FALSE,,13.30701267,WA,"Camas H.S. Camas, WA",,,,,,,,,,,,,,14.09995586,,,,,,8.333427757,,,,,,,,9.911948818,,,17.66457376,,,,,,,,,
1,18.89120829,,,,153,1,TRUE,43,13.2238458,ND,Century H.S. ND,18.89120829,,,,,,,,,,,,,,,,,,,,,,,,,,,,,,,,,,,,,,,
2,18.85589322,12.88348708,,,154,3,FALSE,,13.19912526,NH,Bedford H.S. NH,,,,,,,,,,,,,,,,,,,,,,,,,18.85589322,,,,,,,,12.88348708,,,,,,,
3,18.01733354,14.81456939,8.61597532,,155,26,FALSE,,13.05505787,CA,"Irvington H.S. Fremont, CA",,,,,,,,,8.61597532,,,,,,,,,,,,,,14.81456939,,,,,,,,,,,,18.01733354,,,,,
1,18.54550765,,,,156,13,FALSE,,12.98185536,OH,Sylvania Southview H.S. OH,,,,,,,,,,,,,,,,,,,,,,,,,,,,,,,,,,,,,18.54550765,,,
3,15.19184689,14.21766376,12.93294384,,157,9,FALSE,,12.93283215,MA,Newton South H.S. MA,,,,,,,,,,,,,,,,,,,,,,,,,,,,,,15.19184689,,,12.93294384,,,,,14.21766376,,
3,18.43855743,13.45411978,4.593988842,,158,13,FALSE,,12.9069902,PA,Shipley School PA,,,,,,,,,,,4.593988842,,,,13.45411978,,,,,,,,,,,,,,,,,,,,,,,,18.43855743,
2,18.42500894,7.280527119,,,159,1,TRUE,44,12.89750626,IA,Ames H.S. IA,18.42500894,,,,,,,,,,,,,,,,,,,,,,,,,,,,,,,,,,,7.280527119,,,,
2,18.29005991,13.24011656,,,160,10,FALSE,,12.80304194,MA,Arlington H.S. MA,,,,,,,,,,,,,,,,,,,,,,,,,,,,,,13.24011656,,,,,,,,18.29005991,,
3,16.73373571,12.5954889,12.00609798,,161,7,FALSE,,12.76395516,IL,Lake Forest Academy IL,,,,,,,,,,,,,,,,12.00609798,,,,,,,,,,,,,,,,,,12.5954889,,,,,,16.73373571
1,18.22941437,,,,162,1,TRUE,45,12.76059006,LA,Baton Rouge Magnet H.S. LA,18.22941437,,,,,,,,,,,,,,,,,,,,,,,,,,,,,,,,,,,,,,,
2,18.19559241,8.786809313,,,163,12,FALSE,,12.73691469,MI,"Holt H.S. Holt, MI",,,,,,,,,8.786809313,,,,,,,,,,,,,,,,,,,,,,,,,,,,18.19559241,,,
3,17.11260572,13.61573667,9.867084998,,164,21,FALSE,,12.67862042,NY,"Scarsdale H.S. Scarsdale, NY",,,,,,,,,9.867084998,,13.61573667,,,,,,,,,,,,,17.11260572,,,,,,,,,,,,,,,,
1,18.07590351,,,,165,1,TRUE,46,12.65313246,MS,Northwest Rankin H.S. MS,18.07590351,,,,,,,,,,,,,,,,,,,,,,,,,,,,,,,,,,,,,,,
1,17.97427721,,,,166,9,FALSE,,12.58199404,NJ,Cherry Hill H.S. East NJ,,,,,,,,,,,,,,,,,,,,,,,,,,,,,,,,,,,,,,,17.97427721,
4,17.01833233,14.33523298,8.631058044,5.821637055,167,8,FALSE,,12.55664865,IL,Vernon Hills H.S. IL,,,,,,,14.33523298,,,,5.821637055,,,,,,,,,,,,,,,,,,,,,,,17.01833233,,8.631058044,,,,
3,17.67827125,12.96781018,9.175124954,,168,5,FALSE,,12.51358798,GA,"South Forsyth H.S. Cumming, GA",,9.175124954,,,,,,,12.96781018,,,,,,,,,,,,,,,,,,,,,,,,,,,17.67827125,,,,
1,17.82862248,,,,169,22,FALSE,,12.48003574,NY,St. Joseph's Collegiate Institute NY,,,,,,,,,,,,,,,,,,,,,,,,,,,,,,,,,,,,,17.82862248,,,
2,17.77650966,3.748894174,,,170,1,TRUE,47,12.44355677,OK,"Casady School Oklahoma City, OK",17.77650966,,,,,,,,,,,,,,,,,,,,3.748894174,,,,,,,,,,,,,,,,,,,
3,15.69193826,13.5747892,10.98891519,,171,1,TRUE,48,12.43599817,ME,Falmouth H.S. ME,13.5747892,,,,,,,,,,,,,,,,,,,,,,,,15.69193826,,,,,10.98891519,,,,,,,,,,
2,17.73918123,7.402105159,,,172,13,FALSE,,12.41742686,MI,"Hudsonville H.S. Hudsonville, MI",,,,,,,,,7.402105159,,,,,,,,,,,,,,,,,,,,,,,,,,,,17.73918123,,,
1,17.72147403,,,,173,1,TRUE,49,12.40503182,UT,West H.S. UT,17.72147403,,,,,,,,,,,,,,,,,,,,,,,,,,,,,,,,,,,,,,,
3,17.69544466,9.821152139,7.76410299,,174,9,FALSE,,12.38681126,IL,Belvidere North H.S. IL,,,,,,,7.76410299,,,,,,,,,,,,,,,,,,,,,,,,,,,9.821152139,,,,,,17.69544466
2,17.66124016,7.698412993,,,175,23,FALSE,,12.36286811,NY,"The Bronx H.S. of Science New York, NY",,,,,,,,,7.698412993,,,,,,,,,,,,,,,,,,,,,,,,,,,17.66124016,,,,
1,17.64897549,,,,176,14,FALSE,,12.35428285,MI,West Michigan Aviation Academy MI,,,,,,,,,,,,17.64897549,,,,,,,,,,,,,,,,,,,,,,,,,,,,
3,17.64862111,4.484249364,2.36367228,,177,1,TRUE,50,12.35403477,NE,"Lincoln Science Focus Program H.S. Lincoln, NE",17.64862111,,,,,,,,4.484249364,,,,,,,,,,,,2.36367228,,,,,,,,,,,,,,,,,,,
1,17.59550966,,,,178,2,FALSE,,12.31685677,MO,International Academy Central MO,,,,,,,,,,,,,,,,,,,,,,,,,,,,,17.59550966,,,,,,,,,,,
2,16.73849262,14.66711537,,,179,10,FALSE,,12.31550688,IL,OPRF IL,,,,,,,16.73849262,,,,,,,,,,,,,,,,,,,,,,,,,,,14.66711537,,,,,,
2,17.52616375,12.65759318,,,180,27,FALSE,,12.26831463,CA,"Orange County School of the Arts Santa Ana, CA",,,,,,,,,,,,,,,,,,,,,,,,,,,,12.65759318,,,,,,,,17.52616375,,,,
3,16.69036135,14.50466885,5.053948652,,181,28,FALSE,,12.23709678,CA,Foothill H.S. CA,,,,,,,,,,,5.053948652,,,,,,,,,14.50466885,,,,,,,,,,,,,,,16.69036135,,,,,
1,17.44741838,,,,182,15,FALSE,,12.21319287,MI,Brighton H.S. MI,,,,,,,,,,,,,,,,,,,,,,,,,,,,,,,,,,,,,17.44741838,,,
2,17.43215518,13.26084626,,,183,29,FALSE,,12.20250863,CA,Davis Senior H.S. CA,,,,,,,,,,,,,,,,,,,,,,,13.26084626,,,,,,,,,,,,17.43215518,,,,,
1,17.42920063,,,,184,14,FALSE,,12.20044044,PA,State College Area H.S. PA,,,,,,,,,,,,,,,17.42920063,,,,,,,,,,,,,,,,,,,,,,,,,
2,17.3465204,9.864608565,,,185,11,FALSE,,12.14256428,IL,Mundelein H.S. IL,,,,,,,,,,,,,,,,,,,,,,,,,,,,,,,,,,9.864608565,,,,,,17.3465204
2,17.32354722,9.648614361,,,186,24,FALSE,,12.12648305,NY,Roslyn H.S. NY,,,,,,,,,,,,,,,,,,,17.32354722,,,,,,,,,,,,,,,,,9.648614361,,,,
2,17.2611885,13.3981301,,,187,2,FALSE,,12.08283195,CT,Ridgefield H.S. CT,,,,,,,,,,,,,,,,,,,,,,,,,,,17.2611885,,,,13.3981301,,,,,,,,,
2,17.2246392,10.80213476,,,188,11,FALSE,,12.05724744,MA,Boston University Academy MA,,,,,,,,,,,,,,,,,,,,,,,,,17.2246392,,,,,10.80213476,,,,,,,,,,
4,16.18849589,11.93939186,10.41020128,3.041281371,189,15,FALSE,,11.97557813,PA,"West Chester East H.S. West Chester, PA",,,,,,,,,,,3.041281371,,,,10.41020128,,,,,,,11.93939186,,,,,,,,,,,,,,,,,16.18849589,
2,16.93959926,11.4076875,,,190,14,FALSE,,11.85771948,OH,Olentangy Orange H.S. OH,,,,,,,,,,,,11.4076875,,,,,,,,,,,,,,,,,16.93959926,,,,,,,,,,,
3,16.91003392,10.41845238,7.570858135,,191,12,FALSE,,11.83702375,MA,Newton North H.S. MA,,,,,,,,,,,,,,,,,,,,,,,,,16.91003392,,,,,10.41845238,,,7.570858135,,,,,,,
3,16.88940557,7.42908076,6.815006426,,192,12,FALSE,,11.8225839,IL,"Lane Tech College Prep H.S. Chicago, IL",,,,,,,,,7.42908076,,,,,,,,,,,,,,,,,,,,,,,,,16.88940557,,6.815006426,,,,
1,16.88749998,,,,193,13,FALSE,,11.82124998,IL,Naperville Central H.S. IL,,,,,,,16.88749998,,,,,,,,,,,,,,,,,,,,,,,,,,,,,,,,,
4,15.3120282,12.9007872,9.761125614,3.787825089,194,30,FALSE,,11.7924168,CA,Sheldon H.S. CA,,,,3.787825089,,,,,,,,,,,,,,,,12.9007872,,,9.761125614,,,,,,,,,,,,15.3120282,,,,,
1,16.78738635,,,,195,3,FALSE,,11.75117045,CT,Jonathan Law H.S. CT,,,,,,,,,,,,,,,,,,,,,,,,,16.78738635,,,,,,,,,,,,,,,
3,16.69036135,11.05070522,9.831472915,,196,31,FALSE,,11.74293206,CA,"Tokay H.S. Lodi, CA",,,,,,,,,,,,,,,,,,,,,,,11.05070522,,,,,9.831472915,,,,,,,16.69036135,,,,,
2,16.06696997,13.83896854,,,197,32,FALSE,,11.73572607,CA,"Sunny Hills H.S. Fullerton, CA",,,,,,,,,,,,,16.06696997,,,,,,,,,,,,,,,13.83896854,,,,,,,,,,,,
2,16.12162671,13.72698094,,,198,16,FALSE,,11.71878297,MI,International Academy Central MI,,,,,,,,,,,,13.72698094,,,,,,,,,,,,,,,,,,,,,,,,,16.12162671,,,
2,15.16915044,14.75180412,,,199,25,FALSE,,11.68273603,NY,General Douglas MacArthur H.S. NY,,,,,,,,,,,,,,,15.16915044,,,,14.75180412,,,,,,,,,,,,,,,,,,,,,
1,16.63963986,,,,200,1,TRUE,51,11.6477479,TN,Collierville H.S. TN,16.63963986,,,,,,,,,,,,,,,,,,,,,,,,,,,,,,,,,,,,,,,
1,16.54918936,,,,201,17,FALSE,,11.58443255,MI,Stevenson H.S. MI,,,,,,,,,,,,,,,,,,,,,,,,,,,,,,,,,,,,,16.54918936,,,
4,16.33476027,11.47206964,9.157486607,4.204908747,202,26,FALSE,,11.5764558,NY,"West Babylon Senior H.S. West Babylon, NY",,,,,,,,,4.204908747,,9.157486607,,,,,,,,16.33476027,,,,,,,,,,,,,,,,,11.47206964,,,,
2,16.50310797,10.02688057,,,203,13,FALSE,,11.55217558,MA,Sharon H.S. MA,,,,,,,,,,,,,,,,,,,,,,,,,16.50310797,,,,,,,,10.02688057,,,,,,,
1,16.4012496,,,,204,1,TRUE,52,11.48087472,MT,Hamilton H.S. MT,16.4012496,,,,,,,,,,,,,,,,,,,,,,,,,,,,,,,,,,,,,,,
4,13.45411978,12.0426352,11.69310968,3.927119494,205,16,FALSE,,11.34678962,PA,Northwestern Lehigh H.S. PA,,,,,,11.69310968,,,,,3.927119494,,,,13.45411978,,,,,,,,,,,12.0426352,,,,,,,,,,,,,,
1,16.15414643,,,,206,15,FALSE,,11.3079025,OH,Chardon H.S. OH,,,,,,,,,,,,,,,,,,,,,,,,,,,,,16.15414643,,,,,,,,,,,
2,16.12787815,8.493014067,,,207,10,FALSE,,11.2895147,NJ,"Edison Academy Magnet H.S. Edison, NJ",,,,8.493014067,,,,,,,,,,,,,,,,,,,,,,,16.12787815,,,,,,,,,,,,,
1,16.12162671,,,,208,6,FALSE,,11.2851387,IN,John Adams H.S. IN,,,,,,,,,,,,,,,,,,,,,,,,,,,,,,,,,,,,,16.12162671,,,
1,16.07780899,,,,209,27,FALSE,,11.25446629,NY,Hicksville H.S. NY,,,,,,,,,,,,,,,,,,,16.07780899,,,,,,,,,,,,,,,,,,,,,
2,16.04641295,9.351770737,,,210,6,FALSE,,11.23248906,TX,Dulles H.S. TX,,,16.04641295,,,,,,,9.351770737,,,,,,,,,,,,,,,,,,,,,,,,,,,,,,
2,16.0337146,6.783405899,,,211,1,TRUE,53,11.22360022,DC,"BASIS Independent Washington, D.C. Washington, DC",16.0337146,,,,,,,,,,,,,,,,6.783405899,,,,,,,,,,,,,,,,,,,,,,,
1,15.92797354,,,,212,18,FALSE,,11.14958148,MI,Salem H.S. MI,,,,,,,,,,,,,,,,,,,,,,,,,,,,,,,,,,,,,15.92797354,,,
1,15.91483627,,,,213,1,TRUE,54,11.14038539,WY,"Kelly Walsh H.S. Casper, WY",15.91483627,,,,,,,,,,,,,,,,,,,,,,,,,,,,,,,,,,,,,,,
1,15.8630129,,,,214,17,FALSE,,11.10410903,PA,Haverford H.S. PA,,,,,,,,,,,,,,,,,,,,,,,,,,,,,,,,,,,,,,,15.8630129,
1,15.82888559,,,,215,33,FALSE,,11.08021991,CA,"Gretchen Whitney H.S. Cerritos, CA",,,,,,,,,,,,,,,,,,,,,,,,,,,,15.82888559,,,,,,,,,,,,
3,13.15374381,11.76828348,11.35834404,,216,34,FALSE,,11.07355932,CA,Albany H.S. CA,,,,,,,,,,,,,,,,,,,,13.15374381,,,11.76828348,,,,,,,,,,,,,11.35834404,,,,
2,15.63143607,3.64364784,,,217,18,FALSE,,10.94200525,PA,Allentown Central Catholic H.S. PA,,,,,,,,,,,3.64364784,,,,,,,,,,,,,,,,,,,,,,,,,,,,15.63143607,
2,15.55772695,11.97411318,,,218,35,FALSE,,10.89040886,CA,"Del Norte H.S. San Diego, CA",,,,,,,,,,,,,,,,,,,,,,,,,,,,15.55772695,,,,,,,,11.97411318,,,,
2,15.457308,12.00902229,,,219,36,FALSE,,10.8239381,CA,"Arnold O. Beckman H.S. Irvine, CA",,,,,,,,,,,,,,,,,,,,,,,,,,,,12.00902229,,,,,,,,15.457308,,,,
2,14.79912644,12.54745517,,,220,11,FALSE,,10.73834614,NJ,"Randolph H.S. Randolph, NJ",,,,,,,,,,,,,,,,,,,,,,14.79912644,,,,,,,,,12.54745517,,,,,,,,,
2,13.84335462,13.63500049,,,221,16,FALSE,,10.72333,OH,Northmont H.S. OH,,,,,,,,,,,,,,,,,,,,,,,,,,,,,13.84335462,,,,,,,,13.63500049,,,
1,15.27904245,,,,222,28,FALSE,,10.69532972,NY,Francis Lewis H.S. NY,,,,,,,,,,,,,,,,,,,,,,,,,,,15.27904245,,,,,,,,,,,,,
3,15.265323,6.233710763,4.926461332,,223,19,FALSE,,10.6857261,PA,Central H.S. PA,,,,4.926461332,,,,,,,6.233710763,,,,,,,,,,,,,,,,,,,,,,,,,,,,15.265323,
2,15.21775792,11.66206453,,,224,14,FALSE,,10.65243055,IL,Crystal Lake Central H.S. IL,,,,,,,11.66206453,,,,,,,,,,,,,,,,,,,,,,,,,,,15.21775792,,,,,,
1,15.16970701,,,,225,1,TRUE,55,10.61879491,WV,"Cabell Midland H.S. Ona, WV",15.16970701,,,,,,,,,,,,,,,,,,,,,,,,,,,,,,,,,,,,,,,
1,15.14743875,,,,226,17,FALSE,,10.60320713,OH,Hawken School OH,,,,,,,,,,,,,,,,,,,,,,,,,,,,,15.14743875,,,,,,,,,,,
1,15.12784897,,,,227,4,FALSE,,10.58949428,NH,Nashua H.S. North NH,,,,,,,,,,,,,,,,,,,,,,,,,15.12784897,,,,,,,,,,,,,,,
1,15.06325293,,,,228,1,TRUE,56,10.54427705,SC,Clinton H.S. SC,15.06325293,,,,,,,,,,,,,,,,,,,,,,,,,,,,,,,,,,,,,,,
2,15.01742672,8.130391406,,,229,14,FALSE,,10.5121987,MA,Cambridge Rindge and Latin School MA,,,,,,,,,,,,,,,,,,,,,,,,,15.01742672,,,,,8.130391406,,,,,,,,,,
3,13.99895662,12.77516884,6.483732409,,230,37,FALSE,,10.48168203,CA,"North Hollywood H.S. North Hollywood, CA",,,,6.483732409,,,,,,,,,,,,,,,,,,,,,,,,13.99895662,,,,,,,,12.77516884,,,,
2,14.86762626,4.274334734,,,231,1,TRUE,57,10.40733839,NM,La Cueva H.S. NM,14.86762626,,,4.274334734,,,,,,,,,,,,,,,,,,,,,,,,,,,,,,,,,,,,
1,14.8488269,,,,232,15,FALSE,,10.39417883,MA,Wilbraham and Moson Academy MA,,,,,,,,,,,,,,,,,,,,,,,,,14.8488269,,,,,,,,,,,,,,,
1,14.72260065,,,,233,16,FALSE,,10.30582046,MA,Noble and Greenough School MA,,,,,,,,,,,,,,,,,,,,,,,,,,,,,,14.72260065,,,,,,,,,,
1,14.72075034,,,,234,18,FALSE,,10.30452524,OH,Saint Ignatius H.S. OH,,,,,,,,,,,,,,,,,,,,,,,,,,,,,14.72075034,,,,,,,,,,,
2,14.55938726,7.445360704,,,235,29,FALSE,,10.19157108,NY,"Plattsburgh H.S. Plattsburgh, NY",,,,,,14.55938726,,,7.445360704,,,,,,,,,,,,,,,,,,,,,,,,,,,,,,,
1,14.54031188,,,,236,1,TRUE,58,10.17821832,AR,Little Rock Central H.S. AR,14.54031188,,,,,,,,,,,,,,,,,,,,,,,,,,,,,,,,,,,,,,,
1,14.40014139,,,,237,20,FALSE,,10.08009897,PA,JR Masterman School PA,,,,,,,,,,,,,,,,,,,,,,,,,,,,,,,,,,,,,,,14.40014139,
1,14.39669656,,,,238,5,FALSE,,10.07768759,VA,"W.T. Woodson H.S. Fairfax, VA",,,,,,,,,,,,,,,,,14.39669656,,,,,,,,,,,,,,,,,,,,,,,
1,14.32005487,,,,239,30,FALSE,,10.02403841,NY,Vestal H.S. NY,,,,,,14.32005487,,,,,,,,,,,,,,,,,,,,,,,,,,,,,,,,,,
1,14.31583047,,,,240,19,FALSE,,10.02108133,MI,Grosse Pointe South H.S. MI,,,,,,,,,,,,,,,,,,,,,,,,,,,,,,,,,,,,,14.31583047,,,
2,14.28773722,7.634936766,,,241,15,FALSE,,10.00141605,IL,Beacon Academy IL,,,,,,,,,,,,,,,,,,,,,,,,,,,,,,,,,,7.634936766,,,,,,14.28773722
1,14.26539842,,,,242,17,FALSE,,9.985778891,MA,Brookline H.S. MA,,,,,,,,,,,,,,,,,,,,,,,,,14.26539842,,,,,,,,,,,,,,,
3,12.77095411,9.93814711,9.580787863,,243,18,FALSE,,9.943150592,MA,"Boston Latin School Boston, MA",,,,,,,,,,,,,,,,,,,,,,,,,,,,,,9.580787863,,,9.93814711,,,,,12.77095411,,
1,14.20356355,,,,244,1,TRUE,59,9.942494487,VT,Burr and Burton Academy VT,14.20356355,,,,,,,,,,,,,,,,,,,,,,,,,,,,,,,,,,,,,,,
1,14.19976008,,,,245,19,FALSE,,9.939832056,MA,The Winsor School MA,,,,,,,,,,,,,,,,,,,,,,,,,14.19976008,,,,,,,,,,,,,,,
3,12.08722404,11.59263746,8.413202059,,246,38,FALSE,,9.910222936,CA,Laguna Creek H.S. CA,,,,,,,,,,,,,,,,,,,,12.08722404,,,11.59263746,,,,,,,,,,,,,8.413202059,,,,
1,14.12973395,,,,247,31,FALSE,,9.890813766,NY,Loyola H.S. NY,,,,,,,,,,,,,,,,,,,,,,,,,,,14.12973395,,,,,,,,,,,,,
1,14.05246181,,,,248,1,TRUE,60,9.836723269,SD,"Brookings H.S. Brookings, SD",14.05246181,,,,,,,,,,,,,,,,,,,,,,,,,,,,,,,,,,,,,,,
4,13.18108862,11.84964425,4.298218013,2.394506169,249,21,FALSE,,9.805257759,PA,"Pocono Mountain East H.S. Swiftwater, PA",,,,2.394506169,,,,,,,4.298218013,,,,,,,,,,,13.18108862,,,,11.84964425,,,,,,,,,,,,,,
2,13.97470728,8.227184054,,,250,2,FALSE,,9.782295095,RI,Pilgrim H.S. RI,,,,,,,,,,,,,,,,,,,,,,,,,13.97470728,,,,,,,,8.227184054,,,,,,,
1,13.96759549,,,,251,20,FALSE,,9.777316845,MA,Weston H.S. MA,,,,,,,,,,,,,,,,,,,,,,,,,,,,,,13.96759549,,,,,,,,,,
1,13.93564365,,,,252,19,FALSE,,9.754950558,OH,St. Edward H.S. OH,,,,,,,,,,,,,,,,,,,,,,,,,,,,,13.93564365,,,,,,,,,,,
2,12.73736057,12.06854467,,,253,4,FALSE,,9.696039559,CT,E.O. Smith H.S. CT,,,,,,,,,,,,,,,,,,,,,,,,,,,,,,,12.06854467,,12.73736057,,,,,,,
1,13.82891807,,,,254,12,FALSE,,9.68024265,NJ,Parsippany H.S. NJ,,,,,,,,,,,,,,,,,,,,,,,,,,,,,,,,,,,,,,,13.82891807,
2,12.52802307,12.25280245,,,255,39,FALSE,,9.673466626,CA,Saratoga H.S. CA,,,,,,,,,,,,,,,,,,,,12.25280245,,,,,,,,,,,,,,,12.52802307,,,,,
1,13.54290941,,,,256,40,FALSE,,9.480036584,CA,Leigh H.S. CA,,,,,,,,,,,,,,,,,,,,,,,,,,,,,,,,,,,13.54290941,,,,,
3,12.59956515,8.959272611,8.903220243,,257,3,FALSE,,9.418071514,MD,"Reservoir H.S. Fulton, MD",,,,,,,,,,,8.959272611,,,,,,8.903220243,,,,,,,,,,,,,,,,,,,12.59956515,,,,
1,13.44922902,,,,258,5,FALSE,,9.414460316,NH,Nashua H.S. South NH,,,,,,,,,,,,,,,,,,,,,,,,,,,,,,,,,13.44922902,,,,,,,
1,13.43410378,,,,259,4,FALSE,,9.403872646,WI,Boyceville H.S. WI,,,,,,,,,,,,,,,,,,,,,,,,,,,,,13.43410378,,,,,,,,,,,
1,13.30995029,,,,260,20,FALSE,,9.3169652,MI,Macomb Dakota H.S. MI,,,,,,,,,,,,,,,,,,,,,,,,,,,,,,,,,,,,,13.30995029,,,
2,11.98920542,11.86560989,,,261,41,FALSE,,9.307394827,CA,"Valencia H.S. Placentia, CA",,,,,,,,,,,,,,,,,,,,,,,,,,,,11.98920542,,,,,,,,11.86560989,,,,
1,13.26754389,,,,262,4,FALSE,,9.287280724,MD,"Walter Johnson H.S. Bethesda, MD",,,,,,,,,,,,,,,,,13.26754389,,,,,,,,,,,,,,,,,,,,,,,
1,13.26754389,,,,262,6,FALSE,,9.287280724,VA,"McLean H.S. McLean, VA",,,,,,,,,,,,,,,,,13.26754389,,,,,,,,,,,,,,,,,,,,,,,
1,13.19662031,,,,264,21,FALSE,,9.237634219,MI,Detroit Country Day Upper School MI,,,,,,,,,,,,13.19662031,,,,,,,,,,,,,,,,,,,,,,,,,,,,
3,12.21383195,11.19279691,4.667262631,,265,21,FALSE,,9.161768896,MA,South High Community School MA,,,,,,,,,,,,,,,,,,,,,,,,,,,,,,4.667262631,,,11.19279691,,,,,12.21383195,,
1,13.03743588,,,,266,16,FALSE,,9.126205117,IL,Grayslake Central H.S. IL,,,,,,,,,,,,,,,,,,,,,,,,,,,,,,,,,,13.03743588,,,,,,
5,12.99849093,8.332107261,6.957255137,4.692543024,267,7,FALSE,,9.098943654,TX,Cinco Ranch H.S. TX,,4.205265604,12.99849093,4.692543024,,,,,,8.332107261,,,,,,,,,,,,,,,,,,,,,,,,,,6.957255137,,,,
3,12.97361551,9.784900195,6.060298604,,268,22,FALSE,,9.097923757,PA,"Manheim Central H.S. Manheim, PA",,,,,,,,,,,6.060298604,,,,12.97361551,,,,,,,,,9.784900195,,,,,,,,,,,,,,,,
2,12.70670497,10.28601368,,,269,23,FALSE,,9.045832739,PA,"Shady Side Academy Senior School Pittsburgh, PA",,,,,,,,,,,,,,,,,,,,,,12.70670497,,10.28601368,,,,,,,,,,,,,,,,
3,10.75883459,10.47458923,7.985073446,,270,32,FALSE,,8.991152286,NY,Kellenberg Memorial H.S. NY,,,,,,10.47458923,,,,,,,,,,,,,10.75883459,,,,,,,7.985073446,,,,,,,,,,,,,,
2,12.79056927,4.904246382,,,271,24,FALSE,,8.953398492,PA,Philadelphia H.S. for Girls PA,,,,,,,,,,,4.904246382,,,,,,,,,,,,,,,,,,,,,,,,,,,,12.79056927,
1,12.79056927,,,,271,13,FALSE,,8.953398492,NJ,Kingsway Regional H.S. NJ,,,,,,,,,,,,,,,,,,,,,,,,,,,,,,,,,,,,,,,12.79056927,
1,12.74641839,,,,273,42,FALSE,,8.922492875,CA,"San Marino H.S. San Marino, CA",,,,,,,,,,,,,,,,,,,,,,,,,,,,12.74641839,,,,,,,,,,,,
1,12.73134929,,,,274,43,FALSE,,8.911944504,CA,Sequoia H.S. CA,,,,,,,,,,,,,,,,,,,,,,,,,,,,,,,,,,,12.73134929,,,,,
1,12.65874747,,,,275,22,FALSE,,8.861123227,MI,Forest Hills Central H.S. MI,,,,,,,,,,,,,,,,,,,,,,,,,,,,,,,,,,,,,12.65874747,,,
1,12.59913325,,,,276,33,FALSE,,8.819393278,NY,John Jay H.S. NY,,,,,,,,,12.59913325,,,,,,,,,,,,,,,,,,,,,,,,,,,,,,,
2,12.57781693,5.264823762,,,277,5,FALSE,,8.804471854,WI,"Slinger H.S. Slinger, WI",,,,,,,,,5.264823762,,,,,,,12.57781693,,,,,,,,,,,,,,,,,,,,,,,,
1,12.57212548,,,,278,34,FALSE,,8.800487839,NY,Al-Noor School NY,,,,,,,,,,,,,,,,,,,,,,,,,,,12.57212548,,,,,,,,,,,,,
1,12.5538821,,,,279,23,FALSE,,8.787717473,MI,International Academy West MI,,,,,,,,,,,,,,,,,,,,,,,,,,,,,,,,,,,,,12.5538821,,,
2,12.54178155,7.817427873,,,280,17,FALSE,,8.779247087,IL,Lisle H.S. IL,,,,,,,7.817427873,,,,,,,,,,,,,,,,,,,,,,,,,,,,,,,,,12.54178155
2,11.73369229,10.65746721,,,281,18,FALSE,,8.767529522,IL,Hinsdale Central H.S. IL,,,,,,,10.65746721,,,,,,,,,,,,,,,,,,,,,,,,,,,11.73369229,,,,,,
1,12.26953058,,,,282,35,FALSE,,8.588671407,NY,Goshen H.S. NY,,,,,,12.26953058,,,,,,,,,,,,,,,,,,,,,,,,,,,,,,,,,,
1,12.15730196,,,,283,8,FALSE,,8.510111371,TX,Stephen F. Austin H.S. TX,,,,,,,,,,12.15730196,,,,,,,,,,,,,,,,,,,,,,,,,,,,,,
1,12.06886791,,,,284,44,FALSE,,8.448207539,CA,"Walnut H.S. Walnut, CA",,,,,,,,,,,,,,,,,,,,,,,,,,,,12.06886791,,,,,,,,,,,,
1,12.01228357,,,,285,22,FALSE,,8.4085985,MA,Dover Sherborn H.S. MA,,,,,,,,,,,,,,,,,,,,,,,,,,,,,,,,,,,,,,12.01228357,,
3,9.890548701,9.463572669,8.027691725,,286,23,FALSE,,8.385455595,MA,Longmeadow H.S. MA,,,,,,,,,,,,,,,,,,,,,,,,,,,,,,8.027691725,,,9.463572669,,,,,9.890548701,,
2,11.64085963,9.695208674,,,287,19,FALSE,,8.384300293,IL,Glenbrook South H.S. IL,,,,,,,9.695208674,,,,,,,,,,,,,,,,,,,,,,,,,,,,,,,,,11.64085963
1,11.93191963,,,,288,5,FALSE,,8.352343743,CT,Hopkins School CT,,,,,,,,,,,,,,,,,,,,,,,,,,,,,,,11.93191963,,,,,,,,,
2,11.93014529,8.736747446,,,289,45,FALSE,,8.351101706,CA,"Martin Luther King H.S. Riverside, CA",,,,,,,,,,,,,,,,,,,,,,,,,,,,11.93014529,,,,8.736747446,,,,,,,,
1,11.87696902,,,,290,20,FALSE,,8.313878317,OH,Medina H.S. OH,,,,,,,,,,,,,,,,,,,,,,,,,,,,,11.87696902,,,,,,,,,,,
2,11.56110385,9.57240907,,,291,46,FALSE,,8.306702621,CA,"El Dorado H.S. Placentia, CA",,,,,,,,,,,,,11.56110385,,,,,,,,,,,,,,,9.57240907,,,,,,,,,,,,
2,11.63906147,9.336083347,,,292,25,FALSE,,8.255153266,PA,Lehighton Area H.S. PA,,,,,,,,,,,,,,,11.63906147,,,,,,,,,,,9.336083347,,,,,,,,,,,,,,
1,11.77809462,,,,293,26,FALSE,,8.244666237,PA,Red Land H.S. PA,,,,,,,,,,,,,,,11.77809462,,,,,,,,,,,,,,,,,,,,,,,,,
2,11.49696819,9.43914404,,,294,47,FALSE,,8.231963054,CA,Saint Francis H.S. CA,,,,,,,,,,,,,,,,,,,,,,,9.43914404,,,,,,,,,,,,11.49696819,,,,,
2,11.19279691,9.75796762,,,295,24,FALSE,,8.217430119,MA,Wilbraham and Monson Academy MA,,,,,,,,,,,,,,,,,,,,,,,,,,,,,,,,,11.19279691,,,,,9.75796762,,
1,11.6957336,,,,296,24,FALSE,,8.187013522,MI,Frankenmuth H.S. MI,,,,,,,,,,,,,,,,,,,,,,,,,,,,,,,,,,,,,11.6957336,,,
2,11.68503746,5.913531925,,,297,20,FALSE,,8.179526223,IL,Niles West H.S. IL,,,,,,,,,,,,,,,,,,,,,,,,,,,,,,,,,,5.913531925,,,,,,11.68503746
4,11.64149127,7.646901501,5.572826027,3.783430861,298,48,FALSE,,8.149043889,CA,"Silver Creek H.S. San Jose, CA",,,,3.783430861,,,,,5.572826027,,,,,,,,,,,11.64149127,,,7.646901501,,,,,,,,,,,,,,,,,
2,11.62595411,7.258141172,,,299,21,FALSE,,8.138167874,OH,Thomas Worthington H.S. OH,,,,,,,,,,,,7.258141172,,,,,,,,,,,,,,,,,11.62595411,,,,,,,,,,,
1,11.52247654,,,,300,7,FALSE,,8.06573358,VA,"Alexandria City H.S. Alexandria, VA",,,,,,,,,,,,,,,11.52247654,,,,,,,,,,,,,,,,,,,,,,,,,
3,11.4841322,6.383136242,4.07801374,,301,27,FALSE,,8.038892537,PA,Central York H.S. PA,,,,,,,,,,,4.07801374,,,,11.4841322,,,,,,,,,,,,,,,,,,,,,6.383136242,,,,
2,11.45772955,6.682693568,,,302,21,FALSE,,8.020410688,IL,Whitney M. Young Magnet H.S. IL,,,,,,,,,,,,,,,,,,,,,,,,,,,,,6.682693568,,,,,,,11.45772955,,,,
2,11.34614688,8.31050171,,,303,49,FALSE,,7.942302817,CA,Ukiah H.S. CA,,,,,,,,,,,,,8.31050171,,,,,,,11.34614688,,,,,,,,,,,,,,,,,,,,
1,11.32365411,,,,304,22,FALSE,,7.926557875,OH,Archbishop Hoban H.S. OH,,,,,,,,,,,,,,,,,,,,,,,,,,,,,11.32365411,,,,,,,,,,,
1,11.27314599,,,,305,25,FALSE,,7.891202194,MI,Comstock H.S. MI,,,,,,,,,,,,,,,,,,,,,,,,,,,,,,,,,,,,,11.27314599,,,
3,11.25252207,4.852501696,3.676795267,,306,6,FALSE,,7.876765452,CT,Guilford H.S. CT,,,,3.676795267,,,,,,,4.852501696,,,,,,,,,,,,,,,,,,,,11.25252207,,,,,,,,,
1,11.2047552,,,,307,2,FALSE,,7.84332864,TN,Farragut H.S. TN,,,,,,,,,,,,,,,,,,,,,,,,,,,,,,,,11.2047552,,,,,,,,
4,9.804627337,9.487766238,5.927050529,3.619664153,308,23,FALSE,,7.842148566,OH,Granville H.S. OH,,,,3.619664153,,,,,,,,9.487766238,,,,,,,,,,,,,,,,,9.804627337,,,,,,,5.927050529,,,,
2,11.13956153,3.974432205,,,309,3,FALSE,,7.797693074,WA,"Bothell H.S. Bothell, WA",,,,,,,,,11.13956153,,,,,,,,,,,,,,,,,,,,,,,3.974432205,,,,,,,,
6,9.920049399,8.333427757,6.979392769,3.411419876,310,50,FALSE,,7.794679267,CA,Clayton Valley Charter H.S. CA,,2.607916654,,3.411419876,,,,2.243980553,,,,,,,,,,,,8.333427757,,,6.979392769,,,,,,,,,,,,9.920049399,,,,,
4,10.73952389,7.540842853,6.696911172,1.927492554,311,2,FALSE,,7.77797027,CO,"Homeschool Science Colorado El Paso, CO",,,,1.927492554,,,,,6.696911172,,,,,,,,,,,,,,,,,,,,,,,7.540842853,,,,10.73952389,,,,
2,11.05003164,8.451983897,,,312,26,FALSE,,7.735022151,MI,Haslett H.S. MI,,,,,,,,,,,,8.451983897,,,,,,,,,,,,,,,,,,,,,,,,,11.05003164,,,
1,11.00324109,,,,313,28,FALSE,,7.702268761,PA,Stroudsburg H.S. PA,,,,,,,,,,,,,,,,,,,,,,,,,,11.00324109,,,,,,,,,,,,,,
2,10.95988521,2.475957142,,,314,29,FALSE,,7.67191965,PA,"Warwick H.S. Lititz, PA",,,,,,,,,,,,,,,,,,,,,,10.95988521,,,,,,,,,,2.475957142,,,,,,,,
1,10.92485106,,,,315,27,FALSE,,7.647395741,MI,Plymouth H.S. MI,,,,,,,,,,,,,,,,,,,,,,,,,,,,,,,,,,,,,10.92485106,,,
2,10.29768352,9.099598105,,,316,22,FALSE,,7.603877608,IL,Libertyville H.S. IL,,,,,,,,,,,,,,,,,,,,,,,,,,,,,,,,,,9.099598105,,,,,,10.29768352
2,10.73269,4.939360318,,,317,36,FALSE,,7.512882997,NY,Saugerties H.S. NY,,,,,,10.73269,,,,,4.939360318,,,,,,,,,,,,,,,,,,,,,,,,,,,,,
1,10.67373702,,,,318,24,FALSE,,7.471615912,OH,Cincinnati Country Day School OH,,,,,,,,,,,,10.67373702,,,,,,,,,,,,,,,,,,,,,,,,,,,,
1,10.67206275,,,,319,28,FALSE,,7.470443928,MI,Nouvel Catholic Central H.S. MI,,,,,,,,,,,,,,,,,,,,,,,,,,,,,,,,,,,,,10.67206275,,,
2,10.65580251,8.299303174,,,320,9,FALSE,,7.469077446,TX,Texas Academy of Mathematics and Science TX,,,,,8.299303174,,,,,10.65580251,,,,,,,,,,,,,,,,,,,,,,,,,,,,,,
1,10.57257404,,,,321,8,FALSE,,7.400801827,VA,"Oakton H.S. Oakton, VA",,,,,,,,,,,,,,,,,10.57257404,,,,,,,,,,,,,,,,,,,,,,,
3,10.57094481,5.795672278,4.802037943,,322,5,FALSE,,7.399661366,MD,"Winston Churchill H.S. Potomac, MD",,,,,,,,,,,,,,,,,5.795672278,,,,,,,10.57094481,,,,,,,,4.802037943,,,,,,,,
2,9.777316845,9.080948437,,,323,25,FALSE,,7.377355433,MA,Reading Memorial H.S. MA,,,,,,,,,,,,,,,,,,,,,,,,,,,,,,9.777316845,,,9.080948437,,,,,,,
1,10.48911217,,,,324,26,FALSE,,7.342378517,MA,Lexington Christian Academy MA,,,,,,,,,,,,,,,,,,,,,,,,,,,,,,,,,,,,,,10.48911217,,
2,10.48151411,6.9196869,,,325,2,FALSE,,7.337059879,IA,"Mount Vernon H.S. Mount Vernon, IA",,,,,,,,,6.9196869,,,,,,,10.48151411,,,,,,,,,,,,,,,,,,,,,,,,
2,10.43390284,6.783405899,,,326,6,FALSE,,7.303731987,MD,"Atholton H.S. Columbia, MD",,,,,,,,,,,,,,,,,6.783405899,,,,,,,,,,,,,,,,,,,10.43390284,,,,
1,10.36878248,,,,327,25,FALSE,,7.258147737,OH,Canal Winchester H.S. OH,,,,,,,,,,,,,,,,,,,,,,,,,,,,,10.36878248,,,,,,,,,,,
1,10.36249105,,,,328,30,FALSE,,7.253743736,PA,"State College Area H.S. State College Area High School, PA",,,,,,,,,,,,,,,,,,,,,,10.36249105,,,,,,,,,,,,,,,,,,
1,10.35820218,,,,329,6,FALSE,,7.250741527,WI,Beloit Turner H.S. WI,,,,,,,,,,,,,,,,10.35820218,,,,,,,,,,,,,,,,,,,,,,,,
1,10.32968385,,,,330,37,FALSE,,7.230778695,NY,Chittenango H.S. NY,,,,,,10.32968385,,,,,,,,,,,,,,,,,,,,,,,,,,,,,,,,,,
2,10.08145632,8.274594679,,,331,7,FALSE,,7.217582894,WI,Belleville H.S. WI,,,,,,,,,,,,,,,,10.08145632,,,,,,,,,,,,,,,,,,,,,8.274594679,,,
1,10.30582046,,,,332,7,FALSE,,7.214074321,FL,Florida Atlantic University H.S. FL,,,,,,,,,,,,,,,,,,,,,,,,,,,,,,10.30582046,,,,,,,,,,
1,10.29829806,,,,333,38,FALSE,,7.208808645,NY,Northern Academy of the Arts NY,,,,,,,,,,,,,,,,,,,,,,,,,,10.29829806,,,,,,,,,,,,,,
1,10.22674436,,,,334,26,FALSE,,7.158721055,OH,Brecksville-Broadview Heights H.S. OH,,,,,,,,,,,,,,,,,,,,,,,,,,,,,10.22674436,,,,,,,,,,,
3,10.04239757,8.147999894,2.667924762,,335,31,FALSE,,7.155822935,PA,"Mt. Lebanon H.S. Pittsburgh, PA",,,,,,,,2.667924762,,,8.147999894,,,,,,,,,,,,,10.04239757,,,,,,,,,,,,,,,,
1,10.20540438,,,,336,51,FALSE,,7.143783066,CA,Temecula Valley H.S. CA,,,,,,,,,,,,,10.20540438,,,,,,,,,,,,,,,,,,,,,,,,,,,
1,10.19538865,,,,337,23,FALSE,,7.136772052,IL,Trinity H.S. IL,,,,,,,,,,,,,,,,,,,,,,,,,,,,,,,,,,,,,,,,10.19538865
1,10.1917735,,,,338,39,FALSE,,7.134241453,NY,Leon M. Goldstein H.S. for the Sciences NY,,,,,,,,,,,,,,,,,,,10.1917735,,,,,,,,,,,,,,,,,,,,,
1,10.10805874,,,,339,27,FALSE,,7.07564112,OH,Stow-Munroe Falls H.S. OH,,,,,,,,,,,,,,,,,,,,,,,,,,,,,10.10805874,,,,,,,,,,,
1,10.01952023,,,,340,24,FALSE,,7.013664162,IL,Cary Grove H.S. IL,,,,,,,10.01952023,,,,,,,,,,,,,,,,,,,,,,,,,,,,,,,,,
1,10.0173635,,,,341,32,FALSE,,7.012154448,PA,Cedar Cliff H.S. PA,,,,,,,,,,,,,,,10.0173635,,,,,,,,,,,,,,,,,,,,,,,,,
1,9.993753073,,,,342,52,FALSE,,6.995627151,CA,"Harvard-Westlake Upper School Los Angeles, CA",,,,,,,,,,,,,,,,,,,,,,,,,,,,9.993753073,,,,,,,,,,,,
2,9.190891617,8.673716494,,,343,6,FALSE,,6.984005355,GA,"Lambert H.S. Suwanee, GA",,,,8.673716494,,,,,9.190891617,,,,,,,,,,,,,,,,,,,,,,,,,,,,,,,
2,9.950799722,5.088716327,,,344,7,FALSE,,6.965559805,CT,"Staples H.S. Westport, CT",,,,,,,,,5.088716327,,,,,,,,,,9.950799722,,,,,,,,,,,,,,,,,,,,,
1,9.897543464,,,,345,25,FALSE,,6.928280425,IL,Barrington H.S. IL,,,,,,,9.897543464,,,,,,,,,,,,,,,,,,,,,,,,,,,,,,,,,
3,9.872033671,4.420077538,2.510432494,,346,53,FALSE,,6.91042357,CA,"Santa Teresa H.S. San Jose, CA",,,,,,,,,4.420077538,,,,,,,,,,,,,,,,,,,,,,,2.510432494,,,9.872033671,,,,,
1,9.865307859,,,,347,54,FALSE,,6.905715501,CA,Cosumnes Oaks H.S. CA,,,,,,,,,,,,,,,,,,,,9.865307859,,,,,,,,,,,,,,,,,,,,
4,8.356727264,6.703274263,6.499245467,4.744412193,348,10,FALSE,,6.851939147,TX,Cypress Falls H.S. TX,,,6.499245467,,4.744412193,,,,,6.703274263,,,,,,,,8.356727264,,,,,,,,,,,,,,,,,,,,,,
3,8.82708393,6.873169931,6.517450636,,349,11,FALSE,,6.847885442,TX,Brazoswood H.S. TX,,,6.517450636,,6.873169931,,,,,8.82708393,,,,,,,,,,,,,,,,,,,,,,,,,,,,,,
1,9.678054745,,,,350,27,FALSE,,6.774638322,MA,Bedford H.S. MA,,,,,,,,,,,,,,,,,,,,,,,,,,,,,,9.678054745,,,,,,,,,,
1,9.667236357,,,,351,2,FALSE,,6.76706545,ME,Waynflete Upper School ME,,,,,,,,,,,,,,,,,,,,,,,,,,,,,,,,,9.667236357,,,,,,,
1,9.662087361,,,,352,8,FALSE,,6.763461153,CT,Sacred Heart Greenwich H.S. CT,,,,,,,,,,,,,,,,,,,,,,,,,,,9.662087361,,,,,,,,,,,,,
1,9.626161867,,,,353,29,FALSE,,6.738313307,MI,Benzie Central H.S. MI,,,,,,,,,,,,,,,,,,,,,,,,,,,,,,,,,,,,,9.626161867,,,
2,9.166183643,7.852618493,,,354,55,FALSE,,6.6800237,CA,"Rancho Bernardo H.S. San Diego, CA",,,,,,,,,7.852618493,,,,,,,,,,,,,,,,,,,,,,,,,,,9.166183643,,,,
1,9.487766238,,,,355,30,FALSE,,6.641436366,MI,"Birmingham Groves H.S. Beverly Hills, MI",,,,,,,,,,,,9.487766238,,,,,,,,,,,,,,,,,,,,,,,,,,,,
1,9.466942224,,,,356,9,FALSE,,6.626859557,CT,Joseph A. Foran H.S. CT,,,,,,,,,,,,,,,,,,,,,,,,,,,,,,,9.466942224,,,,,,,,,
1,9.453823174,,,,357,10,FALSE,,6.617676222,CT,The Taft School CT,,,,,,,,,,,,,,,,,,,,,,,,,,,,,,,,,,,,,,9.453823174,,
3,9.41531136,6.55844025,3.80182723,,358,56,FALSE,,6.590717952,CA,"Stratford Preparatory Academy San Jose, CA",,,,,,,,,3.80182723,,,,,,,,,,,9.41531136,,,6.55844025,,,,,,,,,,,,,,,,,
2,9.129737323,7.560962493,,,359,28,FALSE,,6.56035811,OH,Springfield H.S. OH,,,,,,,,,,,,9.129737323,,,,,,,,,,,,,,,,,,,,,,,,,7.560962493,,,
1,9.329651626,,,,360,26,FALSE,,6.530756138,IL,John Hersey H.S. IL,,,,,,,9.329651626,,,,,,,,,,,,,,,,,,,,,,,,,,,,,,,,,
1,9.297134424,,,,361,31,FALSE,,6.507994097,MI,Dansville H.S. MI,,,,,,,,,,,,,,,,,,,,,,,,,,,,,,,,,,,,,9.297134424,,,
2,9.192447122,7.304891896,,,362,28,FALSE,,6.495307762,MA,Franklin H.S. MA,,,,,,,,,,,,,,,,,,,,,,,,,,,,,,7.304891896,,,9.192447122,,,,,,,
1,9.255999632,,,,363,40,FALSE,,6.479199742,NY,SAIL NY,,,,,,,,,,,,,,,,,,,,,,,,,,,9.255999632,,,,,,,,,,,,,
1,9.218584943,,,,364,27,FALSE,,6.45300946,IL,Maine South H.S. IL,,,,,,,,,,,,,,,,,,,,,,,,,,,,,,,,,,,,,,,,9.218584943
1,9.208575102,,,,365,29,FALSE,,6.446002571,OH,Fairview H.S. OH,,,,,,,,,,,,,,,,,,,,,,,,,,,,,9.208575102,,,,,,,,,,,
3,7.984020312,7.270113269,5.524350057,,366,57,FALSE,,6.420773164,CA,"Los Alamitos H.S. Los Alamitos, CA",,,,,,,,,7.270113269,,,,,,,,,,,,,,,,,,,7.984020312,,,,5.524350057,,,,,,,,
4,9.046500777,5.696820164,5.399532122,3.874077842,367,58,FALSE,,6.399596648,CA,"Homestead H.S. Cupertino, CA",,,,5.399532122,,,,,3.874077842,,,,,,,,,,,,,,9.046500777,,,,,,,,,,,,,5.696820164,,,,
1,9.088957916,,,,368,59,FALSE,,6.362270541,CA,La Mirada H.S. CA,,,,,,,,,,,,,,,,,,,,,,,,,,,,,,,,,,,9.088957916,,,,,
1,9.06149266,,,,369,33,FALSE,,6.343044862,PA,Wyoming Area H.S. PA,,,,,,,,,,,,,,,,,,,,,,,,,,9.06149266,,,,,,,,,,,,,,
1,9.033617424,,,,370,41,FALSE,,6.323532197,NY,Riverdale Kingsbridge Academy NY,,,,,,,,,,,,,,,,,,,9.033617424,,,,,,,,,,,,,,,,,,,,,
1,8.974517678,,,,371,30,FALSE,,6.282162374,OH,Perry H.S. OH,,,,,,,,,,,,8.974517678,,,,,,,,,,,,,,,,,,,,,,,,,,,,
1,8.92180856,,,,372,32,FALSE,,6.245265992,MI,Skyline H.S. MI,,,,,,,,,,,,,,,,,,,,,,,,,,,,,,,,,,,,,8.92180856,,,
1,8.850835913,,,,373,28,FALSE,,6.195585139,IL,Naper Valley Homeschool IL,,,,,,,8.850835913,,,,,,,,,,,,,,,,,,,,,,,,,,,,,,,,,
2,8.751561856,4.63374222,,,374,60,FALSE,,6.126093299,CA,Pacific Academy Irvine CA,,,,,,,,,,,,,8.751561856,,,,,,,,,,,,,,,,,,,4.63374222,,,,,,,,
2,8.570914897,6.934374917,,,375,29,FALSE,,6.100250577,IL,Evanston H.S. IL,,,,,,,8.570914897,,,,,,,,,,,,,,,,,,,,,,,,,,,6.934374917,,,,,,
1,8.712582365,,,,376,3,FALSE,,6.098807656,NC,"Durham Academy Upper School Durham, NC",,,,,,,,,,,,,,,,,,,,,,,,8.712582365,,,,,,,,,,,,,,,,
1,8.708963081,,,,377,14,FALSE,,6.096274157,NJ,John P. Stevens H.S. NJ,,,,,,,,,,,,,,,,,,,,,,,,,,,,,,,,,,,,8.708963081,,,,
1,8.693347509,,,,378,42,FALSE,,6.085343256,NY,Riverhead H.S. NY,,,,,,,,,,,,,,,,,,,8.693347509,,,,,,,,,,,,,,,,,,,,,
3,8.596591646,6.840425654,3.495874769,,379,12,FALSE,,6.077512142,TX,Cypress Ranch H.S. TX,,,,,8.596591646,,,,,6.840425654,,,,,,,,,,,,,,,,,,,,,,,,,,3.495874769,,,,
1,8.627482382,,,,380,3,FALSE,,6.039237668,RI,Classical H.S. RI,,,,,,,,,,,,,,,,,,,,,,,,,,,,,,,,,8.627482382,,,,,,,
1,8.607570134,,,,381,3,FALSE,,6.025299094,ME,Waterville Senior H.S. ME,,,,,,,,,,,,,,,,,,,,,,,,,,,,,,8.607570134,,,,,,,,,,
1,8.602241389,,,,382,31,FALSE,,6.021568972,OH,Rocky River H.S. OH,,,,,,,,,,,,8.602241389,,,,,,,,,,,,,,,,,,,,,,,,,,,,
2,8.589173724,5.907949496,,,383,61,FALSE,,6.012421607,CA,San Francisco University H.S. CA,,,,,,,,,,,,,,,,,,,,,,,8.589173724,,,,,,,,,,,,,5.907949496,,,,
1,8.577932727,,,,384,34,FALSE,,6.004552909,PA,Northampton Area H.S. PA,,,,,,,,,,,,,,,,,,,,,,,,,,8.577932727,,,,,,,,,,,,,,
1,8.577932727,,,,384,34,FALSE,,6.004552909,PA,Elizabethtown Area H.S. PA,,,,,,,,,,,,,,,,,,,,,,,,,,8.577932727,,,,,,,,,,,,,,
3,8.491138159,5.385810589,5.382553896,,386,62,FALSE,,5.996971684,CA,"Westview H.S. San Diego, CA",,,,,,,,,,,5.382553896,,,,,,,,,,,,,,,,,5.385810589,,,,,,,,8.491138159,,,,
1,8.538989614,,,,387,32,FALSE,,5.97729273,OH,Ottawa Hills H.S. OH,,,,,,,,,,,,8.538989614,,,,,,,,,,,,,,,,,,,,,,,,,,,,
2,8.509166167,6.526476481,,,388,30,FALSE,,5.956416317,IL,Hinsdale South H.S. IL,,,,,,,6.526476481,,,,,,,,,,,,,,,,,,,,,,,,,,,8.509166167,,,,,,
2,8.349818486,6.78317937,,,389,31,FALSE,,5.952784935,IL,Loyola Academy IL,,,,,,,6.78317937,,,,,,,,,,,,,,,,,,,,,,,,,,,8.349818486,,,,,,
4,7.889085761,5.482167251,4.845939676,4.50029067,390,8,FALSE,,5.949436161,FL,"River City Science Academy Jacksonville, FL",,,,4.845939676,,,,4.50029067,7.889085761,,,,,,,,,,,,,,,,,,,,,,,,,,,5.482167251,,,,
1,8.483279633,,,,391,63,FALSE,,5.938295743,CA,"West H.S. Torrance, CA",,,,,,,,,,,,,,,,,,,,,,,,,,,,,,,,,,,,8.483279633,,,,
2,8.480246836,3.571340765,,,392,36,FALSE,,5.936172785,PA,"Winchester Thurston Upper School Pittsburgh, PA",,,,,,,,,,,3.571340765,,,,,,,,,,,,,8.480246836,,,,,,,,,,,,,,,,
1,8.480246836,,,,392,36,FALSE,,5.936172785,PA,"Quaker Valley H.S. Leetsdale, PA",,,,,,,,,,,,,,,,,,,,,,,,8.480246836,,,,,,,,,,,,,,,,
1,8.473674599,,,,394,29,FALSE,,5.931572219,MA,Hopkinton H.S. MA,,,,,,,,,,,,,,,,,,,,,,,,,,,,,,8.473674599,,,,,,,,,,
1,8.442433555,,,,395,33,FALSE,,5.909703488,OH,Worthington Kilbourne H.S. OH,,,,,,,,,,,,,,,,,,,,,,,,,,,,,8.442433555,,,,,,,,,,,
1,8.439164978,,,,396,33,FALSE,,5.907415485,MI,L'Anse Creuse H.S. MI,,,,,,,,,,,,,,,,,,,,,,,,,,,,,,,,,,,,,8.439164978,,,
2,8.221660343,6.760230519,,,397,13,FALSE,,5.890433906,TX,Prestonwood Christian Academy TX,,,8.221660343,,6.760230519,,,,,,,,,,,,,,,,,,,,,,,,,,,,,,,,,,,
3,8.406306516,2.726735143,2.293472153,,398,38,FALSE,,5.884414561,PA,"Pocono Mountain West H.S. Pocono Summit, PA",,,,2.293472153,,,,,,,2.726735143,,,,,,,,,,,8.406306516,,,,,,,,,,,,,,,,,,
1,8.401575736,,,,399,4,FALSE,,5.881103015,RI,Cranston H.S. West RI,,,,,,,,,,,,,,,,,,,,,,,,,,,,,,,,,8.401575736,,,,,,,
1,8.370265516,,,,400,5,FALSE,,5.859185861,RI,Smithfield H.S. RI,,,,,,,,,,,,,,,,,,,,,,,,,,,,,,,,,8.370265516,,,,,,,
2,8.358675811,4.61835016,,,401,8,FALSE,,5.851073068,WI,"Cambridge H.S. Cambridge, WI",,,,,,,,,4.61835016,,,,,,,8.358675811,,,,,,,,,,,,,,,,,,,,,,,,
2,8.280177499,6.571514572,,,402,14,FALSE,,5.847691453,TX,St. John's School TX,,,8.280177499,,,,,,,6.571514572,,,,,,,,,,,,,,,,,,,,,,,,,,,,,,
1,8.344703067,,,,403,32,FALSE,,5.841292147,IL,Lyons Township H.S. IL,,,,,,,8.344703067,,,,,,,,,,,,,,,,,,,,,,,,,,,,,,,,,
1,8.333427757,,,,404,64,FALSE,,5.83339943,CA,Franklin H.S. CA,,,,,,,,,,,,,,,,,,,,8.333427757,,,,,,,,,,,,,,,,,,,,
1,8.333427757,,,,404,64,FALSE,,5.83339943,CA,Granite Bay H.S. CA,,,,,,,,,,,,,,,,,,,,8.333427757,,,,,,,,,,,,,,,,,,,,
1,8.333427757,,,,404,4,FALSE,,5.83339943,WA,"Seton Catholic College Prepatory H.S. Vancouver, WA",,,,,,,,,,,,,,,,,,,,8.333427757,,,,,,,,,,,,,,,,,,,,
1,8.323289599,,,,407,15,FALSE,,5.826302719,TX,Alamo Heights H.S. TX,,,,,8.323289599,,,,,,,,,,,,,,,,,,,,,,,,,,,,,,,,,,,
1,8.318786443,,,,408,34,FALSE,,5.82315051,OH,Olentangy H.S. OH,,,,,,,,,,,,8.318786443,,,,,,,,,,,,,,,,,,,,,,,,,,,,
1,8.281054159,,,,409,34,FALSE,,5.796737911,MI,Thornapple Kellogg H.S. MI,,,,,,,,,,,,,,,,,,,,,,,,,,,,,,,,,,,,,8.281054159,,,
2,8.280202026,4.061416441,,,410,2,FALSE,,5.796141418,UT,Waterford School UT,,,,4.061416441,,,,,,,,,,,,,,,,,,,,,,,,,,,,,,,,8.280202026,,,,
1,8.275009663,,,,411,66,FALSE,,5.792506764,CA,"Torrey Pines H.S. San Diego, CA",,,,,,,,,,,,,,,,,,,,,,,,,,,,8.275009663,,,,,,,,,,,,
1,8.268997423,,,,412,3,FALSE,,5.788298196,NV,"Advanced Technologies Academy Las Vegas, NV",,,,,,,,,,,,,,,,,,,,,,,,,,,,,,,,,,,,8.268997423,,,,
1,8.225335805,,,,413,67,FALSE,,5.757735064,CA,Turlock H.S. CA,,,,,,,,,,,,,,,,,,,,,,,8.225335805,,,,,,,,,,,,,,,,,
3,8.221660343,5.646780787,2.093908184,,414,16,FALSE,,5.75516224,TX,Austin Area Homeschoolers TX,,2.093908184,8.221660343,,5.646780787,,,,,,,,,,,,,,,,,,,,,,,,,,,,,,,,,,,
1,8.179150387,,,,415,30,FALSE,,5.725405271,MA,Hampden Charter School of Science - East MA,,,,,,,,,,,,,,,,,,,,,,,,,,,,,,,,,,,,,,8.179150387,,
2,8.179150387,4.667262631,,,415,2,FALSE,,5.725405271,VT,St. Johnsbury Academy VT,,,,,,,,,,,,,,,,,,,,,,,,,,,,,,4.667262631,,,,,,,,8.179150387,,
1,8.103529802,,,,417,9,FALSE,,5.672470861,VA,"James W. Robinson Jr. Secondary Fairfax, VA",,,,,,,,,,,,,,,,,8.103529802,,,,,,,,,,,,,,,,,,,,,,,
2,7.727561649,6.703283265,,,418,33,FALSE,,5.661318564,IL,Palatine H.S. IL,,,,,,,6.703283265,,,,,,,,,,,,,,,,,,,,,,,,,,,7.727561649,,,,,,
2,8.080381966,5.865291652,,,419,17,FALSE,,5.656267376,TX,Kingwood H.S. TX,,,,,5.865291652,,,,,8.080381966,,,,,,,,,,,,,,,,,,,,,,,,,,,,,,
2,7.744089196,6.601166394,,,420,31,FALSE,,5.631794671,MA,Old Rochester Regional H.S. MA,,,,,,,,,,,,,,,,,,,,,,,,,,,,,,,6.601166394,,,,,,,7.744089196,,
1,8.039794416,,,,421,35,FALSE,,5.627856091,OH,Cleveland Heights H.S. OH,,,,,,,,,,,,,,,,,,,,,,,,,,,,,8.039794416,,,,,,,,,,,
1,8.031391554,,,,422,10,FALSE,,5.621974088,VA,"Centreville H.S. Centreville, VA",,,,,,,,,,,,,,,,,8.031391554,,,,,,,,,,,,,,,,,,,,,,,
1,8.025538895,,,,423,39,FALSE,,5.617877226,PA,Perkiomen Valley H.S. PA,,,,,,,,,,,,,,,8.025538895,,,,,,,,,,,,,,,,,,,,,,,,,
4,6.535758082,5.480710738,5.008449046,4.898546576,424,18,FALSE,,5.615463516,TX,Hendrickson H.S. TX,,,6.535758082,,5.008449046,,,,,4.898546576,,,,,,,,5.480710738,,,,,,,,,,,,,,,,,,,,,,
1,7.993994413,,,,425,43,FALSE,,5.595796089,NY,Farmingdale H.S. NY,,,,,,,,,,,,,,,,,,,7.993994413,,,,,,,,,,,,,,,,,,,,,
2,7.977531456,5.70699821,,,426,68,FALSE,,5.584272019,CA,"The College Preparatory School Oakland, CA",,,,,,,,,5.70699821,,,,,,,,,,,,,,,,,,,,,,,,,,,7.977531456,,,,
1,7.962542016,,,,427,19,FALSE,,5.573779411,TX,Coppell H.S. TX,,,,,,,,,,,,,,,,,,7.962542016,,,,,,,,,,,,,,,,,,,,,,
2,7.79370915,6.309025606,,,428,44,FALSE,,5.54831877,NY,Tappan Zee H.S. NY,,,,,,,,,,,,,,,,,,,7.79370915,,,,,,,6.309025606,,,,,,,,,,,,,,
1,7.878416466,,,,429,32,FALSE,,5.514891526,MA,Phillips Academy Andover MA,,,,,,,,,,,,,,,,,,,,,,,,,,,,,,7.878416466,,,,,,,,,,
3,7.875508672,5.311914447,3.305402784,,430,4,FALSE,,5.512856071,NC,The Early College at Guilford NC,,5.311914447,,,,,,7.875508672,,,,,,,,,,,,,,,,,,,,,,,,3.305402784,,,,,,,,
2,7.825858003,3.495874769,,,431,6,FALSE,,5.478100602,RI,Cumberland H.S. RI,,,,,,,,,,,,,,,,,,,,,,,,,,,,,,,,,7.825858003,,,3.495874769,,,,
3,7.029447451,6.006109396,4.553557697,,432,11,FALSE,,5.456881086,VA,"Westfield H.S. Chantilly, VA",,,,6.006109396,,,,,7.029447451,,4.553557697,,,,,,,,,,,,,,,,,,,,,,,,,,,,,
1,7.762746245,,,,433,7,FALSE,,5.433922371,RI,East Greenwich H.S. RI,,,,,,,,,,,,,,,,,,,,,,,,,,,,,,,,,7.762746245,,,,,,,
1,7.74201725,,,,434,36,FALSE,,5.419412075,OH,Oak Harbor H.S. OH,,,,,,,,,,,,7.74201725,,,,,,,,,,,,,,,,,,,,,,,,,,,,
1,7.712094397,,,,435,11,FALSE,,5.398466078,CT,Farmington H.S. CT,,,,,,,,,,,,,,,,,,,,,,,,,,,,,,,7.712094397,,,,,,,,,
4,6.635121903,5.730655607,5.208328464,1.959456703,436,69,FALSE,,5.394640696,CA,"Crean Lutheran H.S. Irvine, CA",,,,,,,,1.959456703,5.208328464,,,,,,,,,,,,,,,,,,,6.635121903,,,,,,,,5.730655607,,,,
1,7.674657046,,,,437,12,FALSE,,5.372259932,CT,Oxford H.S. CT,,,,,,,,,,,,,,,,,,,,,,,,,,,,,,,7.674657046,,,,,,,,,
1,7.643830128,,,,438,45,FALSE,,5.35068109,NY,Brentwood H.S. NY,,,,,,,,,,,,,,,,,,,7.643830128,,,,,,,,,,,,,,,,,,,,,
1,7.608180535,,,,439,46,FALSE,,5.325726375,NY,East Rochester H.S. NY,,,,,,7.608180535,,,,,,,,,,,,,,,,,,,,,,,,,,,,,,,,,,
1,7.57921156,,,,440,37,FALSE,,5.305448092,OH,Columbus Academy OH,,,,,,,,,,,,,,,,,,,,,,,,,,,,,7.57921156,,,,,,,,,,,
1,7.572584549,,,,441,7,FALSE,,5.300809184,GA,"Fulton County Innovation Academy Alpharetta, GA",,,,,,,,,7.572584549,,,,,,,,,,,,,,,,,,,,,,,,,,,,,,,
2,7.560962493,4.574077702,,,442,7,FALSE,,5.292673745,IN,Crown Point H.S. IN,,,,4.574077702,,,,,,,,,,,,,,,,,,,,,,,,,,,,,,,,,7.560962493,,,
1,7.497893172,,,,443,70,FALSE,,5.248525221,CA,"South Pasadena H.S. South Pasadena, CA",,,,,,,,,,,,,,,,,,,,,,,,,,,,7.497893172,,,,,,,,,,,,
2,7.461416826,3.678346735,,,444,9,FALSE,,5.222991778,WI,"Sheboygan North H.S. Sheboygan, WI",,,,,,,,,3.678346735,,,,,,,7.461416826,,,,,,,,,,,,,,,,,,,,,,,,
2,7.296266015,5.984970566,,,445,34,FALSE,,5.222299369,IL,James B. Conant H.S. IL,,,,,,,7.296266015,,,,,,,,,,,,,,,,,,,,,,,,,,,5.984970566,,,,,,
1,7.431036598,,,,446,15,FALSE,,5.201725618,NJ,Union County Vocational-Technical Schools NJ,,,,,,,,,,,,,,,,,,,,,,,,,,,,,,,,,,,,7.431036598,,,,
1,7.419498754,,,,447,10,FALSE,,5.193649128,WI,Madison Country Day School WI,,,,,,,,,,,,,,,,7.419498754,,,,,,,,,,,,,,,,,,,,,,,,
1,7.391107308,,,,448,71,FALSE,,5.173775116,CA,"California Academy of Mathematics and Science Carson, CA",,,,,,,,,,,,,,,,,,,,,,,,,,,,7.391107308,,,,,,,,,,,,
1,7.391107308,,,,448,71,FALSE,,5.173775116,CA,"Mark Keppel H.S. Alhambra, CA",,,,,,,,,,,,,,,,,,,,,,,,,,,,7.391107308,,,,,,,,,,,,
1,7.347225631,,,,450,73,FALSE,,5.143057942,CA,Lodi H.S. CA,,,,,,,,,,,,,,,,,,,,,,,7.347225631,,,,,,,,,,,,,,,,,
1,7.341039365,,,,451,47,FALSE,,5.138727555,NY,Deposit Central School NY,,,,,,7.341039365,,,,,,,,,,,,,,,,,,,,,,,,,,,,,,,,,,
2,7.339938715,1.876409855,,,452,6,FALSE,,5.137957101,NH,Alvirne H.S. NH,,,,,,,,1.876409855,,,,,,,,,,,,,,,,,,,,,,,,,7.339938715,,,,,,,
2,7.311088222,3.495874769,,,453,5,FALSE,,5.117761756,WA,Redmond H.S. WA,,,,,,,,,,,,,,7.311088222,,,,,,,,,,,,,,,,,,,,,,3.495874769,,,,
1,7.282654725,,,,454,2,FALSE,,5.097858308,WV,"Parkersburg H.S. Parkersburg, WV",,,,,,,,,,,,,,,,,,,,,,,,7.282654725,,,,,,,,,,,,,,,,
1,7.279443844,,,,455,33,FALSE,,5.095610691,MA,Auburn H.S. MA,,,,,,,,,,,,,,,,,,,,,,,,,,,,,,,,,,,,,,7.279443844,,
2,6.603966496,6.357185457,,,456,20,FALSE,,5.062869645,TX,NYOS Charter School TX,,,6.357185457,,,,,,,6.603966496,,,,,,,,,,,,,,,,,,,,,,,,,,,,,,
2,7.18222849,4.934688368,,,457,74,FALSE,,5.027559943,CA,St. Francis H.S. CA,,,,,,,,,,,,,,,,,,,,,,,7.18222849,,,,,,,,,,,,,4.934688368,,,,
2,7.167616488,5.304504423,,,458,35,FALSE,,5.017331542,IL,Buffalo Grove H.S. IL,,,,,,,7.167616488,,,,,,,,,,,,,,,,,,,,,,,,,,,,,5.304504423,,,,
1,7.163826371,,,,459,21,FALSE,,5.01467846,TX,Theodore Roosevelt H.S. TX,,,,,7.163826371,,,,,,,,,,,,,,,,,,,,,,,,,,,,,,,,,,,
2,6.9403506,5.805733166,,,460,36,FALSE,,5.007847735,IL,Dundee-Crown H.S. IL,,,,,,,6.9403506,,,,,,,,,,,,,,,,,,,,,,,,,,,5.805733166,,,,,,
1,7.153821178,,,,461,38,FALSE,,5.007674824,OH,Orange H.S. OH,,,,,,,,,,,,,,,,,,,,,,,,,,,,,7.153821178,,,,,,,,,,,
1,7.057943533,,,,462,13,FALSE,,4.940560473,CT,Amity H.S. CT,,,,,,,,,,,,,,,,,,,,,,,,,,,,,,,7.057943533,,,,,,,,,
2,7.03335768,2.94249506,,,463,75,FALSE,,4.923350376,CA,"Cerritos H.S. Cerritos, CA",,,,,,,,,,,,,,,,,,,,,,,,,,,,7.03335768,,,,2.94249506,,,,,,,,
3,6.571514572,5.088088695,3.924569677,,464,22,FALSE,,4.859794285,TX,Bridgeland H.S. TX,,,,3.924569677,5.088088695,,,,,6.571514572,,,,,,,,,,,,,,,,,,,,,,,,,,,,,,
1,6.932655003,,,,465,11,FALSE,,4.852858502,WI,The Prairie School WI,,,,,,,,,,,,,,,,6.932655003,,,,,,,,,,,,,,,,,,,,,,,,
1,6.880381705,,,,466,34,FALSE,,4.816267194,MA,Deerfield Academy MA,,,,,,,,,,,,,,,,,,,,,,,,,,,,,,,,,,,,,,6.880381705,,
1,6.842988909,,,,467,76,FALSE,,4.790092236,CA,Tesoro H.S. CA,,,,,,,,,,,,,,,,,,,,,,,,,,,,,,,,,,,,6.842988909,,,,
1,6.830612266,,,,468,2,FALSE,,4.781428586,KS,"Olathe North H.S. Olathe, KS",,,,,,,,,,,,,,,,,,,,,6.830612266,,,,,,,,,,,,,,,,,,,
1,6.785319105,,,,469,14,FALSE,,4.749723373,CT,Glastonbury H.S. CT,,,,,,,,,,,,,,,,,,,,,,,,,,,,,,,6.785319105,,,,,,,,,
1,6.760252808,,,,470,6,FALSE,,4.732176966,WA,Raisbeck Aviation H.S. WA,,,,,,,,,,,,,,6.760252808,,,,,,,,,,,,,,,,,,,,,,,,,,
3,5.590970694,5.091720938,4.769629763,,471,35,FALSE,,4.719500973,MA,"Amherst-Pelham Regional H.S. Amherst, MA",,,,,,,,,4.769629763,,,,,,,,,,,,,,,,,,,,,,5.091720938,,,,,,,5.590970694,,
1,6.71118808,,,,472,37,FALSE,,4.697831656,IL,Harlem H.S. IL,,,,,,,6.71118808,,,,,,,,,,,,,,,,,,,,,,,,,,,,,,,,,
1,6.709780409,,,,473,40,FALSE,,4.696846286,PA,Kutztown H.S. PA,,,,,,,,,,,,,,,,,,,,,,,,,,6.709780409,,,,,,,,,,,,,,
1,6.682693568,,,,474,39,FALSE,,4.677885498,OH,Athens Area H.S. OH,,,,,,,,,,,,,,,,,,,,,,,,,,,,,6.682693568,,,,,,,,,,,
1,6.682693568,,,,474,39,FALSE,,4.677885498,OH,Northville H.S. OH,,,,,,,,,,,,,,,,,,,,,,,,,,,,,6.682693568,,,,,,,,,,,
3,5.607141364,5.136269044,4.471829505,,476,23,FALSE,,4.665052226,TX,Bellville H.S. TX,,,5.136269044,,4.471829505,,,,,5.607141364,,,,,,,,,,,,,,,,,,,,,,,,,,,,,,
1,6.651593031,,,,477,7,FALSE,,4.656115122,NH,Merrimack H.S. NH,,,,,,,,,,,,,,,,,,,,,,,,,,,,,,,,,6.651593031,,,,,,,
1,6.649440657,,,,478,41,FALSE,,4.65460846,PA,East Stroudsburg South H.S. PA,,,,,,,,,,,,,,,,,,,,,,,,,,6.649440657,,,,,,,,,,,,,,
1,6.622694314,,,,479,8,FALSE,,4.63588602,GA,Rockdale Magnet School for Science and Tech GA,,,,,,,,,,,6.622694314,,,,,,,,,,,,,,,,,,,,,,,,,,,,,
1,6.615794762,,,,480,41,FALSE,,4.631056334,OH,Lakota East H.S. OH,,,,,,,,,,,,,,,,,,,,,,,,,,,,,,,,,,,,6.615794762,,,,
1,6.609829419,,,,481,77,FALSE,,4.626880593,CA,Chaparral H.S. CA,,,,,,,,,,,,,6.609829419,,,,,,,,,,,,,,,,,,,,,,,,,,,
1,6.577813881,,,,482,78,FALSE,,4.604469717,CA,Sage Hill School CA,,,,,,,,,,,,,,,,,,,,,,,,,,,,,,,,,,,,6.577813881,,,,
1,6.573016265,,,,483,42,FALSE,,4.601111386,PA,"Delaware Valley H.S. Milford, PA",,,,,,,,,,,,,,,,,,,,,,6.573016265,,,,,,,,,,,,,,,,,,
1,6.545458094,,,,484,79,FALSE,,4.581820666,CA,"Quartz Hill H.S. Lancaster, CA",,,,,,,,,,,,,,,,,,,,,,,,,,,,6.545458094,,,,,,,,,,,,
2,5.960642575,5.700362962,,,485,3,FALSE,,4.556251247,MN,"Woodbury H.S. Woodbury, MN",,,,,,,,,5.960642575,,,,,,,,,,,,,,,,,,,,,,,,,,,5.700362962,,,,
2,6.477868299,3.183861,,,486,7,FALSE,,4.534507809,WA,Seton Catholic H.S. WA,,,,,,,,,,,,,,3.183861,,,,,,,,,,,,,,,,,,,,,,6.477868299,,,,
1,6.351660147,,,,487,38,FALSE,,4.446162103,IL,Prairie Ridge H.S. IL,,,,,,,6.351660147,,,,,,,,,,,,,,,,,,,,,,,,,,,,,,,,,
1,6.345378589,,,,488,80,FALSE,,4.441765012,CA,"The Palmdale Aerospace Academy Palmdale, CA",,,,,,,,,,,,,,,,,,,,,,,,,,,,6.345378589,,,,,,,,,,,,
1,6.301659084,,,,489,24,FALSE,,4.411161359,TX,Cypress Woods H.S. TX,,,,,6.301659084,,,,,,,,,,,,,,,,,,,,,,,,,,,,,,,,,,,
3,6.276292367,4.051325965,3.183373468,,490,81,FALSE,,4.393404657,CA,"Irvine H.S. Irvine, CA",,,,4.051325965,,,,,6.276292367,,,,,,,,,,,,,,,,,,,,,,,3.183373468,,,,,,,,
1,6.263326279,,,,491,82,FALSE,,4.384328395,CA,"Francisco Bravo Medical Magnet H.S. Los Angeles, CA",,,,,,,,,,,,,,,,,,,,,,,,,,,,6.263326279,,,,,,,,,,,,
1,6.252070027,,,,492,25,FALSE,,4.376449019,TX,Belleville H.S. TX,,,,,,,,,,,,,,,,,,6.252070027,,,,,,,,,,,,,,,,,,,,,,
1,6.251071426,,,,493,4,FALSE,,4.375749998,ME,Belfast Area H.S. ME,,,,,,,,,,,,,,,,,,,,,,,,,,,,,,6.251071426,,,,,,,,,,
1,6.177141423,,,,494,42,FALSE,,4.323998996,OH,West Liberty-Salem H.S. OH,,,,,,,,,,,,6.177141423,,,,,,,,,,,,,,,,,,,,,,,,,,,,
1,6.167085852,,,,495,39,FALSE,,4.316960097,IL,Willowbrook H.S. IL,,,,,,,,,,,,,,,,,,,,,,,,,,,,,,,,,,6.167085852,,,,,,
1,6.151562405,,,,496,43,FALSE,,4.306093683,PA,Wallenpaupack Area H.S. PA,,,,,,,,,,,,,,,,,,,,,,,,,,6.151562405,,,,,,,,,,,,,,
1,6.123481796,,,,497,12,FALSE,,4.286437257,VA,"George C. Marshall H.S. Falls Church, VA",,,,,,,,,,,,,,,,,6.123481796,,,,,,,,,,,,,,,,,,,,,,,
1,6.103412457,,,,498,9,FALSE,,4.27238872,GA,"Gwinnett School of Mathematics, Science, and Technology Lawrenceville, GA",,,,,,,,,6.103412457,,,,,,,,,,,,,,,,,,,,,,,,,,,,,,,
1,6.090074169,,,,499,83,FALSE,,4.263051918,CA,"Larchmont Charter School Los Angeles, CA",,,,,,,,,,,,,,,,,,,,,,,,,,,,6.090074169,,,,,,,,,,,,
1,6.076356409,,,,500,2,FALSE,,4.253449486,LA,Kenner Discovery Health Sciences Academy LA,,,,,,,,,,,,,,,,,,,,,,,,,,,,,,,,,,,,6.076356409,,,,
1,6.058122836,,,,501,12,FALSE,,4.240685985,WI,Pewaukee H.S. WI,,,,,,,,,,,,,,,,6.058122836,,,,,,,,,,,,,,,,,,,,,,,,
1,6.052283686,,,,502,7,FALSE,,4.236598581,MD,Mt. Hebron H.S. MD,,,,,,,,,,,,,,,,,,,,,,,,,,,,,,,,,,,,6.052283686,,,,
1,6.043495479,,,,503,48,FALSE,,4.230446835,NY,"John Jay H.S. Hopewell Junction, NY",,6.043495479,,,,,,,,,,,,,,,,,,,,,,,,,,,,,,,,,,,,,,
2,6.040995107,3.348854326,,,504,44,FALSE,,4.228696575,PA,Perkiomen School PA,,,,,,,,,,,3.348854326,,,,,,,,,,,,,,,6.040995107,,,,,,,,,,,,,,
2,5.975885874,4.22232759,,,505,13,FALSE,,4.183120112,WI,"Evansville H.S. Evansville, WI",,,,,,,,,4.22232759,,,,,,,5.975885874,,,,,,,,,,,,,,,,,,,,,,,,
1,5.954000418,,,,506,16,FALSE,,4.167800292,NJ,Academy for Health and Medical Sciences NJ,,,,,,,,,,,,,,,,,,,,,,,,,,,,,,,,,,,,5.954000418,,,,
3,4.627346766,4.59828039,4.528078933,,507,26,FALSE,,4.165955823,TX,Langham Creek H.S. TX,,,4.59828039,,4.528078933,,,,,4.627346766,,,,,,,,,,,,,,,,,,,,,,,,,,,,,,
3,5.948525173,3.495874769,2.853842864,,508,13,FALSE,,4.163967621,VA,"BASIS Independent McLean McLean, VA",,,,,,,,2.853842864,,,,,,,,,5.948525173,,,,,,,,,,,,,,,,,,,3.495874769,,,,
2,5.945547041,2.355393908,,,509,84,FALSE,,4.161882929,CA,"Edgewood H.S. West Covina, CA",,,,,,,,,,,,,,,,,,,,,,,,,,,,5.945547041,,,,2.355393908,,,,,,,,
1,5.854574182,,,,510,45,FALSE,,4.098201927,PA,Central Bucks H.S. South PA,,,,,,,,,,,5.854574182,,,,,,,,,,,,,,,,,,,,,,,,,,,,,
1,5.807720611,,,,511,85,FALSE,,4.065404427,CA,"Santa Monica H.S. Santa Monica, CA",,,,,,,,,,,,,,,,,,,,,,,,,,,,5.807720611,,,,,,,,,,,,
2,5.779740823,3.661170547,,,512,14,FALSE,,4.045818576,WI,"Kohler H.S. Kohler, WI",,,,,,,,,3.661170547,,,,,,,5.779740823,,,,,,,,,,,,,,,,,,,,,,,,
1,5.731996977,,,,513,43,FALSE,,4.012397884,OH,"Maumee Valley Country Day School Toledo, OH",,,,,,,,,,,,5.731996977,,,,,,,,,,,,,,,,,,,,,,,,,,,,
3,5.164047123,3.996712502,3.769748585,,514,86,FALSE,,3.988165153,CA,"Cupertino H.S. Cupertino, CA",,,,3.996712502,,,,,,,3.769748585,,,,,,,,,,,,,,,,,,,,,,,,,5.164047123,,,,
2,5.264973289,4.914433791,,,515,27,FALSE,,3.981361295,TX,Tomball H.S. TX,,,,,4.914433791,,,,,5.264973289,,,,,,,,,,,,,,,,,,,,,,,,,,,,,,
2,5.170510838,5.008626275,,,516,28,FALSE,,3.975124722,TX,John B. Connally H.S. TX,,,5.170510838,,,,,,,5.008626275,,,,,,,,,,,,,,,,,,,,,,,,,,,,,,
2,5.552681284,4.546198892,,,517,40,FALSE,,3.971273947,IL,Fox Homeschoolers IL,,,,,,,,,,,,,,,,4.546198892,,,,,,,,,,,,,,,,,,5.552681284,,,,,,
2,5.670388891,3.106016573,,,518,35,FALSE,,3.969272224,MI,Laker H.S. MI,,,,3.106016573,,,,,,,,,,,,,,,,,,,,,,,,,,,,,,,,5.670388891,,,,
3,5.53349555,4.051764901,3.065288517,,519,2,FALSE,,3.96254245,DC,"National Cathedral School Washington, DC",,,,,,,,,5.53349555,,,,,,,,4.051764901,,,,,,,,,,,,,,,3.065288517,,,,,,,,
1,5.645266887,,,,520,87,FALSE,,3.951686821,CA,"Sage Creek H.S. Carlsbad, CA",,,,,,,,,,,,,,,,,,,,,,,,,,,,5.645266887,,,,,,,,,,,,
1,5.628482413,,,,521,46,FALSE,,3.939937689,PA,"Pittsburgh Science and Technology Academy Pittsburgh, PA",,,,,,,,,,,,,,,,,,,,,,,,5.628482413,,,,,,,,,,,,,,,,
1,5.590970694,,,,522,36,FALSE,,3.913679486,MA,Lynn Classical H.S. MA,,,,,,,,,,,,,,,,,,,,,,,,,,,,,,,,,,,,,,5.590970694,,
1,5.562844134,,,,523,47,FALSE,,3.893990894,PA,"Trinity Christian School Pittsburgh, PA",,,,,,,,,,,,,,,,,,,,,,,,5.562844134,,,,,,,,,,,,,,,,
1,5.536501251,,,,524,4,FALSE,,3.875550876,MN,"Delano H.S. Delano, MN",,,,,,,,,5.536501251,,,,,,,,,,,,,,,,,,,,,,,,,,,,,,,
1,5.492021356,,,,525,8,FALSE,,3.844414949,WA,Inglemoor H.S. WA,,,,,,,,,,,,,,,,,,,,,,,,,,,,,,,,,,,,5.492021356,,,,
1,5.402353201,,,,526,14,FALSE,,3.781647241,VA,"Chantilly H.S. Chantilly, VA",,,,,,,,,,,,,,,,,5.402353201,,,,,,,,,,,,,,,,,,,,,,,
1,5.386641742,,,,527,49,FALSE,,3.77064922,NY,Sacred Heart Greenwich NY,,,,,,,,,,,,,,,,,,,,,,,,,,,,,,,5.386641742,,,,,,,,,
1,5.320767388,,,,528,41,FALSE,,3.724537172,IL,Elgin H.S. IL,,,,,,,,,,,,,,,,,,,,,,,,,,,,,,,,,,5.320767388,,,,,,
1,5.318773357,,,,529,42,FALSE,,3.72314135,IL,Niles North H.S. IL,,,,,,,5.318773357,,,,,,,,,,,,,,,,,,,,,,,,,,,,,,,,,
1,5.317443917,,,,530,15,FALSE,,3.722210742,VA,"Stone Bridge H.S. Ashburn, VA",,,,,,,,,,,,,,,,,5.317443917,,,,,,,,,,,,,,,,,,,,,,,
1,5.302969999,,,,531,8,FALSE,,3.712078999,MD,Pilgrimage Homeschool MD,,,,,,,,,,,,,,,,,,,,,,,,,,,,,,,,,,,,5.302969999,,,,
1,5.294034876,,,,532,43,FALSE,,3.705824413,IL,Durand H.S. IL,,,,,,,5.294034876,,,,,,,,,,,,,,,,,,,,,,,,,,,,,,,,,
2,5.291666776,3.727897877,,,533,88,FALSE,,3.704166743,CA,"Beverly Hills H.S. Beverly Hills, CA",,,,,,,,,,,,,,,,,,,,,,,,,,,,5.291666776,,,,3.727897877,,,,,,,,
1,5.278058342,,,,534,2,FALSE,,3.69464084,OR,St Mary's Academy OR,,,,,,,,,,,,,,5.278058342,,,,,,,,,,,,,,,,,,,,,,,,,,
3,5.254332842,4.003416655,1.927492554,,535,89,FALSE,,3.678032989,CA,"La Caada H.S. La Caada Flintridge, CA",,,,1.927492554,,,,,4.003416655,,,,,,,,,,,,,,,,,,,,,,,,,,,5.254332842,,,,
1,5.197704642,,,,536,5,FALSE,,3.63839325,MN,"Lakeville North H.S. Lakeville, MN",,,,,,,,,5.197704642,,,,,,,,,,,,,,,,,,,,,,,,,,,,,,,
2,5.190364464,2.637289455,,,537,90,FALSE,,3.633255125,CA,Pacifica Christian H.S. CA,,,,,,,,,,,,,,,,,,,,,,,,,,,,,,,,2.637289455,,,,5.190364464,,,,
3,4.193702073,4.131703242,3.400895558,,538,3,FALSE,,3.590810373,KS,"Manhattan H.S. Manhattan, KS",,,,,,,,,,,4.193702073,,,,,,,,,,3.400895558,,,,,,,,,,,,,,,4.131703242,,,,
1,5.126096503,,,,539,16,FALSE,,3.588267552,VA,"Stafford H.S. Fredericksburg, VA",,,,,,,,,,,,,,,,,5.126096503,,,,,,,,,,,,,,,,,,,,,,,
1,5.11917689,,,,540,44,FALSE,,3.583423823,IL,Benet Academy IL,,,,,,,,,,,,,,,,,,,,,,,,,,,,,,,,,,5.11917689,,,,,,
1,5.113970231,,,,541,29,FALSE,,3.579779162,TX,Lake Travis H.S. TX,,,,,,,,,,5.113970231,,,,,,,,,,,,,,,,,,,,,,,,,,,,,,
1,5.101343338,,,,542,4,FALSE,,3.570940336,KS,"St. James Academy Lenexa, KS",,,,,,,,,,,,,,,,,,,,,5.101343338,,,,,,,,,,,,,,,,,,,
2,5.09448844,3.839810935,,,543,30,FALSE,,3.566141908,TX,Summer Creek H.S. TX,,,,,3.839810935,,,,,5.09448844,,,,,,,,,,,,,,,,,,,,,,,,,,,,,,
1,5.091720938,,,,544,15,FALSE,,3.564204657,CT,Avon H.S. CT,,,,,,,,,,,,,,,,,,,,,,,,,,,,,,,5.091720938,,,,,,,,,
1,5.091720938,,,,544,9,FALSE,,3.564204657,MD,Wheaton H.S. MD,,,,,,,,,,,,,,,,,,,,,,,,,,,,,,,5.091720938,,,,,,,,,
1,5.084204759,,,,546,2,FALSE,,3.558943332,MS,Enrichments LLC MS,,,,,,,,,,,,,,,,,,,,,,,,,,,,,,5.084204759,,,,,,,,,,
1,5.051630556,,,,547,91,FALSE,,3.536141389,CA,Wilcox H.S. CA,,,,,,,,,,,,,,,,,,,,,,,,,,,,,,,,,,,,5.051630556,,,,
1,5.036364639,,,,548,9,FALSE,,3.525455247,FL,Navarre H.S. FL,,,,,,,,,,,,,,,,,,,,,,,,,,,,,,,,,,,,5.036364639,,,,
2,4.576874182,4.275796136,,,549,17,FALSE,,3.46232646,VA,"Potomac Falls H.S. Potomac Falls, VA",,,,,,,,,4.576874182,,,,,,,,4.275796136,,,,,,,,,,,,,,,,,,,,,,,
1,4.935773427,,,,550,92,FALSE,,3.455041399,CA,"Polytechnic School Pasadena, CA",,,,,,,,,,,,,,,,,,,,,,,,,,,,4.935773427,,,,,,,,,,,,
1,4.92561037,,,,551,31,FALSE,,3.447927259,TX,Tomball Memorial H.S. TX,,,,,,,,,,4.92561037,,,,,,,,,,,,,,,,,,,,,,,,,,,,,,
1,4.919090649,,,,552,32,FALSE,,3.443363455,TX,Leander H.S. TX,,,4.919090649,,,,,,,,,,,,,,,,,,,,,,,,,,,,,,,,,,,,,
1,4.90414944,,,,553,44,FALSE,,3.432904608,OH,Mars Hill Academy OH,,,,,,,,,,,,4.90414944,,,,,,,,,,,,,,,,,,,,,,,,,,,,
1,4.882121781,,,,554,3,FALSE,,3.417485246,VT,Saint Johnsbury Academy VT,,,,,,,,,,,,,,,,,,,,,,,,,,,,,,,,,,,,4.882121781,,,,
1,4.860886447,,,,555,93,FALSE,,3.402620513,CA,Fremont H.S. CA,,,,,,,,,,,,,,,,,,,,,,,,,,,,,,,,4.860886447,,,,,,,,
1,4.825544449,,,,556,45,FALSE,,3.377881115,IL,St. Charles East H.S. IL,,,,,,,,,,,,,,,,,,,,,,,,,,,,,,,,,,4.825544449,,,,,,
1,4.799572736,,,,557,46,FALSE,,3.359700915,IL,Grayslake North H.S. IL,,,,,,,,,,,,,,,,,,,,,,,,,,,,,,,,,,4.799572736,,,,,,
1,4.770327163,,,,558,94,FALSE,,3.339229014,CA,Silvercreek H.S. CA,,,,,,,,,,,,,,,,,,,,,,,,,,,,,,,,,,,,4.770327163,,,,
2,4.333613238,4.210704183,,,559,95,FALSE,,3.336278338,CA,West H.S. CA,,,,,,,,4.333613238,,,,,,,,,,,,,,,,,,,,,,,,4.210704183,,,,,,,,
1,4.740510654,,,,560,50,FALSE,,3.318357457,NY,"John F. Kennedy H.S. Bellmore, NY",,,,,,,,,,,,,,,,,,,,,,,,4.740510654,,,,,,,,,,,,,,,,
1,4.740510654,,,,560,48,FALSE,,3.318357457,PA,"B. Reed Henderson H.S. West Chester, PA",,,,,,,,,,,,,,,,,,,,,,,,4.740510654,,,,,,,,,,,,,,,,
1,4.740510654,,,,560,48,FALSE,,3.318357457,PA,"Milliones School Pittsburgh, PA",,,,,,,,,,,,,,,,,,,,,,,,4.740510654,,,,,,,,,,,,,,,,
1,4.740510654,,,,560,48,FALSE,,3.318357457,PA,"Brashear H.S. Pittsburgh, PA",,,,,,,,,,,,,,,,,,,,,,,,4.740510654,,,,,,,,,,,,,,,,
1,4.71632809,,,,564,17,FALSE,,3.301429663,NJ,Manalapan H.S. NJ,,,,,,,,,,,,,,,,,,,,,,,,,,,,,,,,,,,,4.71632809,,,,
1,4.692185126,,,,565,96,FALSE,,3.284529588,CA,Tracy H.S. CA,,,,,,,,,,,,,,,,,,,,,,,,,,,,,,,,,,,,4.692185126,,,,
1,4.685790881,,,,566,51,FALSE,,3.280053617,PA,Scranton Preparatory School PA,,,,,,,,,,,,,,,,,,,,,,,,,,4.685790881,,,,,,,,,,,,,,
1,4.667262631,,,,567,6,FALSE,,3.267083842,MN,"John F. Kennedy H.S. Bloomington, MN",,,,,,,,,,,,,,,,,,,,,,,,,,,,,,4.667262631,,,,,,,,,,
1,4.666515438,,,,568,18,FALSE,,3.266560806,VA,"Meridian H.S. Falls Church, VA",,,,,,,,,,,,,,,,,4.666515438,,,,,,,,,,,,,,,,,,,,,,,
1,4.658454663,,,,569,10,FALSE,,3.260918264,GA,"Alpharetta H.S. Alpharetta, GA",,,,,,,,,4.658454663,,,,,,,,,,,,,,,,,,,,,,,,,,,,,,,
1,4.650479302,,,,570,19,FALSE,,3.255335511,VA,"Independence H.S. Ashburn, VA",,,,,,,,,,,,,,,,,4.650479302,,,,,,,,,,,,,,,,,,,,,,,
1,4.609671128,,,,571,15,FALSE,,3.22676979,WI,Horicon H.S. WI,,,,,,,,,,,,,,,,4.609671128,,,,,,,,,,,,,,,,,,,,,,,,
1,4.589238543,,,,572,7,FALSE,,3.21246698,MN,"John Marshall H.S. Rochester, MN",,,,,,,,,4.589238543,,,,,,,,,,,,,,,,,,,,,,,,,,,,,,,
1,4.585761467,,,,573,33,FALSE,,3.210033027,TX,Cy-Fair H.S. TX,,,,,4.585761467,,,,,,,,,,,,,,,,,,,,,,,,,,,,,,,,,,,
1,4.578743304,,,,574,10,FALSE,,3.205120312,MD,"Franklin H.S. Reisterstown, MD",,,,,,,,,,,4.578743304,,,,,,,,,,,,,,,,,,,,,,,,,,,,,
1,4.572767521,,,,575,2,FALSE,,3.200937264,ND,"Legacy H.S. Bismarck, ND",,,,,,,,,4.572767521,,,,,,,,,,,,,,,,,,,,,,,,,,,,,,,
1,4.537792762,,,,576,34,FALSE,,3.176454933,TX,Jack E. Singley H.S. TX,,,,,,,,,,,,,,,,,,4.537792762,,,,,,,,,,,,,,,,,,,,,,
1,4.481090983,,,,577,11,FALSE,,3.136763688,MD,"Oakland Mills H.S. Columbia, MD",,,,,,,,,,,,,,,,,4.481090983,,,,,,,,,,,,,,,,,,,,,,,
2,4.153115576,3.824512883,,,578,35,FALSE,,3.121954687,TX,Cypress Springs H.S. TX,,,,,3.824512883,,,,,4.153115576,,,,,,,,,,,,,,,,,,,,,,,,,,,,,,
2,4.450735426,2.968924656,,,579,3,FALSE,,3.115514798,UT,Wasatch H.S. UT,,,,,,,,,,,4.450735426,,,,,,,,,,,,,,,,,,,,,2.968924656,,,,,,,,
1,4.427757951,,,,580,51,FALSE,,3.099430566,NY,"Miller Place H.S. Miller Place, NY",,,,,,,,,4.427757951,,,,,,,,,,,,,,,,,,,,,,,,,,,,,,,
2,4.153503995,3.638975542,,,581,47,FALSE,,3.055789194,IL,"Plainfield North H.S. Plainfield, IL",,,,,,,,,4.153503995,,,,,,,,,,,,,,,,,,,,,,,3.638975542,,,,,,,,
1,4.32367153,,,,582,97,FALSE,,3.026570071,CA,Valley Christian H.S. CA,,,,,,,,,,,,,,,,,,,,,,,,,,,,,,,,,,,,4.32367153,,,,
1,4.310455511,,,,583,9,FALSE,,3.017318857,WA,Lakeside School WA,,,,,,,,,,,,,,,,,,,,,,,,,,,,,,,,,,,,4.310455511,,,,
2,3.969763379,3.682683122,,,584,36,FALSE,,2.993784244,TX,Fulshear H.S. TX,,,,,3.682683122,,,,,,,,,,,,,,,,,,,,,,,,,,,,,,,3.969763379,,,,
1,4.210119291,,,,585,8,FALSE,,2.947083504,MN,"Minnetonka H.S. Minnetonka, MN",,,,,,,,,4.210119291,,,,,,,,,,,,,,,,,,,,,,,,,,,,,,,
1,4.182607184,,,,586,3,FALSE,,2.927825029,OR,Westview H.S. OR,,,,,,,,,,,,,,,,,,,,,,,,,,,,,,,,,,,,4.182607184,,,,
1,4.180993885,,,,587,52,FALSE,,2.92669572,NY,Loyola School NY,,,,,,,,,,,4.180993885,,,,,,,,,,,,,,,,,,,,,,,,,,,,,
2,3.912744262,3.548767575,,,588,10,FALSE,,2.921818859,FL,"Maclay School Tallahassee, FL",,,,3.548767575,,,,,3.912744262,,,,,,,,,,,,,,,,,,,,,,,,,,,,,,,
1,4.056364928,,,,589,11,FALSE,,2.839455449,FL,Lawton Chiles H.S. FL,,,,4.056364928,,,,,,,,,,,,,,,,,,,,,,,,,,,,,,,,,,,,
1,4.049865376,,,,590,98,FALSE,,2.834905763,CA,"Agoura H.S. Agoura Hills, CA",,,,,,,,,,,,,,,,,,,,,,,,,,,,4.049865376,,,,,,,,,,,,
1,4.045987042,,,,591,12,FALSE,,2.832190929,FL,Chaminade-Madonna College Preparatory FL,,,,,,,,,,,,,,,,,,,,,,,,,,,,,,,,,,,,4.045987042,,,,
1,4.044201916,,,,592,12,FALSE,,2.830941341,MD,Crofton H.S. MD,,,,,,,,,,,,,,,,,,,,,,,,,,,,,,,,,,,,4.044201916,,,,
1,3.991498502,,,,593,52,FALSE,,2.794048951,PA,Norwin H.S. PA,,,,,,,,,,,3.991498502,,,,,,,,,,,,,,,,,,,,,,,,,,,,,
1,3.978378317,,,,594,99,FALSE,,2.784864822,CA,Bishop O'Dowd H.S. CA,,,,,,,,,,,,,,,,,,,,,,,,,,,,,,,,,,,,3.978378317,,,,
1,3.917255497,,,,595,5,FALSE,,2.742078848,NC,"Cornerstone Charter Academy Greensboro, NC",,,,,,,,,3.917255497,,,,,,,,,,,,,,,,,,,,,,,,,,,,,,,
1,3.910487902,,,,596,16,FALSE,,2.737341532,CT,Cheshire Academy CT,,,,,,,,,,,,,,,,,,,,,,,,,,,,,,,,,,,,3.910487902,,,,
1,3.897536673,,,,597,53,FALSE,,2.728275671,PA,Downingtown H.S. PA,,,,,,,,,,,3.897536673,,,,,,,,,,,,,,,,,,,,,,,,,,,,,
1,3.893168021,,,,598,37,FALSE,,2.725217615,TX,Spring Early College Academy TX,,,,,,,,,,3.893168021,,,,,,,,,,,,,,,,,,,,,,,,,,,,,,
1,3.886446319,,,,599,8,FALSE,,2.720512423,IN,South Vermillion H.S. IN,,,,,,,,,,,,,,,,,,,,,,,,,,,,,,,,,,,,3.886446319,,,,
2,3.515037602,3.376169614,,,600,20,FALSE,,2.692084024,VA,"Flint Hill School Oakton, VA",,,,,,,,,,,3.376169614,,,,,,3.515037602,,,,,,,,,,,,,,,,,,,,,,,
1,3.822428542,,,,601,100,FALSE,,2.675699979,CA,Los Altos H.S. CA,,,,,,,,,,,,,,,,,,,,,,,,,,,,,,,,,,,,3.822428542,,,,
1,3.775447139,,,,602,48,FALSE,,2.642812997,IL,Maine West H.S. IL,,,,,,,,,,,,,,,,,,,,,,,,,,,,,,,,,,3.775447139,,,,,,
1,3.7346436,,,,603,38,FALSE,,2.61425052,TX,PCA TX,,,,,,,,,,,,,,,,,,3.7346436,,,,,,,,,,,,,,,,,,,,,,
1,3.704983881,,,,604,39,FALSE,,2.593488717,TX,North Austin Science Alliance TX,,,3.704983881,,,,,,,,,,,,,,,,,,,,,,,,,,,,,,,,,,,,,
1,3.689427486,,,,605,9,FALSE,,2.58259924,IN,Bloomington H.S. North IN,,,,,,,,3.689427486,,,,,,,,,,,,,,,,,,,,,,,,,,,,,,,,
1,3.673044614,,,,606,3,FALSE,,2.57113123,TN,STEAM HEAT Homeschooling Group TN,,,,,,,,,3.673044614,,,,,,,,,,,,,,,,,,,,,,,,,,,,,,,
1,3.666473457,,,,607,101,FALSE,,2.56653142,CA,The Preuss School CA,,,,,,,,,,,,,,,,,,,,,,,,,,,,,,,,,,,,3.666473457,,,,
1,3.662486095,,,,608,16,FALSE,,2.563740267,WI,"Platteville H.S. Platteville, WI",,,,,,,,,3.662486095,,,,,,,,,,,,,,,,,,,,,,,,,,,,,,,
1,3.633049403,,,,609,11,FALSE,,2.543134582,GA,South Cobb H.S. GA,,,,,,,,,,,,,,,,,,,,,,,,,,,,,,,,,,,,3.633049403,,,,
1,3.606758246,,,,610,17,FALSE,,2.524730772,WI,"West Bend H.S. West Bend, WI",,,,,,,,,3.606758246,,,,,,,,,,,,,,,,,,,,,,,,,,,,,,,
1,3.59176475,,,,611,2,FALSE,,2.514235325,NE,Hemingford H.S. NE,,,,,,,,,,,,,,,,,,,,,,,,,,,,,,,,,,,,3.59176475,,,,
1,3.575131113,,,,612,18,FALSE,,2.502591779,WI,"Westfield Area H.S. Westfield, WI",,,,,,,,,3.575131113,,,,,,,,,,,,,,,,,,,,,,,,,,,,,,,
1,3.563139169,,,,613,40,FALSE,,2.494197418,TX,International Leadership of Texas - Garland H.S. TX,,,3.563139169,,,,,,,,,,,,,,,,,,,,,,,,,,,,,,,,,,,,,
2,3.556657488,1.798043219,,,614,41,FALSE,,2.489660241,TX,Churchill Fulshear J.H.S. TX,,,,,,,,,,3.556657488,,,,,,,,,,,,,,,,,,,,,,1.798043219,,,,,,,,
1,3.537220609,,,,615,13,FALSE,,2.476054427,FL,Tampa Preparatory School FL,,,,3.537220609,,,,,,,,,,,,,,,,,,,,,,,,,,,,,,,,,,,,
1,3.534742909,,,,616,53,FALSE,,2.474320036,NY,Union Endicott H.S. NY,,,,,,,,,,,3.534742909,,,,,,,,,,,,,,,,,,,,,,,,,,,,,
1,3.526811713,,,,617,102,FALSE,,2.468768199,CA,Quarry Lane School CA,,,,,,,,,,,,,,,,,,,,,,,,,,,,,,,,,,,,3.526811713,,,,
1,3.463370304,,,,618,12,FALSE,,2.424359212,GA,"Wesleyan School Peachtree Corners, GA",,,,,,,,,3.463370304,,,,,,,,,,,,,,,,,,,,,,,,,,,,,,,
1,3.420813179,,,,619,54,FALSE,,2.394569225,NY,Franklin H.S. NY,,,,,,,,,,,3.420813179,,,,,,,,,,,,,,,,,,,,,,,,,,,,,
1,3.411487794,,,,620,42,FALSE,,2.388041456,TX,Lawrence E. Elkins H.S. TX,,,,,,,,,,3.411487794,,,,,,,,,,,,,,,,,,,,,,,,,,,,,,
1,3.39555697,,,,621,45,FALSE,,2.376889879,OH,Shaker Heights H.S. OH,,,,,,,,,,,3.39555697,,,,,,,,,,,,,,,,,,,,,,,,,,,,,
1,3.373418049,,,,622,18,FALSE,,2.361392634,NJ,Ranney School NJ,,,,,,,,,,,3.373418049,,,,,,,,,,,,,,,,,,,,,,,,,,,,,
1,3.333179278,,,,623,13,FALSE,,2.333225495,MD,Worcester Technical H.S. MD,,,,,,,,,,,,,,,,,,,,,,,,,,,,,,,,3.333179278,,,,,,,,
1,3.282777162,,,,624,14,FALSE,,2.297944013,FL,Olympia H.S. FL,,,,,,,,3.282777162,,,,,,,,,,,,,,,,,,,,,,,,,,,,,,,,
1,3.263207479,,,,625,5,FALSE,,2.284245235,KS,"Eudora H.S. Eudora, KS",,,,,,,,,,,,,,,,,,,,,3.263207479,,,,,,,,,,,,,,,,,,,
1,3.233737458,,,,626,55,FALSE,,2.263616221,NY,"Notre Dame H.S. Elmira, NY",,,,,,,,,,,3.233737458,,,,,,,,,,,,,,,,,,,,,,,,,,,,,
1,3.224048989,,,,627,6,FALSE,,2.256834293,KS,"Mill Valley H.S. Mill Valley, KS",,,,,,,,,,,,,,,,,,,,,3.224048989,,,,,,,,,,,,,,,,,,,
1,3.183987651,,,,628,103,FALSE,,2.228791356,CA,East Bay Innovation Academy CA,,,,,,,,,,,3.183987651,,,,,,,,,,,,,,,,,,,,,,,,,,,,,
1,3.183797303,,,,629,2,FALSE,,2.228658112,HI,Pearl City H.S. HI,,3.183797303,,,,,,,,,,,,,,,,,,,,,,,,,,,,,,,,,,,,,,
1,3.175576827,,,,630,2,FALSE,,2.222903779,NM,Socorro H.S. NM,,,,3.175576827,,,,,,,,,,,,,,,,,,,,,,,,,,,,,,,,,,,,
1,3.128141436,,,,631,36,FALSE,,2.189699005,MI,Calumet H.S. MI,,,,,,,,,,,,,,,,,,,,,,,,,,,,,,,,3.128141436,,,,,,,,
1,3.068031422,,,,632,104,FALSE,,2.147621996,CA,Fountain Valley H.S. CA,,,,3.068031422,,,,,,,,,,,,,,,,,,,,,,,,,,,,,,,,,,,,
1,2.994847908,,,,633,3,FALSE,,2.096393535,HI,Mililani H.S. HI,,2.994847908,,,,,,,,,,,,,,,,,,,,,,,,,,,,,,,,,,,,,,
1,2.977840346,,,,634,49,FALSE,,2.084488242,IL,Rockford Auburn H.S. IL,,,,,,,,,,,,,,,,,,,,,,,,,,,,,,,,2.977840346,,,,,,,,
1,2.970234428,,,,635,3,FALSE,,2.0791641,MO,Clayton H.S. MO,,,,2.970234428,,,,,,,,,,,,,,,,,,,,,,,,,,,,,,,,,,,,
1,2.955650775,,,,636,3,FALSE,,2.068955543,ND,"Red River H.S. Grand Forks, ND",,,,,,,,,,,,,,,,,,,,,,,,,,,,,,,,2.955650775,,,,,,,,
1,2.93283939,,,,637,2,FALSE,,2.052987573,AR,Haas Hall Bentonville AR,,,,2.93283939,,,,,,,,,,,,,,,,,,,,,,,,,,,,,,,,,,,,
1,2.904690489,,,,638,54,FALSE,,2.033283342,PA,Strath Haven H.S. PA,,,,,,,,,,,2.904690489,,,,,,,,,,,,,,,,,,,,,,,,,,,,,
1,2.892511493,,,,639,105,FALSE,,2.024758045,CA,Etiwanda H.S. CA,,,,,,,,,,,2.892511493,,,,,,,,,,,,,,,,,,,,,,,,,,,,,
1,2.835928176,,,,640,15,FALSE,,1.985149723,FL,Pensacola H.S. FL,,,,2.835928176,,,,,,,,,,,,,,,,,,,,,,,,,,,,,,,,,,,,
1,2.828113149,,,,641,7,FALSE,,1.979679204,KS,"Blue Valley West H.S. Overland Park, KS",,,,,,,,,,,,,,,,,,,,,2.828113149,,,,,,,,,,,,,,,,,,,
1,2.814614783,,,,642,16,FALSE,,1.970230348,FL,Land O Lakes H.S. FL,,,,,,,,2.814614783,,,,,,,,,,,,,,,,,,,,,,,,,,,,,,,,
1,2.813431512,,,,643,43,FALSE,,1.969402059,TX,Hockaday School TX,,,,,,,,,,,,,,,,,,2.813431512,,,,,,,,,,,,,,,,,,,,,,
1,2.809786971,,,,644,4,FALSE,,1.966850879,UT,Hillcrest H.S. UT,,,,,,,,2.809786971,,,,,,,,,,,,,,,,,,,,,,,,,,,,,,,,
1,2.750895042,,,,645,3,FALSE,,1.92562653,NE,"Lincoln Southwest H.S. Lincoln, NE",,,,,,,,,,,,,,,,,,,,,2.750895042,,,,,,,,,,,,,,,,,,,
1,2.727739851,,,,646,4,FALSE,,1.909417896,HI,University Laboratory School HI,,2.727739851,,,,,,,,,,,,,,,,,,,,,,,,,,,,,,,,,,,,,,
1,2.701964129,,,,647,46,FALSE,,1.89137489,OH,Wyoming High school OH,,,,,,,,,,,,,,,,,,,,,,,,,,,,,,,,2.701964129,,,,,,,,
1,2.667559216,,,,648,10,FALSE,,1.867291451,WA,Mountain View H.S. WA,,,,,,,,,,,,,,2.667559216,,,,,,,,,,,,,,,,,,,,,,,,,,
1,2.52642251,,,,649,19,FALSE,,1.768495757,NJ,Eastern Camden County Regional H.S. NJ,,,,,,,,,,,,,,,,,,,,,,,,,,,,,,,,2.52642251,,,,,,,,
1,2.483099958,,,,650,21,FALSE,,1.73816997,VA,"Justice H.S. Falls Church, VA",,,,,,,,,,,,,,,,,2.483099958,,,,,,,,,,,,,,,,,,,,,,,
1,2.446462185,,,,651,44,FALSE,,1.712523529,TX,Colleyville Heritage H.S. TX,,,,,,,,,,,,,,,,,,2.446462185,,,,,,,,,,,,,,,,,,,,,,
1,2.377617249,,,,652,8,FALSE,,1.664332074,KS,"Olathe Northwest H.S. Olathe, KS",,,,,,,,,,,,,,,,,,,,,2.377617249,,,,,,,,,,,,,,,,,,,
1,2.363816055,,,,653,4,FALSE,,1.654671239,TN,Maryville H.S. TN,,,,,,,,,,,,,,,,,,,,,,,,,,,,,,,,2.363816055,,,,,,,,
1,2.337201551,,,,654,55,FALSE,,1.636041086,PA,Central Dauphin H.S. PA,,,,,,,,,,,2.337201551,,,,,,,,,,,,,,,,,,,,,,,,,,,,,
1,2.316894155,,,,655,11,FALSE,,1.621825908,WA,Skyridge M.S. WA,,,,,,,,,,,,,,2.316894155,,,,,,,,,,,,,,,,,,,,,,,,,,
1,2.30949068,,,,656,9,FALSE,,1.616643476,KS,"De Soto H.S. De Soto, KS",,,,,,,,,,,,,,,,,,,,,2.30949068,,,,,,,,,,,,,,,,,,,
1,2.287038851,,,,657,17,FALSE,,1.600927196,FL,Osceola H.S. FL,,,,2.287038851,,,,,,,,,,,,,,,,,,,,,,,,,,,,,,,,,,,,
1,2.266561909,,,,658,106,FALSE,,1.586593336,CA,Vista Murrieta H.S. CA,,,,,,,,,,,,,,,,,,,,,,,,,,,,,,,,2.266561909,,,,,,,,
1,2.251430859,,,,659,10,FALSE,,1.576001601,KS,"Blue Valley Northwest H.S. Overland Park, KS",,,,,,,,,,,,,,,,,,,,,2.251430859,,,,,,,,,,,,,,,,,,,
1,2.245159463,,,,660,11,FALSE,,1.571611624,KS,"Olathe West H.S. Olathe, KS",,,,,,,,,,,,,,,,,,,,,2.245159463,,,,,,,,,,,,,,,,,,,
1,2.238088231,,,,661,12,FALSE,,1.566661762,WA,Liberty M.S. WA,,,,,,,,,,,,,,2.238088231,,,,,,,,,,,,,,,,,,,,,,,,,,
1,2.215912481,,,,662,37,FALSE,,1.551138737,MA,Hampden Charter School of Science - West MA,,,,,,,,,,,,,,,,,,,,,,,,,,,,,,,,2.215912481,,,,,,,,
1,2.172554117,,,,663,18,FALSE,,1.520787882,FL,American Heritage School FL,,,,,,,,2.172554117,,,,,,,,,,,,,,,,,,,,,,,,,,,,,,,,
1,2.137963521,,,,664,4,FALSE,,1.496574465,MO,"John Burroughs School St. Louis, MO",,,,,,,,,,,,,,,,,,,,,2.137963521,,,,,,,,,,,,,,,,,,,
1,2.133749989,,,,665,19,FALSE,,1.493624992,FL,Spruce Creek H.S. FL,,2.133749989,,,,,,,,,,,,,,,,,,,,,,,,,,,,,,,,,,,,,,
1,2.072010919,,,,666,5,FALSE,,1.450407643,MO,"Oak Park H.S. Kansas City, MO",,,,,,,,,,,,,,,,,,,,,2.072010919,,,,,,,,,,,,,,,,,,,
2,1.997222226,1.687029664,,,667,5,FALSE,,1.446939495,UT,Grand County H.S. UT,,,,,,,,1.687029664,,,,,,,,,,,,,,,,,,,,,,,,1.997222226,,,,,,,,
1,2.021653079,,,,668,13,FALSE,,1.415157155,GA,Denmark H.S. GA,,,,,,,,,,,,,,,,,,,,,,,,,,,,,,,,2.021653079,,,,,,,,
1,2.017539848,,,,669,38,FALSE,,1.412277893,MA,Hampden Charter School of Science East MA,,,,,,,,,,,,,,,,,,,,,,,,,,,,,,,,2.017539848,,,,,,,,
1,1.985226897,,,,670,107,FALSE,,1.389658828,CA,The Science Academy STEM Magnet CA,,,,,,,,,,,,,,,,,,,,,,,,,,,,,,,,1.985226897,,,,,,,,
1,1.942198186,,,,671,6,FALSE,,1.35953873,MO,"North Kansas City H.S. North Kansas City, MO",,,,,,,,,,,,,,,,,,,,,1.942198186,,,,,,,,,,,,,,,,,,,
1,1.927492554,,,,672,9,FALSE,,1.349244788,MN,Faribault H.S. MN,,,,1.927492554,,,,,,,,,,,,,,,,,,,,,,,,,,,,,,,,,,,,
1,1.92547735,,,,673,5,FALSE,,1.347834145,TN,STEAM Heat Homeschool TN,,,,,,,,,,,,,,,,,,,,,,,,,,,,,,,,1.92547735,,,,,,,,
1,1.919076779,,,,674,7,FALSE,,1.343353746,MO,"Warrensburg H.S. Warrensburg, MO",,,,,,,,,,,,,,,,,,,,,1.919076779,,,,,,,,,,,,,,,,,,,
1,1.844421619,,,,675,8,FALSE,,1.291095133,MO,"Holden H.S. Holden, MO",,,,,,,,,,,,,,,,,,,,,1.844421619,,,,,,,,,,,,,,,,,,,
1,1.799674837,,,,676,108,FALSE,,1.259772386,CA,Flintridge Sacred Heart Academy CA,,,,,,,,,,,,,,,,,,,,,,,,,,,,,,,,1.799674837,,,,,,,,
1,1.794788842,,,,677,20,FALSE,,1.256352189,NJ,"Saddle River Day School Saddle River, NJ",,,,,,,,,,,,,,,,,,,,,,,,,,,,,,,,1.794788842,,,,,,,,
1,1.763702948,,,,678,12,FALSE,,1.234592064,KS,"Tonganoxie H.S. Tonganoxie, KS",,,,,,,,,,,,,,,,,,,,,1.763702948,,,,,,,,,,,,,,,,,,,
1,1.722248392,,,,679,9,FALSE,,1.205573874,MO,"Kearney H.S. Kearney, MO",,,,,,,,,,,,,,,,,,,,,1.722248392,,,,,,,,,,,,,,,,,,,
1,1.696867889,,,,680,13,FALSE,,1.187807522,KS,"Augusta H.S. Augusta, KS",,,,,,,,,,,,,,,,,,,,,1.696867889,,,,,,,,,,,,,,,,,,,
1,1.607107874,,,,681,5,FALSE,,1.124975512,HI,Hanalani Schools HI,,1.607107874,,,,,,,,,,,,,,,,,,,,,,,,,,,,,,,,,,,,,,
1,1.532342676,,,,682,10,FALSE,,1.072639873,MO,"St. Teresa's Academy Kansas City, MO",,,,,,,,,,,,,,,,,,,,,1.532342676,,,,,,,,,,,,,,,,,,,
1,1.529099206,,,,683,109,FALSE,,1.070369444,CA,Apple Valley H.S. CA,,,,,,,,,,,,,,,,,,,,,,,,,,,,,,,,1.529099206,,,,,,,,
1,1.5122181,,,,684,11,FALSE,,1.05855267,MO,"Rich Hill H.S. Rich Hill, MO",,,,,,,,,,,,,,,,,,,,,1.5122181,,,,,,,,,,,,,,,,,,,
1,1.411580118,,,,685,14,FALSE,,0.9881060826,KS,"Bonner Springs H.S. Bonner Springs, KS",,,,,,,,,,,,,,,,,,,,,1.411580118,,,,,,,,,,,,,,,,,,,
1,1.356922975,,,,686,12,FALSE,,0.9498460827,MO,"Staley H.S. Kansas City, MO",,,,,,,,,,,,,,,,,,,,,1.356922975,,,,,,,,,,,,,,,,,,,
1,1.287559501,,,,687,15,FALSE,,0.9012916504,KS,"Olathe South H.S. Olathe, KS",,,,,,,,,,,,,,,,,,,,,1.287559501,,,,,,,,,,,,,,,,,,,