Nats Rank,State,School,Highlands,UT-Austin,Rickards,Cypress Falls,Cornell,Palatine,BullSO,Boyceville,Seven Lakes,Dick Smith,Northview,Great Oak,Camas,Valley Forge,Marquette,Fairfax,Prestonwood,Long Island,Mira Loma,Pembroke Hill,SOAPS,Aggie,Carnegie-Mellon,MIT,North Pocono,Columbia,BirdSO IP,Solon,Harvard,Yale,High Desert Sat,Brown,Loyola,Golden Gate,BirdSO Sat,UMichigan,UMass,SOUP,Northwestern
1,CA,"Troy H.S. Fullerton, CA",,,,,,,,,,,,63.93998254,,,,,,,119.2606106,,,,,100.6330823,,,,,,,,,,101.9781078,,,,,
2,MA,"Acton-Boxborough Regional H.S. Acton, MA",,,,,,,,,,,,,,,,,,,,,,,,107.653995,,,,,,90.34167722,,127.1332781,,,3.495874769,,,,
3,CA,"Mountain View H.S. Mountain View, CA",,,,,,,,59.95705178,,,,,,,,,,,83.8551168,,,16.03819164,,103.4440623,,,,,,,,,,82.24040953,,,,,
,MA,Lexington H.S. MA,,,,,,,,,,,,,,,,,,,,,,,,41.33144452,,54.12406564,,,105.9209325,,,76.56890614,,,43.75266655,,90.99304805,,
4,IL,"New Trier H.S. Winnetka, IL",,,,,,44.46162103,,49.00335963,,,,,,,,,,,,,,,,65.66130193,,,,45.64075433,,,,,96.93050155,,,,,,100.9510613
5,OH,"Solon H.S. Solon, OH",,,,,,,,,,,45.36338232,,,,,,,,,,,,,,,,,104.5173274,,,,,,,13.08520149,72.65774231,,,67.67049167
6,OH,"Mason H.S. Mason, OH",,,,,,,,,,,63.11427106,,,,,,,,,,,,,65.4292832,,,,57.74437978,,,,,,,,98.2225035,,,
7,NJ,"Montgomery H.S. Skillman, NJ",,,,,55.01915819,,,,,,,,,,,,,,,,,,,68.8345247,,80.84354109,,,,,,,,,,,,93.69091993,
8,IL,"Adlai E. Stevenson H.S. Lincolnshire, IL",,,,,,62.53942299,,49.72048197,,,,,,,50.79502993,,,,,,,,,,,,,73.6037517,,,,,,,,,,81.91555841,
,NJ,"West Windsor-Plainsboro H.S. North Plainsboro, NJ",,,,,,,,,,,,,,48.26547867,,,,54.61545801,,,,,,95.44581002,,,,,,,,,,,,,,74.95273595,
9,WI,"Marquette University H.S. Milwaukee, WI",,,,,,36.48133008,,19.15920828,,,,,,,60.03048992,,,,,,,,,55.6050665,,,,,,,,,74.31338452,,,62.76941052,,,72.44723226
10,TX,"Seven Lakes H.S. Katy, TX",,43.08759032,,26.91456263,,,,,,,,,,,,,,,,,,,,95.9403479,,,,,,,,,,,,,,,
11,PA,"Harriton H.S. Bryn Mawr, PA",,,,,,,,,,45.99093274,,,,41.83008151,,,,,,,,,,80.85802246,,,,,,,,,,,,,,62.46061329,
12,PA,"Cumberland Valley H.S. Mechanicsburg, PA",5.607020805,,,,,,,,,26.36422896,,,,61.62467366,,,,,,,67.71107166,,,,,,,48.16466701,,,,,,,6.853221415,,,50.30384963,
,NJ,"West Windsor-Plainsboro H.S. South West Windsor, NJ",,,,,,,,,,,,,,,,,,,,,,,,,,77.88585056,,,,,,,,,,,,71.38355805,
13,IN,"Carmel H.S. Carmel, IN",,,,,,,,,,,,,,,,,,,,,72.68982693,,,,,,,,,,,,,,11.14429622,63.14303796,,,
14,NY,Great Neck South H.S. NY,,,,,,,,,,,,,,46.01308966,,,,62.75986842,,,,,,,,,,,,,,,,,53.60341312,,,53.53766853,
15,NY,"Ward Melville H.S. East Setauket, NY",,,26.09053921,,,,,24.67965812,,,,,,,,,,54.20170454,,,,,,52.01260434,,,,,,,,,,,10.62130202,,,63.78956251,
16,NC,"William G. Enloe H.S. Raleigh, NC",,,,,,,,,,,,,,,,,,,,,,,,45.83288897,,,,,,,,,,,41.66447111,,,59.01790232,
17,TX,Jordan H.S. TX,,29.82987022,,52.3610582,,,,,35.66141908,,,,,,,,,,,,,,,,,,,,,,,,,38.62807114,46.41105642,,,,
,NY,"Syosset H.S. Syosset, NY",19.04271217,,9.508213999,,34.84546685,,,,,,,,,,,,,,,,16.2062565,,,55.77255164,,,,,16.15743038,5.091720938,,7.453610332,,,,,,51.69154203,
,IN,"Munster H.S. Munster, IN",,,,,,26.97197863,,19.71508473,,,,,,,,,,,,,38.31711807,,,,,,,,,,,,,,,45.33346315,,,55.47761029
18,GA,"Brookwood H.S. Snellville, GA",,,,,,,,23.48548111,,,,,,,,,,,,,,,,,,60.82514044,,,,,,,,,,,,,
,PA,"Lower Merion H.S. Ardmore, PA",,,,,34.1622224,,,,,,,,,30.00853674,,,,,,,25.09090473,,,47.47817217,,,,,,,,,,,,,,50.8154142,
,CA,"Glen A. Wilson H.S. Hacienda Heights, CA",,,,,,,12.13411707,29.45866706,,,,,,,,,,,,,,51.29195252,,,,,35.09883326,,,,,,,42.84794446,,,,,
,CA,Lynbrook H.S. CA,,,,,,,,,,,,,,,,,,,36.0183052,,,48.11457493,,,,,,,,,26.09528514,,,,45.48974513,,,,
19,VA,"TJHSST Alexandria, VA",,,,,,,,32.25537596,,,,,,,,,,,,,,,57.81986479,,,,,,,,,,,,,,,,
,NY,"Stuyvesant H.S. New York, NY",,,16.89801763,,40.83453147,,,,,,,,,,,,,32.22804054,,,,,,48.22001861,,33.6138934,,,,,,,,,,,,,
,NY,Jericho H.S. NY,,,40.2631778,,,,,,,,,,,,,,,49.68489583,,,,,,,,,,,,,,,,,28.64432388,,,,
20,MD,"Centennial H.S. Ellicott City, MD",,,,,,,,,,,,,,,,8.647217105,,,,,,,35.6645895,,,,,,,,,,,,,,,48.5130977,
21,KY,duPont Manual H.S. KY,,,,,,,,,,,,,,,,,,,,,,,,,,,,47.29290833,,,,,,,35.52784358,,,,
,CA,"Castro Valley H.S. Castro Valley, CA",6.96043962,,,,,,,,,,,,,,,,,,32.52562106,,,16.47559687,,,,,29.29620356,,,,7.083005966,,,48.10288105,7.464318928,,,,
,OH,Centerville H.S. OH,,,,,,,,,,,,,,,,,,,,,,,,,,,,47.29290833,,,,,,,,,,,
,CA,"University H.S. Irvine, CA",,,,,,,18.61483868,37.06435928,,,,,,,,,,,,,,,,,,,46.57345182,,,,,,,,,,,,
22,MI,Troy H.S. MI,,,,,,,,,,,45.72057431,,,,,,,,,,,,,,,,,,,,,,,,22.74487256,36.08173598,,,
,PA,"Athens Area H.S. Athens, PA",,,,,21.68804991,,,,,,,,,,,,,23.07943548,,,28.57172388,,,,34.55223369,,,,,,,,,,,,37.52290641,,
,CA,Mission San Jose H.S. CA,,,,,,,,,,,,,,,,,,,,,,40.27368124,,,,,,,,,,,,40.62872822,,,,,
,TX,William P. Clements H.S. TX,,26.44011224,,22.4988922,,,,,14.77683111,,,,,,,,,,,,,,,,,,,,,,,,,,40.11458925,,,,
,CA,"Palo Alto H.S. Palo Alto, CA",,,,,,,7.690637577,,,,,,,,,,,,26.05207512,,,,,,,,,,,,,,,33.65614119,38.92222354,,,,
,NY,"Chaminade H.S. Mineola, NY",,,,,20.10315395,,,10.46478317,,,,,,,,,,,,,,,,,24.64726004,,,,,,,39.40388152,,,,,,30.59295345,
,TX,Liberal Arts and Science Academy TX,,16.2708383,,8.971520876,,,,,19.24177288,,,,,,,,23.4452626,,,,,,,38.02153418,,,,,,,,,,33.5454302,14.32216194,,,,
,IL,University of Chicago Laboratory Schools H.S. IL,,,,,,,,,,,,,,,,,,,,,,,,,,,,,,,,,,,,,,,42.46906719
23,MI,"Grand Haven H.S. Grand Haven, MI",,,,,,,,,,,,,,,,,,,,,,,,,,,,,,,,,,,,,,,
,CA,"Temple City H.S. Temple City, CA",,,,,,,,,,,,26.1088262,,,,,,,,,,,,,,,18.39356578,,,,,,,41.28668333,,,,,
24,NC,"NCSSM Durham, NC",,,,,,,,,,,,,,,,,,,,,,,,,,,,,,,,,,,,,,,
25,NV,"Ed W. Clark H.S. Las Vegas, NV",,,,,,,,,,,,,,,,,,,,,,,,28.53079683,,,22.01654086,,,,,,,31.37787933,,,,25.66874519,
,NY,Townsend Harris H.S. NY,,,,,,,,,,,,,,,,,,20.85896501,,,,,,,,40.16754557,,,,,,,,,18.42448973,,,,
,IL,Naperville North H.S. IL,,,,,,36.48133008,,,,,,,,,,,,,,,,,,,,,,,,,,,,,,,,,34.98872013
26,WA,"Tesla STEM H.S. Redmond, WA",,,,,,,,21.50358397,,,,,18.27772056,,,,,,,,,,,,,,,,,,,,,36.42075279,,,,,
,MA,Belmont H.S. MA,,,,,,,,,,,,,,,,,,,,,,,,27.19014265,,,,,39.72034968,,,,,,16.29543759,,,,
27,GA,Chattahoochee H.S. GA,,,10.0969579,,,,,,,,,,,,,,,,,,,,,,,,,,,,,38.72450426,,,9.578039334,,,,
28,VA,"Langley H.S. McLean, VA",,,,,,,,,,,,,,,,16.70727749,,,,,,,24.62007146,,,,,,,38.09588799,,,,,19.56495975,,,,
,NJ,"South Brunswick H.S. South Brunswick, NJ",,,,,,,,7.52228694,,,,,,,,,,,,,,,,,,27.88925653,,,,,,,,,,,,37.75956471,
,MI,Northville H.S. MI,,,,,,,,,,,14.73734248,,,,,,,,,,,,,,,,,,,,,,,,,24.27466906,,,
,WI,Madison West H.S. WI,,,,,,,,,,,,,,,36.18276105,,,,,,,,,,,,,,,,,,,,18.02592654,,,,
,PA,"Penncrest H.S. Media, PA",,,,,,,,,,5.347782876,,,,19.94787124,,,,,,,,,18.08583448,,28.88350785,,,,,,,,,,,,,29.22133955,
,IN,Lake Central H.S. IN,,,,,,16.83753696,,,,,19.750044,,,,3.377674624,,,,,,,,,,,,,,,,,,,,15.17580073,24.00006873,,,33.83524584
,CA,"Milpitas H.S. Milpitas, CA",,,,,,,6.911838835,11.36309789,,,,,,,,,,,24.50560491,,,20.43965025,,,,,17.46504443,,,,,,,30.53236761,20.73797204,,,,
,NJ,East Brunswick H.S. NJ,,,12.83983229,,,,,,,,,,,,,,,,,,,,,,,,,,,,,,,,,,,35.27187574,
,MI,Pioneer H.S. MI,,,,,,,,,,,28.88812407,,,,,,,,,,,,,,,,,29.11346167,,,,,,,,21.96279581,,,
29,HI,"Iolani School Honolulu, HI",7.645937461,,,,,,,,,,,,,,,,,,,,,,,34.67506956,,,,,,,,,,,9.469197978,,,,
,PA,"Bayard Rustin H.S. West Chester, PA",,,,,,,,,,,,,,24.04865313,,,,,,,22.36610059,,,,22.96328575,,,,,,,,,,,,,24.94267419,
,NY,"John Jay H.S. Cross River, NY",,,,,,,,,,,,,,,,,,,,,,,,,,,,,,,,,,,,,,33.9921705,
,NY,"Staten Island Technical H.S. New York, NY",,,,,,,,9.633930816,,,,,,,,,,31.24290393,,,,,,,,,,,,,,,,,29.28493177,,,,
,PA,"North Pocono H.S. Covington Township, PA",,,,,19.57610497,,,,,,,,,24.21741561,,,,20.73804348,,,,,17.18968953,,,,,,,,,,,,,,,26.72111799,
,CA,Monta Vista H.S. CA,,,,,,,,,,,,,,,,,,,8.333427757,,,25.40629424,,,,,,,,,,,,24.33845055,26.26413651,,,,
,CA,American H.S. CA,,,,,,,,,,,,,,,,,,,24.3942158,,,,,,,,,,,,,,,32.89616381,,,,,
,MA,Winchester H.S. MA,,,,,,,,,,,,,,,,,,,,,,,,23.92311001,,,,,22.97080464,,,10.10204459,,,9.268133107,,27.1621039,,
,VA,"Fairfax H.S. Fairfax, VA",,,,,17.71803399,,,,,,,,,,,,,,,,,,,25.53998227,,,,,,,,,,,,,,29.22133955,
,CA,"Portola H.S. Irvine, CA",,,,,,,11.78493384,,,,,25.06447316,,,,,,,,,,,,,,,32.00642504,,,,,,,8.365718443,,,,,
,OH,New Albany H.S. OH,,,,,,,,,,,,,,,,,,,,,,,,,,,,32.06052988,,,,,,,17.59344269,,,,
,OH,Beachwood H.S. OH,,,,,,,,,,,,,,,,,,,,,,,,,,,,28.55664683,,,,,,,,27.20007789,,,
,GA,"Fulton Science Academy Roswell, GA",,,10.38636115,,,,,10.87801366,,,,,,,,,,,,,,,,,,,,,,,,,,,30.81070132,,,,
,GA,"Walton H.S. Marietta, GA",,,10.55442525,,,,,21.36834131,,,,,,,,,,,,,,,,,,,,,,,,,,,,,,,
,OH,"Westlake H.S. Westlake, OH",,,,,,,,,,,19.16340903,,,,,,,,,,,,15.08344299,,,,,25.06410729,,,,,,,,23.16163838,,,
,NY,"Ithaca H.S. Ithaca, NY",,,,,17.0811112,,,,,,,,,,,,,,,,20.9445264,,,,21.24763796,,,,,,,,,,,,23.33155078,,
30,FL,Boca Raton Community H.S. FL,,,,,,,,,,,,,,,,,,,,,,,,29.6738576,,,,,,,,,,,23.8082692,,,,
,NJ,Hillsborough H.S. NJ,,,,,,,,,,,,,,,,,,,,,,,,29.81720957,,,,,,,,,,,12.49650122,,,,
,IN,Northridge H.S. IN,,,,,,,,,,,,,,,,,,,,,,,,,,,,,,,,,,,,,,29.68425186,
31,FL,Orlando Science H.S. FL,,,11.85933601,,,,2.583763098,,,,,,,,,,,,,,,,,29.57905295,,,,,,17.18455817,,,,,,,,,
,CA,Mira Loma H.S. CA,,,,,,,,,,,,17.50312371,,,,,,,19.09867429,,,24.9401237,,,,,,,,,,,,18.67730912,,,,,
,FL,F.W. Buchholz H.S. FL,,,19.64649037,,,,,,,,,,,,,,,,,,,,,,,,,,,,,,,,,,,,
,MI,Saline H.S. MI,,,,,,,,,,,19.8174503,,,,,,,,,,,,,,,,,23.38195244,,,,,,,,22.81296855,,,
32,RI,Barrington H.S. RI,,,,,,,,,,,,,,,,,,,,,,,,24.75466196,,,,,,,,20.99085277,,,,,,,
,MI,"East Lansing H.S. East Lansing, MI",,,,,,,,9.141433904,,,,,,,,,,,,,,,,,,,,,,,,,,,,28.13801161,,,
,NY,Mount Academy NY,,,,,,,,,,,,,,,,,,18.25159439,,,,,,,21.37045668,,,,,,,,,,,,24.10411869,,
,MI,"Athens H.S. Troy, MI",,,,,,,,,,,18.55115954,,,,,,,,,,,,,,,,,,,,,,,,,27.69720725,,,
,CA,"Diamond Bar H.S. Diamond Bar, CA",,,,,,,,23.64895314,,,,,,,,,,,,,,,,,,,16.43768888,,,,,,,,22.49370219,,,,
,VA,"Lake Braddock Secondary Burke, VA",,,,,,,,4.163684152,,,,,,,,8.127864726,,,,,,,,,,,,,,,,,,,7.172287671,,,,
,FL,American Heritage Plantation FL,,,,,26.94237128,,,,,,,,,,,,,,,,,,,,,,,,,,,,,,,,,,
,CA,Mountain House H.S. CA,,,,,,,,,,,,,,,,,,,18.19229653,,,19.27995378,,,,,,,,,,,,21.06985699,14.28867287,,,,
,NY,Columbia H.S. NY,,,,,,,,,,,,,,,,,,,,,,,,,,,,,,,,,,,,,,26.48506571,
,OH,Northview H.S. OH,,,,,,,,,,,9.231340123,,,,,,,,,,,,,,,,,,,,,,,,,26.1926676,,,
,IL,Neuqua Valley H.S. IL,,,,,,24.01302739,,,,,,,,,,,,,,,,,,,,,,,,,,,22.86565678,,,,,,
,PA,Conestoga H.S. PA,,,,,,,,,,,,,,26.14380095,,,,,,,,,,,,,,,,,,,,,,,,,
,MA,Milton Academy MA,,,,,,,,,,,,,,,,,,,,,,,,,,,,,,,,25.52296871,,,,,,,
,FL,Archimedean Upper Conservatory FL,,,12.21467192,,,,,,,,,,,,,,,,,,,,,23.83074279,,9.255999632,,,20.61164092,,,,,,9.401213993,,,,
,CA,"Canyon Crest Academy San Diego, CA",,,,,,,,,,,,,,,,,,,,,,,,,,,18.72540846,,,,,,,25.30474139,,,,,
,CA,"Great Oak H.S. Temecula, CA",,,,,,,,,,,,24.47702457,,,,,,,,,,,,,,,19.7968896,,,,,,,,,,,,
,CA,"BASIS Independent Silicon Valley San Jose, CA",,,16.06560296,,,,,,,13.93664628,,,,,,,,,,,,17.5385386,,,,,,,,,,,,20.11402521,,,,,
,NY,Collegiate School NY,,,,,,,,,,,,,,,,,,,,,,,,24.78780073,,,,,,,,,,,,,,,
,OH,Mayfield H.S. OH,,,,,,,,,,,,,,,,,,,,,,,,,,,,24.30635521,,,,,,,,,,,
33,MN,"Eagan H.S. Eagan, MN",2.408744021,,,,,,,6.952727697,,,,,,,,,,,,,,,,,,,,,,,,,,,7.398049752,,,,24.24415253
34,MO,"Pembroke Hill School Kansas City, MO",,,,,,,,,,,,,,,,,,,,8.955691637,,,,,,,,,,,,,,,11.28145679,,,,
,NY,Forest Hills H.S. NY,,,,,,,,,,,,,,,,,,10.20631241,,,,,,,,24.19181722,,,,,,,,,,,,,
,PA,"State College Area H.S. State College, PA",,,,,,,,,,,,,,,,,,,,,23.53765825,,12.03820529,,,,,,,,,,,,,,,,
,FL,James S. Rickards H.S. FL,,,,,,,,,,,,,,,,,,,,,,,,,,,,,,,,,,,,,,,
,NY,Bronx H.S. of Science NY,,,,,,,,,,,,,,,,,,,,,,,,23.2911788,,,,,,,,,,,,,,,
,OH,Kenston H.S. OH,,,,,,,,,,,,,,,,,,,,,,,,,,,,23.2778012,,,,,,,,,,,
,MA,Uxbridge H.S. MA,,,,,,,,,,,,,,,,,,,,,,,,,,,,,11.48540232,,,23.15485821,,,,,13.13979033,,
35,CO,Fossil Ridge H.S. CO,,,,,,,,,,,,,,,,,,,,,,,,,,,,,,,,,,,,,,,
,PA,Garnet Valley H.S. PA,,,,,,,,,,,,,,11.24098282,,,,,,,,,,,,,,,,,,,,,,,,23.06238029,
,OH,St. Ignatius H.S. OH,,,,,,,,,,,,,,,,,,,,,,,,,,,,,,,,,,,,,,,22.97766695
36,NH,Lebanon H.S. NH,,,,,,,,,,,,,,,,,,,,,,,,,,,,,16.29552808,,,19.87629422,,,,,,,
,MI,Okemos H.S. MI,,,,,,,,,,,17.64897549,,,,,,,,,,,,,,,,,,,,,,,,,22.86213444,,,
,CA,"Arcadia H.S. Arcadia, CA",,,15.75515653,,,,10.23816127,,,,,,,,,,,,,,,,,,,,22.84735372,,,,,,,,,,,,
,TX,"Obra D. Tompkins H.S. Katy, TX",,10.67307283,,16.5509092,,,,,14.07687595,,,,,,,,,,,,,,18.52481105,,,,,,,,,,,,,,,,
37,KS,"Blue Valley North H.S. Overland Park, KS",,,,,,,,,,,,,,,,,,,,10.60542431,,,,,,,,,,,,,,,10.48762431,,,,
,NY,"Brooklyn Technical H.S. New York, NY",,,14.17964088,,,,,15.44348304,,,,,,,,,,,,,,,,,,,,,,,,,,,20.71453931,,,,
,WI,Menomonie H.S. WI,,,,,,,,,,,,,,,22.19614753,,,,,,,,,,,,,,,,,,,,,,,,
,MI,Canton H.S. MI,,,,,,,,,,,,,,,,,,,,,,,,,,,,,,,,,,,,22.14620121,,,
,CA,"Dublin H.S. Dublin, CA",,,,,,,,10.26455066,,,,,,,,,,,,,,17.2601491,,,,,,,,,,,,18.4742949,13.03866806,,,,
,NY,Hunter College H.S. NY,,,,,,,,,,,,,,,,,,17.70946782,,,,,,,,21.431677,,,,,,,,,,,,,
,NY,Division Avenue H.S. NY,,,,,,,,,,8.052887055,,,,19.17212069,,,,19.92931755,,,,,,,,,,,,,,,,,9.386772804,,,,
,MI,Novi H.S. MI,,,,,,,,,,,12.5140365,,,,,,,,,,,,,,,,,,,,,,,,,21.73776717,,,
,MA,Westborough H.S. MA,,,,,,,,,,,,,,,,,,,,,,,,18.89437464,,,,,,,,19.58739459,,,,,,,
38,CT,South Windsor H.S. CT,,,,,,,,,,,,,,,,,,,,,,,,,,,,,,19.28023599,,,,,,,,,
39,DE,Charter School of Wilmington DE,,,,,,,,,,,,,,,,,,,,,,,,,,,,,,,,,,,,,,19.82876612,
,CA,"Northwood H.S. Irvine, CA",8.700549525,,8.862275548,,,,8.357682673,10.03218386,,,,,,,,,,,,,,5.148624022,,,,,20.99843492,,,,1.539783906,,,,,,,,
,MN,Wayzata H.S. MN,,,,,,,,,,,,,,,,,,,,,,,,,,,,,,,,,,,,,,,
40,AL,"Auburn H.S. Auburn, AL",,,,,,,,,,,,,,,,,,,,,,,,,,,,,,,,,,,,,,,
,CA,"Canyon H.S. San Diego, CA",,,,,,,,,,,,20.74873606,,,,,,,,,,,,,,,14.27398523,,,,,,,,,,,,
,NY,Half Hollow Hills H.S. East NY,,,,,,,,,,,,,,,,,,20.67810694,,,,,,,,,,,,,,,,,,,,,
,MA,Wellesley H.S. MA,,,,,,,,,,,,,,,,,,,,,,,,20.64268355,,,,,15.62767856,,,,,,9.43994196,,,,
,OH,Mentor H.S. OH,,,,,,,,,,,12.32805295,,,,,,,,,,,,,,,,,20.61485748,,,,,,,,,,,
,PA,Hershey H.S. PA,,,,,,,,,,,,,,20.60287597,,,,,,,,,,,,,,,,,,,,,,,,,
,NY,Fayetteville-Manlius Senior H.S. NY,,,,,13.97545462,,,,,,,,,,,,,,,,,,,,18.67216669,,,,,,,,,,14.15626817,,,,
,MD,"River Hill H.S. Clarksville, MD",,,,,,,,,,,,,,20.48060371,,15.64496505,,,,,,,,,,,,,,,,,,,,,,,
,NH,Phillips Exeter Academy NH,,,,,,,,,,,,,,,,,,,,,,,,14.76593871,,,,,,,,20.4804369,,,4.985685963,,,,
,PA,North Penn H.S. PA,,,,,,,,,,,,,,13.74893117,,,,,,,,,,,12.61805121,,,,,,,,,,,,,19.44299246,
,OH,Hudson H.S. OH,,,,,,,,,,,,,,,,,,,,,,,,,,,,20.25529601,,,,,,,,8.847398147,,,
,NV,"Davidson Academy Reno, NV",,,8.032801482,,,,,,,,,,,,,,,,,,,,,,,,,,,,1.753529328,,,20.03499171,,,,,
,CA,Amador Valley H.S. CA,,,,,,,,,,,,,,,,,,,,,,16.57605783,,,,,,,,,,,,,18.84107635,,,,
,MI,Eisenhower H.S. MI,,,,,,,,,,,,,,,,,,,,,,,,,,,,,,,,,,,,19.79110145,,,
,IL,Waubonsie Valley H.S. IL,,,,,,18.24066504,,,,,,,,,,,,,,,,,,,,,,,,,,,17.14924258,,,,,,
,NJ,"Governor Livingston H.S. Berkeley Heights, NJ",,,,,,,,9.463972891,,4.992984254,,,,,,,,,,,,,,,,19.5310084,,,,,,,,,,,,,
41,AZ,Catalina Foothills H.S. AZ,,,,,,,,,,,,,,,,,,,,,,,,,,,,,,,,,,,,,,,
42,OR,St. Mary's Academy OR,,,,,,,,,,,,,,,,,,,,,,,,,,,,,,,,,,,,,,,
,NJ,Princeton H.S. NJ,,,,,,,,,,,,,,19.22552493,,,,,,,,,,,,,,,,,,,,,,,,,
,CA,Pleasant Grove H.S. CA,,,,,,,,,,,,,,,,,,,13.12158307,,,12.97600708,,,,,,,,,,,,17.46200476,,,,,
,IN,Whiting H.S. IN,,,,,,,,,,,,,,,,,,,,,,,,,,,,,,,,,,,,,,,19.06506112
,WA,"Camas H.S. Camas, WA",,,,,,,,,,,,,14.09995586,,,,,,8.333427757,,,,,,,,9.911948818,,,17.66457376,,,,,,,,,
43,ND,Century H.S. ND,,,,,,,,,,,,,,,,,,,,,,,,,,,,,,,,,,,,,,,
,NH,Bedford H.S. NH,,,,,,,,,,,,,,,,,,,,,,,,18.85589322,,,,,,,,12.88348708,,,,,,,
,CA,"Irvington H.S. Fremont, CA",,,,,,,,8.61597532,,,,,,,,,,,,,,14.81456939,,,,,,,,,,,,18.01733354,,,,,
,OH,Sylvania Southview H.S. OH,,,,,,,,,,,,,,,,,,,,,,,,,,,,,,,,,,,,18.54550765,,,
,MA,Newton South H.S. MA,,,,,,,,,,,,,,,,,,,,,,,,,,,,,15.19184689,,,12.93294384,,,,,14.21766376,,
,PA,Shipley School PA,,,,,,,,,,4.593988842,,,,13.45411978,,,,,,,,,,,,,,,,,,,,,,,,18.43855743,
44,IA,Ames H.S. IA,,,,,,,,,,,,,,,,,,,,,,,,,,,,,,,,,,,7.280527119,,,,
,MA,Arlington H.S. MA,,,,,,,,,,,,,,,,,,,,,,,,,,,,,13.24011656,,,,,,,,18.29005991,,
,IL,Lake Forest Academy IL,,,,,,,,,,,,,,,12.00609798,,,,,,,,,,,,,,,,,,12.5954889,,,,,,16.73373571
45,LA,Baton Rouge Magnet H.S. LA,,,,,,,,,,,,,,,,,,,,,,,,,,,,,,,,,,,,,,,
,MI,"Holt H.S. Holt, MI",,,,,,,,8.786809313,,,,,,,,,,,,,,,,,,,,,,,,,,,,18.19559241,,,
,NY,"Scarsdale H.S. Scarsdale, NY",,,,,,,,9.867084998,,13.61573667,,,,,,,,,,,,,17.11260572,,,,,,,,,,,,,,,,
46,MS,Northwest Rankin H.S. MS,,,,,,,,,,,,,,,,,,,,,,,,,,,,,,,,,,,,,,,
,NJ,Cherry Hill H.S. East NJ,,,,,,,,,,,,,,,,,,,,,,,,,,,,,,,,,,,,,,17.97427721,
,IL,Vernon Hills H.S. IL,,,,,,14.33523298,,,,5.821637055,,,,,,,,,,,,,,,,,,,,,,,17.01833233,,8.631058044,,,,
,GA,"South Forsyth H.S. Cumming, GA",9.175124954,,,,,,,12.96781018,,,,,,,,,,,,,,,,,,,,,,,,,,,17.67827125,,,,
,NY,St. Joseph's Collegiate Institute NY,,,,,,,,,,,,,,,,,,,,,,,,,,,,,,,,,,,,17.82862248,,,
47,OK,"Casady School Oklahoma City, OK",,,,,,,,,,,,,,,,,,,,3.748894174,,,,,,,,,,,,,,,,,,,
48,ME,Falmouth H.S. ME,,,,,,,,,,,,,,,,,,,,,,,,15.69193826,,,,,10.98891519,,,,,,,,,,
,MI,"Hudsonville H.S. Hudsonville, MI",,,,,,,,7.402105159,,,,,,,,,,,,,,,,,,,,,,,,,,,,17.73918123,,,
49,UT,West H.S. UT,,,,,,,,,,,,,,,,,,,,,,,,,,,,,,,,,,,,,,,
,IL,Belvidere North H.S. IL,,,,,,7.76410299,,,,,,,,,,,,,,,,,,,,,,,,,,,9.821152139,,,,,,17.69544466
,NY,"The Bronx H.S. of Science New York, NY",,,,,,,,7.698412993,,,,,,,,,,,,,,,,,,,,,,,,,,,17.66124016,,,,
,MI,West Michigan Aviation Academy MI,,,,,,,,,,,17.64897549,,,,,,,,,,,,,,,,,,,,,,,,,,,,
50,NE,"Lincoln Science Focus Program H.S. Lincoln, NE",,,,,,,,4.484249364,,,,,,,,,,,,2.36367228,,,,,,,,,,,,,,,,,,,
,MO,International Academy Central MO,,,,,,,,,,,,,,,,,,,,,,,,,,,,17.59550966,,,,,,,,,,,
,IL,OPRF IL,,,,,,16.73849262,,,,,,,,,,,,,,,,,,,,,,,,,,,14.66711537,,,,,,
,CA,"Orange County School of the Arts Santa Ana, CA",,,,,,,,,,,,,,,,,,,,,,,,,,,12.65759318,,,,,,,,17.52616375,,,,
,CA,Foothill H.S. CA,,,,,,,,,,5.053948652,,,,,,,,,14.50466885,,,,,,,,,,,,,,,16.69036135,,,,,
,MI,Brighton H.S. MI,,,,,,,,,,,,,,,,,,,,,,,,,,,,,,,,,,,,17.44741838,,,
,CA,Davis Senior H.S. CA,,,,,,,,,,,,,,,,,,,,,,13.26084626,,,,,,,,,,,,17.43215518,,,,,
,PA,State College Area H.S. PA,,,,,,,,,,,,,,17.42920063,,,,,,,,,,,,,,,,,,,,,,,,,
,IL,Mundelein H.S. IL,,,,,,,,,,,,,,,,,,,,,,,,,,,,,,,,,9.864608565,,,,,,17.3465204
,NY,Roslyn H.S. NY,,,,,,,,,,,,,,,,,,17.32354722,,,,,,,,,,,,,,,,,9.648614361,,,,
,CT,Ridgefield H.S. CT,,,,,,,,,,,,,,,,,,,,,,,,,,17.2611885,,,,13.3981301,,,,,,,,,
,MA,Boston University Academy MA,,,,,,,,,,,,,,,,,,,,,,,,17.2246392,,,,,10.80213476,,,,,,,,,,
,PA,"West Chester East H.S. West Chester, PA",,,,,,,,,,3.041281371,,,,10.41020128,,,,,,,11.93939186,,,,,,,,,,,,,,,,,16.18849589,
,OH,Olentangy Orange H.S. OH,,,,,,,,,,,11.4076875,,,,,,,,,,,,,,,,,16.93959926,,,,,,,,,,,
,MA,Newton North H.S. MA,,,,,,,,,,,,,,,,,,,,,,,,16.91003392,,,,,10.41845238,,,7.570858135,,,,,,,
,IL,"Lane Tech College Prep H.S. Chicago, IL",,,,,,,,7.42908076,,,,,,,,,,,,,,,,,,,,,,,,,16.88940557,,6.815006426,,,,
,IL,Naperville Central H.S. IL,,,,,,16.88749998,,,,,,,,,,,,,,,,,,,,,,,,,,,,,,,,,
,CA,Sheldon H.S. CA,,,3.787825089,,,,,,,,,,,,,,,,12.9007872,,,9.761125614,,,,,,,,,,,,15.3120282,,,,,
,CT,Jonathan Law H.S. CT,,,,,,,,,,,,,,,,,,,,,,,,16.78738635,,,,,,,,,,,,,,,
,CA,"Tokay H.S. Lodi, CA",,,,,,,,,,,,,,,,,,,,,,11.05070522,,,,,9.831472915,,,,,,,16.69036135,,,,,
,CA,"Sunny Hills H.S. Fullerton, CA",,,,,,,,,,,,16.06696997,,,,,,,,,,,,,,,13.83896854,,,,,,,,,,,,
,MI,International Academy Central MI,,,,,,,,,,,13.72698094,,,,,,,,,,,,,,,,,,,,,,,,,16.12162671,,,
,NY,General Douglas MacArthur H.S. NY,,,,,,,,,,,,,,15.16915044,,,,14.75180412,,,,,,,,,,,,,,,,,,,,,
51,TN,Collierville H.S. TN,,,,,,,,,,,,,,,,,,,,,,,,,,,,,,,,,,,,,,,
,MI,Stevenson H.S. MI,,,,,,,,,,,,,,,,,,,,,,,,,,,,,,,,,,,,16.54918936,,,
,NY,"West Babylon Senior H.S. West Babylon, NY",,,,,,,,4.204908747,,9.157486607,,,,,,,,16.33476027,,,,,,,,,,,,,,,,,11.47206964,,,,
,MA,Sharon H.S. MA,,,,,,,,,,,,,,,,,,,,,,,,16.50310797,,,,,,,,10.02688057,,,,,,,
52,MT,Hamilton H.S. MT,,,,,,,,,,,,,,,,,,,,,,,,,,,,,,,,,,,,,,,
,PA,Northwestern Lehigh H.S. PA,,,,,11.69310968,,,,,3.927119494,,,,13.45411978,,,,,,,,,,,12.0426352,,,,,,,,,,,,,,
,OH,Chardon H.S. OH,,,,,,,,,,,,,,,,,,,,,,,,,,,,16.15414643,,,,,,,,,,,
,NJ,"Edison Academy Magnet H.S. Edison, NJ",,,8.493014067,,,,,,,,,,,,,,,,,,,,,,,16.12787815,,,,,,,,,,,,,
,IN,John Adams H.S. IN,,,,,,,,,,,,,,,,,,,,,,,,,,,,,,,,,,,,16.12162671,,,
,NY,Hicksville H.S. NY,,,,,,,,,,,,,,,,,,16.07780899,,,,,,,,,,,,,,,,,,,,,
,TX,Dulles H.S. TX,,16.04641295,,,,,,,9.351770737,,,,,,,,,,,,,,,,,,,,,,,,,,,,,,
53,DC,"BASIS Independent Washington, D.C. Washington, DC",,,,,,,,,,,,,,,,6.783405899,,,,,,,,,,,,,,,,,,,,,,,
,MI,Salem H.S. MI,,,,,,,,,,,,,,,,,,,,,,,,,,,,,,,,,,,,15.92797354,,,
54,WY,"Kelly Walsh H.S. Casper, WY",,,,,,,,,,,,,,,,,,,,,,,,,,,,,,,,,,,,,,,
,PA,Haverford H.S. PA,,,,,,,,,,,,,,,,,,,,,,,,,,,,,,,,,,,,,,15.8630129,
,CA,"Gretchen Whitney H.S. Cerritos, CA",,,,,,,,,,,,,,,,,,,,,,,,,,,15.82888559,,,,,,,,,,,,
,CA,Albany H.S. CA,,,,,,,,,,,,,,,,,,,13.15374381,,,11.76828348,,,,,,,,,,,,,11.35834404,,,,
,PA,Allentown Central Catholic H.S. PA,,,,,,,,,,3.64364784,,,,,,,,,,,,,,,,,,,,,,,,,,,,15.63143607,
,CA,"Del Norte H.S. San Diego, CA",,,,,,,,,,,,,,,,,,,,,,,,,,,15.55772695,,,,,,,,11.97411318,,,,
,CA,"Arnold O. Beckman H.S. Irvine, CA",,,,,,,,,,,,,,,,,,,,,,,,,,,12.00902229,,,,,,,,15.457308,,,,
,NJ,"Randolph H.S. Randolph, NJ",,,,,,,,,,,,,,,,,,,,,14.79912644,,,,,,,,,12.54745517,,,,,,,,,
,OH,Northmont H.S. OH,,,,,,,,,,,,,,,,,,,,,,,,,,,,13.84335462,,,,,,,,13.63500049,,,
,NY,Francis Lewis H.S. NY,,,,,,,,,,,,,,,,,,,,,,,,,,15.27904245,,,,,,,,,,,,,
,PA,Central H.S. PA,,,4.926461332,,,,,,,6.233710763,,,,,,,,,,,,,,,,,,,,,,,,,,,,15.265323,
,IL,Crystal Lake Central H.S. IL,,,,,,11.66206453,,,,,,,,,,,,,,,,,,,,,,,,,,,15.21775792,,,,,,
55,WV,"Cabell Midland H.S. Ona, WV",,,,,,,,,,,,,,,,,,,,,,,,,,,,,,,,,,,,,,,
,OH,Hawken School OH,,,,,,,,,,,,,,,,,,,,,,,,,,,,15.14743875,,,,,,,,,,,
,NH,Nashua H.S. North NH,,,,,,,,,,,,,,,,,,,,,,,,15.12784897,,,,,,,,,,,,,,,
56,SC,Clinton H.S. SC,,,,,,,,,,,,,,,,,,,,,,,,,,,,,,,,,,,,,,,
,MA,Cambridge Rindge and Latin School MA,,,,,,,,,,,,,,,,,,,,,,,,15.01742672,,,,,8.130391406,,,,,,,,,,
,CA,"North Hollywood H.S. North Hollywood, CA",,,6.483732409,,,,,,,,,,,,,,,,,,,,,,,,13.99895662,,,,,,,,12.77516884,,,,
57,NM,La Cueva H.S. NM,,,4.274334734,,,,,,,,,,,,,,,,,,,,,,,,,,,,,,,,,,,,
,MA,Wilbraham and Moson Academy MA,,,,,,,,,,,,,,,,,,,,,,,,14.8488269,,,,,,,,,,,,,,,
,MA,Noble and Greenough School MA,,,,,,,,,,,,,,,,,,,,,,,,,,,,,14.72260065,,,,,,,,,,
,OH,Saint Ignatius H.S. OH,,,,,,,,,,,,,,,,,,,,,,,,,,,,14.72075034,,,,,,,,,,,
,NY,"Plattsburgh H.S. Plattsburgh, NY",,,,,14.55938726,,,7.445360704,,,,,,,,,,,,,,,,,,,,,,,,,,,,,,,
58,AR,Little Rock Central H.S. AR,,,,,,,,,,,,,,,,,,,,,,,,,,,,,,,,,,,,,,,
,PA,JR Masterman School PA,,,,,,,,,,,,,,,,,,,,,,,,,,,,,,,,,,,,,,14.40014139,
,VA,"W.T. Woodson H.S. Fairfax, VA",,,,,,,,,,,,,,,,14.39669656,,,,,,,,,,,,,,,,,,,,,,,
,NY,Vestal H.S. NY,,,,,14.32005487,,,,,,,,,,,,,,,,,,,,,,,,,,,,,,,,,,
,MI,Grosse Pointe South H.S. MI,,,,,,,,,,,,,,,,,,,,,,,,,,,,,,,,,,,,14.31583047,,,
,IL,Beacon Academy IL,,,,,,,,,,,,,,,,,,,,,,,,,,,,,,,,,7.634936766,,,,,,14.28773722
,MA,Brookline H.S. MA,,,,,,,,,,,,,,,,,,,,,,,,14.26539842,,,,,,,,,,,,,,,
,MA,"Boston Latin School Boston, MA",,,,,,,,,,,,,,,,,,,,,,,,,,,,,9.580787863,,,9.93814711,,,,,12.77095411,,
59,VT,Burr and Burton Academy VT,,,,,,,,,,,,,,,,,,,,,,,,,,,,,,,,,,,,,,,
,MA,The Winsor School MA,,,,,,,,,,,,,,,,,,,,,,,,14.19976008,,,,,,,,,,,,,,,
,CA,Laguna Creek H.S. CA,,,,,,,,,,,,,,,,,,,12.08722404,,,11.59263746,,,,,,,,,,,,,8.413202059,,,,
,NY,Loyola H.S. NY,,,,,,,,,,,,,,,,,,,,,,,,,,14.12973395,,,,,,,,,,,,,
60,SD,"Brookings H.S. Brookings, SD",,,,,,,,,,,,,,,,,,,,,,,,,,,,,,,,,,,,,,,
,PA,"Pocono Mountain East H.S. Swiftwater, PA",,,2.394506169,,,,,,,4.298218013,,,,,,,,,,,13.18108862,,,,11.84964425,,,,,,,,,,,,,,
,RI,Pilgrim H.S. RI,,,,,,,,,,,,,,,,,,,,,,,,13.97470728,,,,,,,,8.227184054,,,,,,,
,MA,Weston H.S. MA,,,,,,,,,,,,,,,,,,,,,,,,,,,,,13.96759549,,,,,,,,,,
,OH,St. Edward H.S. OH,,,,,,,,,,,,,,,,,,,,,,,,,,,,13.93564365,,,,,,,,,,,
,CT,E.O. Smith H.S. CT,,,,,,,,,,,,,,,,,,,,,,,,,,,,,,12.06854467,,12.73736057,,,,,,,
,NJ,Parsippany H.S. NJ,,,,,,,,,,,,,,,,,,,,,,,,,,,,,,,,,,,,,,13.82891807,
,CA,Saratoga H.S. CA,,,,,,,,,,,,,,,,,,,12.25280245,,,,,,,,,,,,,,,12.52802307,,,,,
,CA,Leigh H.S. CA,,,,,,,,,,,,,,,,,,,,,,,,,,,,,,,,,,13.54290941,,,,,
,MD,"Reservoir H.S. Fulton, MD",,,,,,,,,,8.959272611,,,,,,8.903220243,,,,,,,,,,,,,,,,,,,12.59956515,,,,
,NH,Nashua H.S. South NH,,,,,,,,,,,,,,,,,,,,,,,,,,,,,,,,13.44922902,,,,,,,
,WI,Boyceville H.S. WI,,,,,,,,,,,,,,,,,,,,,,,,,,,,13.43410378,,,,,,,,,,,
,MI,Macomb Dakota H.S. MI,,,,,,,,,,,,,,,,,,,,,,,,,,,,,,,,,,,,13.30995029,,,
,CA,"Valencia H.S. Placentia, CA",,,,,,,,,,,,,,,,,,,,,,,,,,,11.98920542,,,,,,,,11.86560989,,,,
,MD,"Walter Johnson H.S. Bethesda, MD",,,,,,,,,,,,,,,,13.26754389,,,,,,,,,,,,,,,,,,,,,,,
,VA,"McLean H.S. McLean, VA",,,,,,,,,,,,,,,,13.26754389,,,,,,,,,,,,,,,,,,,,,,,
,MI,Detroit Country Day Upper School MI,,,,,,,,,,,13.19662031,,,,,,,,,,,,,,,,,,,,,,,,,,,,
,MA,South High Community School MA,,,,,,,,,,,,,,,,,,,,,,,,,,,,,4.667262631,,,11.19279691,,,,,12.21383195,,
,IL,Grayslake Central H.S. IL,,,,,,,,,,,,,,,,,,,,,,,,,,,,,,,,,13.03743588,,,,,,
,TX,Cinco Ranch H.S. TX,4.205265604,12.99849093,4.692543024,,,,,,8.332107261,,,,,,,,,,,,,,,,,,,,,,,,,,6.957255137,,,,
,PA,"Manheim Central H.S. Manheim, PA",,,,,,,,,,6.060298604,,,,12.97361551,,,,,,,,,9.784900195,,,,,,,,,,,,,,,,
,PA,"Shady Side Academy Senior School Pittsburgh, PA",,,,,,,,,,,,,,,,,,,,,12.70670497,,10.28601368,,,,,,,,,,,,,,,,
,NY,Kellenberg Memorial H.S. NY,,,,,10.47458923,,,,,,,,,,,,,10.75883459,,,,,,,7.985073446,,,,,,,,,,,,,,
,PA,Philadelphia H.S. for Girls PA,,,,,,,,,,4.904246382,,,,,,,,,,,,,,,,,,,,,,,,,,,,12.79056927,
,NJ,Kingsway Regional H.S. NJ,,,,,,,,,,,,,,,,,,,,,,,,,,,,,,,,,,,,,,12.79056927,
,CA,"San Marino H.S. San Marino, CA",,,,,,,,,,,,,,,,,,,,,,,,,,,12.74641839,,,,,,,,,,,,
,CA,Sequoia H.S. CA,,,,,,,,,,,,,,,,,,,,,,,,,,,,,,,,,,12.73134929,,,,,
,MI,Forest Hills Central H.S. MI,,,,,,,,,,,,,,,,,,,,,,,,,,,,,,,,,,,,12.65874747,,,
,NY,John Jay H.S. NY,,,,,,,,12.59913325,,,,,,,,,,,,,,,,,,,,,,,,,,,,,,,
,WI,"Slinger H.S. Slinger, WI",,,,,,,,5.264823762,,,,,,,12.57781693,,,,,,,,,,,,,,,,,,,,,,,,
,NY,Al-Noor School NY,,,,,,,,,,,,,,,,,,,,,,,,,,12.57212548,,,,,,,,,,,,,
,MI,International Academy West MI,,,,,,,,,,,,,,,,,,,,,,,,,,,,,,,,,,,,12.5538821,,,
,IL,Lisle H.S. IL,,,,,,7.817427873,,,,,,,,,,,,,,,,,,,,,,,,,,,,,,,,,12.54178155
,IL,Hinsdale Central H.S. IL,,,,,,10.65746721,,,,,,,,,,,,,,,,,,,,,,,,,,,11.73369229,,,,,,
,NY,Goshen H.S. NY,,,,,12.26953058,,,,,,,,,,,,,,,,,,,,,,,,,,,,,,,,,,
,TX,Stephen F. Austin H.S. TX,,,,,,,,,12.15730196,,,,,,,,,,,,,,,,,,,,,,,,,,,,,,
,CA,"Walnut H.S. Walnut, CA",,,,,,,,,,,,,,,,,,,,,,,,,,,12.06886791,,,,,,,,,,,,
,MA,Dover Sherborn H.S. MA,,,,,,,,,,,,,,,,,,,,,,,,,,,,,,,,,,,,,12.01228357,,
,MA,Longmeadow H.S. MA,,,,,,,,,,,,,,,,,,,,,,,,,,,,,8.027691725,,,9.463572669,,,,,9.890548701,,
,IL,Glenbrook South H.S. IL,,,,,,9.695208674,,,,,,,,,,,,,,,,,,,,,,,,,,,,,,,,,11.64085963
,CT,Hopkins School CT,,,,,,,,,,,,,,,,,,,,,,,,,,,,,,11.93191963,,,,,,,,,
,CA,"Martin Luther King H.S. Riverside, CA",,,,,,,,,,,,,,,,,,,,,,,,,,,11.93014529,,,,8.736747446,,,,,,,,
,OH,Medina H.S. OH,,,,,,,,,,,,,,,,,,,,,,,,,,,,11.87696902,,,,,,,,,,,
,CA,"El Dorado H.S. Placentia, CA",,,,,,,,,,,,11.56110385,,,,,,,,,,,,,,,9.57240907,,,,,,,,,,,,
,PA,Lehighton Area H.S. PA,,,,,,,,,,,,,,11.63906147,,,,,,,,,,,9.336083347,,,,,,,,,,,,,,
,PA,Red Land H.S. PA,,,,,,,,,,,,,,11.77809462,,,,,,,,,,,,,,,,,,,,,,,,,
,CA,Saint Francis H.S. CA,,,,,,,,,,,,,,,,,,,,,,9.43914404,,,,,,,,,,,,11.49696819,,,,,
,MA,Wilbraham and Monson Academy MA,,,,,,,,,,,,,,,,,,,,,,,,,,,,,,,,11.19279691,,,,,9.75796762,,
,MI,Frankenmuth H.S. MI,,,,,,,,,,,,,,,,,,,,,,,,,,,,,,,,,,,,11.6957336,,,
,IL,Niles West H.S. IL,,,,,,,,,,,,,,,,,,,,,,,,,,,,,,,,,5.913531925,,,,,,11.68503746
,CA,"Silver Creek H.S. San Jose, CA",,,3.783430861,,,,,5.572826027,,,,,,,,,,,11.64149127,,,7.646901501,,,,,,,,,,,,,,,,,
,OH,Thomas Worthington H.S. OH,,,,,,,,,,,7.258141172,,,,,,,,,,,,,,,,,11.62595411,,,,,,,,,,,
,VA,"Alexandria City H.S. Alexandria, VA",,,,,,,,,,,,,,11.52247654,,,,,,,,,,,,,,,,,,,,,,,,,
,PA,Central York H.S. PA,,,,,,,,,,4.07801374,,,,11.4841322,,,,,,,,,,,,,,,,,,,,,6.383136242,,,,
,IL,Whitney M. Young Magnet H.S. IL,,,,,,,,,,,,,,,,,,,,,,,,,,,,6.682693568,,,,,,,11.45772955,,,,
,CA,Ukiah H.S. CA,,,,,,,,,,,,8.31050171,,,,,,,11.34614688,,,,,,,,,,,,,,,,,,,,
,OH,Archbishop Hoban H.S. OH,,,,,,,,,,,,,,,,,,,,,,,,,,,,11.32365411,,,,,,,,,,,
,MI,Comstock H.S. MI,,,,,,,,,,,,,,,,,,,,,,,,,,,,,,,,,,,,11.27314599,,,
,CT,Guilford H.S. CT,,,3.676795267,,,,,,,4.852501696,,,,,,,,,,,,,,,,,,,,11.25252207,,,,,,,,,
,TN,Farragut H.S. TN,,,,,,,,,,,,,,,,,,,,,,,,,,,,,,,11.2047552,,,,,,,,
,OH,Granville H.S. OH,,,3.619664153,,,,,,,,9.487766238,,,,,,,,,,,,,,,,,9.804627337,,,,,,,5.927050529,,,,
,WA,"Bothell H.S. Bothell, WA",,,,,,,,11.13956153,,,,,,,,,,,,,,,,,,,,,,,3.974432205,,,,,,,,
,CA,Clayton Valley Charter H.S. CA,2.607916654,,3.411419876,,,,2.243980553,,,,,,,,,,,,8.333427757,,,6.979392769,,,,,,,,,,,,9.920049399,,,,,
,CO,"Homeschool Science Colorado El Paso, CO",,,1.927492554,,,,,6.696911172,,,,,,,,,,,,,,,,,,,,,,,7.540842853,,,,10.73952389,,,,
,MI,Haslett H.S. MI,,,,,,,,,,,8.451983897,,,,,,,,,,,,,,,,,,,,,,,,,11.05003164,,,
,PA,Stroudsburg H.S. PA,,,,,,,,,,,,,,,,,,,,,,,,,11.00324109,,,,,,,,,,,,,,
,PA,"Warwick H.S. Lititz, PA",,,,,,,,,,,,,,,,,,,,,10.95988521,,,,,,,,,,2.475957142,,,,,,,,
,MI,Plymouth H.S. MI,,,,,,,,,,,,,,,,,,,,,,,,,,,,,,,,,,,,10.92485106,,,
,IL,Libertyville H.S. IL,,,,,,,,,,,,,,,,,,,,,,,,,,,,,,,,,9.099598105,,,,,,10.29768352
,NY,Saugerties H.S. NY,,,,,10.73269,,,,,4.939360318,,,,,,,,,,,,,,,,,,,,,,,,,,,,,
,OH,Cincinnati Country Day School OH,,,,,,,,,,,10.67373702,,,,,,,,,,,,,,,,,,,,,,,,,,,,
,MI,Nouvel Catholic Central H.S. MI,,,,,,,,,,,,,,,,,,,,,,,,,,,,,,,,,,,,10.67206275,,,
,TX,Texas Academy of Mathematics and Science TX,,,,8.299303174,,,,,10.65580251,,,,,,,,,,,,,,,,,,,,,,,,,,,,,,
,VA,"Oakton H.S. Oakton, VA",,,,,,,,,,,,,,,,10.57257404,,,,,,,,,,,,,,,,,,,,,,,
,MD,"Winston Churchill H.S. Potomac, MD",,,,,,,,,,,,,,,,5.795672278,,,,,,,10.57094481,,,,,,,,4.802037943,,,,,,,,
,MA,Reading Memorial H.S. MA,,,,,,,,,,,,,,,,,,,,,,,,,,,,,9.777316845,,,9.080948437,,,,,,,
,MA,Lexington Christian Academy MA,,,,,,,,,,,,,,,,,,,,,,,,,,,,,,,,,,,,,10.48911217,,
,IA,"Mount Vernon H.S. Mount Vernon, IA",,,,,,,,6.9196869,,,,,,,10.48151411,,,,,,,,,,,,,,,,,,,,,,,,
,MD,"Atholton H.S. Columbia, MD",,,,,,,,,,,,,,,,6.783405899,,,,,,,,,,,,,,,,,,,10.43390284,,,,
,OH,Canal Winchester H.S. OH,,,,,,,,,,,,,,,,,,,,,,,,,,,,10.36878248,,,,,,,,,,,
,PA,"State College Area H.S. State College Area High School, PA",,,,,,,,,,,,,,,,,,,,,10.36249105,,,,,,,,,,,,,,,,,,
,WI,Beloit Turner H.S. WI,,,,,,,,,,,,,,,10.35820218,,,,,,,,,,,,,,,,,,,,,,,,
,NY,Chittenango H.S. NY,,,,,10.32968385,,,,,,,,,,,,,,,,,,,,,,,,,,,,,,,,,,
,WI,Belleville H.S. WI,,,,,,,,,,,,,,,10.08145632,,,,,,,,,,,,,,,,,,,,,8.274594679,,,
,FL,Florida Atlantic University H.S. FL,,,,,,,,,,,,,,,,,,,,,,,,,,,,,10.30582046,,,,,,,,,,
,NY,Northern Academy of the Arts NY,,,,,,,,,,,,,,,,,,,,,,,,,10.29829806,,,,,,,,,,,,,,
,OH,Brecksville-Broadview Heights H.S. OH,,,,,,,,,,,,,,,,,,,,,,,,,,,,10.22674436,,,,,,,,,,,
,PA,"Mt. Lebanon H.S. Pittsburgh, PA",,,,,,,2.667924762,,,8.147999894,,,,,,,,,,,,,10.04239757,,,,,,,,,,,,,,,,
,CA,Temecula Valley H.S. CA,,,,,,,,,,,,10.20540438,,,,,,,,,,,,,,,,,,,,,,,,,,,
,IL,Trinity H.S. IL,,,,,,,,,,,,,,,,,,,,,,,,,,,,,,,,,,,,,,,10.19538865
,NY,Leon M. Goldstein H.S. for the Sciences NY,,,,,,,,,,,,,,,,,,10.1917735,,,,,,,,,,,,,,,,,,,,,
,OH,Stow-Munroe Falls H.S. OH,,,,,,,,,,,,,,,,,,,,,,,,,,,,10.10805874,,,,,,,,,,,
,IL,Cary Grove H.S. IL,,,,,,10.01952023,,,,,,,,,,,,,,,,,,,,,,,,,,,,,,,,,
,PA,Cedar Cliff H.S. PA,,,,,,,,,,,,,,10.0173635,,,,,,,,,,,,,,,,,,,,,,,,,
,CA,"Harvard-Westlake Upper School Los Angeles, CA",,,,,,,,,,,,,,,,,,,,,,,,,,,9.993753073,,,,,,,,,,,,
,GA,"Lambert H.S. Suwanee, GA",,,8.673716494,,,,,9.190891617,,,,,,,,,,,,,,,,,,,,,,,,,,,,,,,
,CT,"Staples H.S. Westport, CT",,,,,,,,5.088716327,,,,,,,,,,9.950799722,,,,,,,,,,,,,,,,,,,,,
,IL,Barrington H.S. IL,,,,,,9.897543464,,,,,,,,,,,,,,,,,,,,,,,,,,,,,,,,,
,CA,"Santa Teresa H.S. San Jose, CA",,,,,,,,4.420077538,,,,,,,,,,,,,,,,,,,,,,,2.510432494,,,9.872033671,,,,,
,CA,Cosumnes Oaks H.S. CA,,,,,,,,,,,,,,,,,,,9.865307859,,,,,,,,,,,,,,,,,,,,
,TX,Cypress Falls H.S. TX,,6.499245467,,4.744412193,,,,,6.703274263,,,,,,,,8.356727264,,,,,,,,,,,,,,,,,,,,,,
,TX,Brazoswood H.S. TX,,6.517450636,,6.873169931,,,,,8.82708393,,,,,,,,,,,,,,,,,,,,,,,,,,,,,,
,MA,Bedford H.S. MA,,,,,,,,,,,,,,,,,,,,,,,,,,,,,9.678054745,,,,,,,,,,
,ME,Waynflete Upper School ME,,,,,,,,,,,,,,,,,,,,,,,,,,,,,,,,9.667236357,,,,,,,
,CT,Sacred Heart Greenwich H.S. CT,,,,,,,,,,,,,,,,,,,,,,,,,,9.662087361,,,,,,,,,,,,,
,MI,Benzie Central H.S. MI,,,,,,,,,,,,,,,,,,,,,,,,,,,,,,,,,,,,9.626161867,,,
,CA,"Rancho Bernardo H.S. San Diego, CA",,,,,,,,7.852618493,,,,,,,,,,,,,,,,,,,,,,,,,,,9.166183643,,,,
,MI,"Birmingham Groves H.S. Beverly Hills, MI",,,,,,,,,,,9.487766238,,,,,,,,,,,,,,,,,,,,,,,,,,,,
,CT,Joseph A. Foran H.S. CT,,,,,,,,,,,,,,,,,,,,,,,,,,,,,,9.466942224,,,,,,,,,
,CT,The Taft School CT,,,,,,,,,,,,,,,,,,,,,,,,,,,,,,,,,,,,,9.453823174,,
,CA,"Stratford Preparatory Academy San Jose, CA",,,,,,,,3.80182723,,,,,,,,,,,9.41531136,,,6.55844025,,,,,,,,,,,,,,,,,
,OH,Springfield H.S. OH,,,,,,,,,,,9.129737323,,,,,,,,,,,,,,,,,,,,,,,,,7.560962493,,,
,IL,John Hersey H.S. IL,,,,,,9.329651626,,,,,,,,,,,,,,,,,,,,,,,,,,,,,,,,,
,MI,Dansville H.S. MI,,,,,,,,,,,,,,,,,,,,,,,,,,,,,,,,,,,,9.297134424,,,
,MA,Franklin H.S. MA,,,,,,,,,,,,,,,,,,,,,,,,,,,,,7.304891896,,,9.192447122,,,,,,,
,NY,SAIL NY,,,,,,,,,,,,,,,,,,,,,,,,,,9.255999632,,,,,,,,,,,,,
,IL,Maine South H.S. IL,,,,,,,,,,,,,,,,,,,,,,,,,,,,,,,,,,,,,,,9.218584943
,OH,Fairview H.S. OH,,,,,,,,,,,,,,,,,,,,,,,,,,,,9.208575102,,,,,,,,,,,
,CA,"Los Alamitos H.S. Los Alamitos, CA",,,,,,,,7.270113269,,,,,,,,,,,,,,,,,,,7.984020312,,,,5.524350057,,,,,,,,
,CA,"Homestead H.S. Cupertino, CA",,,5.399532122,,,,,3.874077842,,,,,,,,,,,,,,9.046500777,,,,,,,,,,,,,5.696820164,,,,
,CA,La Mirada H.S. CA,,,,,,,,,,,,,,,,,,,,,,,,,,,,,,,,,,9.088957916,,,,,
,PA,Wyoming Area H.S. PA,,,,,,,,,,,,,,,,,,,,,,,,,9.06149266,,,,,,,,,,,,,,
,NY,Riverdale Kingsbridge Academy NY,,,,,,,,,,,,,,,,,,9.033617424,,,,,,,,,,,,,,,,,,,,,
,OH,Perry H.S. OH,,,,,,,,,,,8.974517678,,,,,,,,,,,,,,,,,,,,,,,,,,,,
,MI,Skyline H.S. MI,,,,,,,,,,,,,,,,,,,,,,,,,,,,,,,,,,,,8.92180856,,,
,IL,Naper Valley Homeschool IL,,,,,,8.850835913,,,,,,,,,,,,,,,,,,,,,,,,,,,,,,,,,
,CA,Pacific Academy Irvine CA,,,,,,,,,,,,8.751561856,,,,,,,,,,,,,,,,,,,4.63374222,,,,,,,,
,IL,Evanston H.S. IL,,,,,,8.570914897,,,,,,,,,,,,,,,,,,,,,,,,,,,6.934374917,,,,,,
,NC,"Durham Academy Upper School Durham, NC",,,,,,,,,,,,,,,,,,,,,,,8.712582365,,,,,,,,,,,,,,,,
,NJ,John P. Stevens H.S. NJ,,,,,,,,,,,,,,,,,,,,,,,,,,,,,,,,,,,8.708963081,,,,
,NY,Riverhead H.S. NY,,,,,,,,,,,,,,,,,,8.693347509,,,,,,,,,,,,,,,,,,,,,
,TX,Cypress Ranch H.S. TX,,,,8.596591646,,,,,6.840425654,,,,,,,,,,,,,,,,,,,,,,,,,,3.495874769,,,,
,RI,Classical H.S. RI,,,,,,,,,,,,,,,,,,,,,,,,,,,,,,,,8.627482382,,,,,,,
,ME,Waterville Senior H.S. ME,,,,,,,,,,,,,,,,,,,,,,,,,,,,,8.607570134,,,,,,,,,,
,OH,Rocky River H.S. OH,,,,,,,,,,,8.602241389,,,,,,,,,,,,,,,,,,,,,,,,,,,,
,CA,San Francisco University H.S. CA,,,,,,,,,,,,,,,,,,,,,,8.589173724,,,,,,,,,,,,,5.907949496,,,,
,PA,Northampton Area H.S. PA,,,,,,,,,,,,,,,,,,,,,,,,,8.577932727,,,,,,,,,,,,,,
,PA,Elizabethtown Area H.S. PA,,,,,,,,,,,,,,,,,,,,,,,,,8.577932727,,,,,,,,,,,,,,
,CA,"Westview H.S. San Diego, CA",,,,,,,,,,5.382553896,,,,,,,,,,,,,,,,,5.385810589,,,,,,,,8.491138159,,,,
,OH,Ottawa Hills H.S. OH,,,,,,,,,,,8.538989614,,,,,,,,,,,,,,,,,,,,,,,,,,,,
,IL,Hinsdale South H.S. IL,,,,,,6.526476481,,,,,,,,,,,,,,,,,,,,,,,,,,,8.509166167,,,,,,
,IL,Loyola Academy IL,,,,,,6.78317937,,,,,,,,,,,,,,,,,,,,,,,,,,,8.349818486,,,,,,
,FL,"River City Science Academy Jacksonville, FL",,,4.845939676,,,,4.50029067,7.889085761,,,,,,,,,,,,,,,,,,,,,,,,,,,5.482167251,,,,
,CA,"West H.S. Torrance, CA",,,,,,,,,,,,,,,,,,,,,,,,,,,,,,,,,,,8.483279633,,,,
,PA,"Winchester Thurston Upper School Pittsburgh, PA",,,,,,,,,,3.571340765,,,,,,,,,,,,,8.480246836,,,,,,,,,,,,,,,,
,PA,"Quaker Valley H.S. Leetsdale, PA",,,,,,,,,,,,,,,,,,,,,,,8.480246836,,,,,,,,,,,,,,,,
,MA,Hopkinton H.S. MA,,,,,,,,,,,,,,,,,,,,,,,,,,,,,8.473674599,,,,,,,,,,
,OH,Worthington Kilbourne H.S. OH,,,,,,,,,,,,,,,,,,,,,,,,,,,,8.442433555,,,,,,,,,,,
,MI,L'Anse Creuse H.S. MI,,,,,,,,,,,,,,,,,,,,,,,,,,,,,,,,,,,,8.439164978,,,
,TX,Prestonwood Christian Academy TX,,8.221660343,,6.760230519,,,,,,,,,,,,,,,,,,,,,,,,,,,,,,,,,,,
,PA,"Pocono Mountain West H.S. Pocono Summit, PA",,,2.293472153,,,,,,,2.726735143,,,,,,,,,,,8.406306516,,,,,,,,,,,,,,,,,,
,RI,Cranston H.S. West RI,,,,,,,,,,,,,,,,,,,,,,,,,,,,,,,,8.401575736,,,,,,,
,RI,Smithfield H.S. RI,,,,,,,,,,,,,,,,,,,,,,,,,,,,,,,,8.370265516,,,,,,,
,WI,"Cambridge H.S. Cambridge, WI",,,,,,,,4.61835016,,,,,,,8.358675811,,,,,,,,,,,,,,,,,,,,,,,,
,TX,St. John's School TX,,8.280177499,,,,,,,6.571514572,,,,,,,,,,,,,,,,,,,,,,,,,,,,,,
,IL,Lyons Township H.S. IL,,,,,,8.344703067,,,,,,,,,,,,,,,,,,,,,,,,,,,,,,,,,
,CA,Franklin H.S. CA,,,,,,,,,,,,,,,,,,,8.333427757,,,,,,,,,,,,,,,,,,,,
,CA,Granite Bay H.S. CA,,,,,,,,,,,,,,,,,,,8.333427757,,,,,,,,,,,,,,,,,,,,
,WA,"Seton Catholic College Prepatory H.S. Vancouver, WA",,,,,,,,,,,,,,,,,,,8.333427757,,,,,,,,,,,,,,,,,,,,
,TX,Alamo Heights H.S. TX,,,,8.323289599,,,,,,,,,,,,,,,,,,,,,,,,,,,,,,,,,,,
,OH,Olentangy H.S. OH,,,,,,,,,,,8.318786443,,,,,,,,,,,,,,,,,,,,,,,,,,,,
,MI,Thornapple Kellogg H.S. MI,,,,,,,,,,,,,,,,,,,,,,,,,,,,,,,,,,,,8.281054159,,,
,UT,Waterford School UT,,,4.061416441,,,,,,,,,,,,,,,,,,,,,,,,,,,,,,,,8.280202026,,,,
,CA,"Torrey Pines H.S. San Diego, CA",,,,,,,,,,,,,,,,,,,,,,,,,,,8.275009663,,,,,,,,,,,,
,NV,"Advanced Technologies Academy Las Vegas, NV",,,,,,,,,,,,,,,,,,,,,,,,,,,,,,,,,,,8.268997423,,,,
,CA,Turlock H.S. CA,,,,,,,,,,,,,,,,,,,,,,8.225335805,,,,,,,,,,,,,,,,,
,TX,Austin Area Homeschoolers TX,2.093908184,8.221660343,,5.646780787,,,,,,,,,,,,,,,,,,,,,,,,,,,,,,,,,,,
,MA,Hampden Charter School of Science - East MA,,,,,,,,,,,,,,,,,,,,,,,,,,,,,,,,,,,,,8.179150387,,
,VT,St. Johnsbury Academy VT,,,,,,,,,,,,,,,,,,,,,,,,,,,,,4.667262631,,,,,,,,8.179150387,,
,VA,"James W. Robinson Jr. Secondary Fairfax, VA",,,,,,,,,,,,,,,,8.103529802,,,,,,,,,,,,,,,,,,,,,,,
,IL,Palatine H.S. IL,,,,,,6.703283265,,,,,,,,,,,,,,,,,,,,,,,,,,,7.727561649,,,,,,
,TX,Kingwood H.S. TX,,,,5.865291652,,,,,8.080381966,,,,,,,,,,,,,,,,,,,,,,,,,,,,,,
,MA,Old Rochester Regional H.S. MA,,,,,,,,,,,,,,,,,,,,,,,,,,,,,,6.601166394,,,,,,,7.744089196,,
,OH,Cleveland Heights H.S. OH,,,,,,,,,,,,,,,,,,,,,,,,,,,,8.039794416,,,,,,,,,,,
,VA,"Centreville H.S. Centreville, VA",,,,,,,,,,,,,,,,8.031391554,,,,,,,,,,,,,,,,,,,,,,,
,PA,Perkiomen Valley H.S. PA,,,,,,,,,,,,,,8.025538895,,,,,,,,,,,,,,,,,,,,,,,,,
,TX,Hendrickson H.S. TX,,6.535758082,,5.008449046,,,,,4.898546576,,,,,,,,5.480710738,,,,,,,,,,,,,,,,,,,,,,
,NY,Farmingdale H.S. NY,,,,,,,,,,,,,,,,,,7.993994413,,,,,,,,,,,,,,,,,,,,,
,CA,"The College Preparatory School Oakland, CA",,,,,,,,5.70699821,,,,,,,,,,,,,,,,,,,,,,,,,,,7.977531456,,,,
,TX,Coppell H.S. TX,,,,,,,,,,,,,,,,,7.962542016,,,,,,,,,,,,,,,,,,,,,,
,NY,Tappan Zee H.S. NY,,,,,,,,,,,,,,,,,,7.79370915,,,,,,,6.309025606,,,,,,,,,,,,,,
,MA,Phillips Academy Andover MA,,,,,,,,,,,,,,,,,,,,,,,,,,,,,7.878416466,,,,,,,,,,
,NC,The Early College at Guilford NC,5.311914447,,,,,,7.875508672,,,,,,,,,,,,,,,,,,,,,,,,3.305402784,,,,,,,,
,RI,Cumberland H.S. RI,,,,,,,,,,,,,,,,,,,,,,,,,,,,,,,,7.825858003,,,3.495874769,,,,
,VA,"Westfield H.S. Chantilly, VA",,,6.006109396,,,,,7.029447451,,4.553557697,,,,,,,,,,,,,,,,,,,,,,,,,,,,,
,RI,East Greenwich H.S. RI,,,,,,,,,,,,,,,,,,,,,,,,,,,,,,,,7.762746245,,,,,,,
,OH,Oak Harbor H.S. OH,,,,,,,,,,,7.74201725,,,,,,,,,,,,,,,,,,,,,,,,,,,,
,CT,Farmington H.S. CT,,,,,,,,,,,,,,,,,,,,,,,,,,,,,,7.712094397,,,,,,,,,
,CA,"Crean Lutheran H.S. Irvine, CA",,,,,,,1.959456703,5.208328464,,,,,,,,,,,,,,,,,,,6.635121903,,,,,,,,5.730655607,,,,
,CT,Oxford H.S. CT,,,,,,,,,,,,,,,,,,,,,,,,,,,,,,7.674657046,,,,,,,,,
,NY,Brentwood H.S. NY,,,,,,,,,,,,,,,,,,7.643830128,,,,,,,,,,,,,,,,,,,,,
,NY,East Rochester H.S. NY,,,,,7.608180535,,,,,,,,,,,,,,,,,,,,,,,,,,,,,,,,,,
,OH,Columbus Academy OH,,,,,,,,,,,,,,,,,,,,,,,,,,,,7.57921156,,,,,,,,,,,
,GA,"Fulton County Innovation Academy Alpharetta, GA",,,,,,,,7.572584549,,,,,,,,,,,,,,,,,,,,,,,,,,,,,,,
,IN,Crown Point H.S. IN,,,4.574077702,,,,,,,,,,,,,,,,,,,,,,,,,,,,,,,,,7.560962493,,,
,CA,"South Pasadena H.S. South Pasadena, CA",,,,,,,,,,,,,,,,,,,,,,,,,,,7.497893172,,,,,,,,,,,,
,WI,"Sheboygan North H.S. Sheboygan, WI",,,,,,,,3.678346735,,,,,,,7.461416826,,,,,,,,,,,,,,,,,,,,,,,,
,IL,James B. Conant H.S. IL,,,,,,7.296266015,,,,,,,,,,,,,,,,,,,,,,,,,,,5.984970566,,,,,,
,NJ,Union County Vocational-Technical Schools NJ,,,,,,,,,,,,,,,,,,,,,,,,,,,,,,,,,,,7.431036598,,,,
,WI,Madison Country Day School WI,,,,,,,,,,,,,,,7.419498754,,,,,,,,,,,,,,,,,,,,,,,,
,CA,"California Academy of Mathematics and Science Carson, CA",,,,,,,,,,,,,,,,,,,,,,,,,,,7.391107308,,,,,,,,,,,,
,CA,"Mark Keppel H.S. Alhambra, CA",,,,,,,,,,,,,,,,,,,,,,,,,,,7.391107308,,,,,,,,,,,,
,CA,Lodi H.S. CA,,,,,,,,,,,,,,,,,,,,,,7.347225631,,,,,,,,,,,,,,,,,
,NY,Deposit Central School NY,,,,,7.341039365,,,,,,,,,,,,,,,,,,,,,,,,,,,,,,,,,,
,NH,Alvirne H.S. NH,,,,,,,1.876409855,,,,,,,,,,,,,,,,,,,,,,,,,7.339938715,,,,,,,
,WA,Redmond H.S. WA,,,,,,,,,,,,,7.311088222,,,,,,,,,,,,,,,,,,,,,,3.495874769,,,,
,WV,"Parkersburg H.S. Parkersburg, WV",,,,,,,,,,,,,,,,,,,,,,,7.282654725,,,,,,,,,,,,,,,,
,MA,Auburn H.S. MA,,,,,,,,,,,,,,,,,,,,,,,,,,,,,,,,,,,,,7.279443844,,
,TX,NYOS Charter School TX,,6.357185457,,,,,,,6.603966496,,,,,,,,,,,,,,,,,,,,,,,,,,,,,,
,CA,St. Francis H.S. CA,,,,,,,,,,,,,,,,,,,,,,7.18222849,,,,,,,,,,,,,4.934688368,,,,
,IL,Buffalo Grove H.S. IL,,,,,,7.167616488,,,,,,,,,,,,,,,,,,,,,,,,,,,,,5.304504423,,,,
,TX,Theodore Roosevelt H.S. TX,,,,7.163826371,,,,,,,,,,,,,,,,,,,,,,,,,,,,,,,,,,,
,IL,Dundee-Crown H.S. IL,,,,,,6.9403506,,,,,,,,,,,,,,,,,,,,,,,,,,,5.805733166,,,,,,
,OH,Orange H.S. OH,,,,,,,,,,,,,,,,,,,,,,,,,,,,7.153821178,,,,,,,,,,,
,CT,Amity H.S. CT,,,,,,,,,,,,,,,,,,,,,,,,,,,,,,7.057943533,,,,,,,,,
,CA,"Cerritos H.S. Cerritos, CA",,,,,,,,,,,,,,,,,,,,,,,,,,,7.03335768,,,,2.94249506,,,,,,,,
,TX,Bridgeland H.S. TX,,,3.924569677,5.088088695,,,,,6.571514572,,,,,,,,,,,,,,,,,,,,,,,,,,,,,,
,WI,The Prairie School WI,,,,,,,,,,,,,,,6.932655003,,,,,,,,,,,,,,,,,,,,,,,,
,MA,Deerfield Academy MA,,,,,,,,,,,,,,,,,,,,,,,,,,,,,,,,,,,,,6.880381705,,
,CA,Tesoro H.S. CA,,,,,,,,,,,,,,,,,,,,,,,,,,,,,,,,,,,6.842988909,,,,
,KS,"Olathe North H.S. Olathe, KS",,,,,,,,,,,,,,,,,,,,6.830612266,,,,,,,,,,,,,,,,,,,
,CT,Glastonbury H.S. CT,,,,,,,,,,,,,,,,,,,,,,,,,,,,,,6.785319105,,,,,,,,,
,WA,Raisbeck Aviation H.S. WA,,,,,,,,,,,,,6.760252808,,,,,,,,,,,,,,,,,,,,,,,,,,
,MA,"Amherst-Pelham Regional H.S. Amherst, MA",,,,,,,,4.769629763,,,,,,,,,,,,,,,,,,,,,,5.091720938,,,,,,,5.590970694,,
,IL,Harlem H.S. IL,,,,,,6.71118808,,,,,,,,,,,,,,,,,,,,,,,,,,,,,,,,,
,PA,Kutztown H.S. PA,,,,,,,,,,,,,,,,,,,,,,,,,6.709780409,,,,,,,,,,,,,,
,OH,Athens Area H.S. OH,,,,,,,,,,,,,,,,,,,,,,,,,,,,6.682693568,,,,,,,,,,,
,OH,Northville H.S. OH,,,,,,,,,,,,,,,,,,,,,,,,,,,,6.682693568,,,,,,,,,,,
,TX,Bellville H.S. TX,,5.136269044,,4.471829505,,,,,5.607141364,,,,,,,,,,,,,,,,,,,,,,,,,,,,,,
,NH,Merrimack H.S. NH,,,,,,,,,,,,,,,,,,,,,,,,,,,,,,,,6.651593031,,,,,,,
,PA,East Stroudsburg South H.S. PA,,,,,,,,,,,,,,,,,,,,,,,,,6.649440657,,,,,,,,,,,,,,
,GA,Rockdale Magnet School for Science and Tech GA,,,,,,,,,,6.622694314,,,,,,,,,,,,,,,,,,,,,,,,,,,,,
,OH,Lakota East H.S. OH,,,,,,,,,,,,,,,,,,,,,,,,,,,,,,,,,,,6.615794762,,,,
,CA,Chaparral H.S. CA,,,,,,,,,,,,6.609829419,,,,,,,,,,,,,,,,,,,,,,,,,,,
,CA,Sage Hill School CA,,,,,,,,,,,,,,,,,,,,,,,,,,,,,,,,,,,6.577813881,,,,
,PA,"Delaware Valley H.S. Milford, PA",,,,,,,,,,,,,,,,,,,,,6.573016265,,,,,,,,,,,,,,,,,,
,CA,"Quartz Hill H.S. Lancaster, CA",,,,,,,,,,,,,,,,,,,,,,,,,,,6.545458094,,,,,,,,,,,,
,MN,"Woodbury H.S. Woodbury, MN",,,,,,,,5.960642575,,,,,,,,,,,,,,,,,,,,,,,,,,,5.700362962,,,,
,WA,Seton Catholic H.S. WA,,,,,,,,,,,,,3.183861,,,,,,,,,,,,,,,,,,,,,,6.477868299,,,,
,IL,Prairie Ridge H.S. IL,,,,,,6.351660147,,,,,,,,,,,,,,,,,,,,,,,,,,,,,,,,,
,CA,"The Palmdale Aerospace Academy Palmdale, CA",,,,,,,,,,,,,,,,,,,,,,,,,,,6.345378589,,,,,,,,,,,,
,TX,Cypress Woods H.S. TX,,,,6.301659084,,,,,,,,,,,,,,,,,,,,,,,,,,,,,,,,,,,
,CA,"Irvine H.S. Irvine, CA",,,4.051325965,,,,,6.276292367,,,,,,,,,,,,,,,,,,,,,,,3.183373468,,,,,,,,
,CA,"Francisco Bravo Medical Magnet H.S. Los Angeles, CA",,,,,,,,,,,,,,,,,,,,,,,,,,,6.263326279,,,,,,,,,,,,
,TX,Belleville H.S. TX,,,,,,,,,,,,,,,,,6.252070027,,,,,,,,,,,,,,,,,,,,,,
,ME,Belfast Area H.S. ME,,,,,,,,,,,,,,,,,,,,,,,,,,,,,6.251071426,,,,,,,,,,
,OH,West Liberty-Salem H.S. OH,,,,,,,,,,,6.177141423,,,,,,,,,,,,,,,,,,,,,,,,,,,,
,IL,Willowbrook H.S. IL,,,,,,,,,,,,,,,,,,,,,,,,,,,,,,,,,6.167085852,,,,,,
,PA,Wallenpaupack Area H.S. PA,,,,,,,,,,,,,,,,,,,,,,,,,6.151562405,,,,,,,,,,,,,,
,VA,"George C. Marshall H.S. Falls Church, VA",,,,,,,,,,,,,,,,6.123481796,,,,,,,,,,,,,,,,,,,,,,,
,GA,"Gwinnett School of Mathematics, Science, and Technology Lawrenceville, GA",,,,,,,,6.103412457,,,,,,,,,,,,,,,,,,,,,,,,,,,,,,,
,CA,"Larchmont Charter School Los Angeles, CA",,,,,,,,,,,,,,,,,,,,,,,,,,,6.090074169,,,,,,,,,,,,
,LA,Kenner Discovery Health Sciences Academy LA,,,,,,,,,,,,,,,,,,,,,,,,,,,,,,,,,,,6.076356409,,,,
,WI,Pewaukee H.S. WI,,,,,,,,,,,,,,,6.058122836,,,,,,,,,,,,,,,,,,,,,,,,
,MD,Mt. Hebron H.S. MD,,,,,,,,,,,,,,,,,,,,,,,,,,,,,,,,,,,6.052283686,,,,
,NY,"John Jay H.S. Hopewell Junction, NY",6.043495479,,,,,,,,,,,,,,,,,,,,,,,,,,,,,,,,,,,,,,
,PA,Perkiomen School PA,,,,,,,,,,3.348854326,,,,,,,,,,,,,,,6.040995107,,,,,,,,,,,,,,
,WI,"Evansville H.S. Evansville, WI",,,,,,,,4.22232759,,,,,,,5.975885874,,,,,,,,,,,,,,,,,,,,,,,,
,NJ,Academy for Health and Medical Sciences NJ,,,,,,,,,,,,,,,,,,,,,,,,,,,,,,,,,,,5.954000418,,,,
,TX,Langham Creek H.S. TX,,4.59828039,,4.528078933,,,,,4.627346766,,,,,,,,,,,,,,,,,,,,,,,,,,,,,,
,VA,"BASIS Independent McLean McLean, VA",,,,,,,2.853842864,,,,,,,,,5.948525173,,,,,,,,,,,,,,,,,,,3.495874769,,,,
,CA,"Edgewood H.S. West Covina, CA",,,,,,,,,,,,,,,,,,,,,,,,,,,5.945547041,,,,2.355393908,,,,,,,,
,PA,Central Bucks H.S. South PA,,,,,,,,,,5.854574182,,,,,,,,,,,,,,,,,,,,,,,,,,,,,
,CA,"Santa Monica H.S. Santa Monica, CA",,,,,,,,,,,,,,,,,,,,,,,,,,,5.807720611,,,,,,,,,,,,
,WI,"Kohler H.S. Kohler, WI",,,,,,,,3.661170547,,,,,,,5.779740823,,,,,,,,,,,,,,,,,,,,,,,,
,OH,"Maumee Valley Country Day School Toledo, OH",,,,,,,,,,,5.731996977,,,,,,,,,,,,,,,,,,,,,,,,,,,,
,CA,"Cupertino H.S. Cupertino, CA",,,3.996712502,,,,,,,3.769748585,,,,,,,,,,,,,,,,,,,,,,,,,5.164047123,,,,
,TX,Tomball H.S. TX,,,,4.914433791,,,,,5.264973289,,,,,,,,,,,,,,,,,,,,,,,,,,,,,,
,TX,John B. Connally H.S. TX,,5.170510838,,,,,,,5.008626275,,,,,,,,,,,,,,,,,,,,,,,,,,,,,,
,IL,Fox Homeschoolers IL,,,,,,,,,,,,,,,4.546198892,,,,,,,,,,,,,,,,,,5.552681284,,,,,,
,MI,Laker H.S. MI,,,3.106016573,,,,,,,,,,,,,,,,,,,,,,,,,,,,,,,,5.670388891,,,,
,DC,"National Cathedral School Washington, DC",,,,,,,,5.53349555,,,,,,,,4.051764901,,,,,,,,,,,,,,,3.065288517,,,,,,,,
,CA,"Sage Creek H.S. Carlsbad, CA",,,,,,,,,,,,,,,,,,,,,,,,,,,5.645266887,,,,,,,,,,,,
,PA,"Pittsburgh Science and Technology Academy Pittsburgh, PA",,,,,,,,,,,,,,,,,,,,,,,5.628482413,,,,,,,,,,,,,,,,
,MA,Lynn Classical H.S. MA,,,,,,,,,,,,,,,,,,,,,,,,,,,,,,,,,,,,,5.590970694,,
,PA,"Trinity Christian School Pittsburgh, PA",,,,,,,,,,,,,,,,,,,,,,,5.562844134,,,,,,,,,,,,,,,,
,MN,"Delano H.S. Delano, MN",,,,,,,,5.536501251,,,,,,,,,,,,,,,,,,,,,,,,,,,,,,,
,WA,Inglemoor H.S. WA,,,,,,,,,,,,,,,,,,,,,,,,,,,,,,,,,,,5.492021356,,,,
,VA,"Chantilly H.S. Chantilly, VA",,,,,,,,,,,,,,,,5.402353201,,,,,,,,,,,,,,,,,,,,,,,
,NY,Sacred Heart Greenwich NY,,,,,,,,,,,,,,,,,,,,,,,,,,,,,,5.386641742,,,,,,,,,
,IL,Elgin H.S. IL,,,,,,,,,,,,,,,,,,,,,,,,,,,,,,,,,5.320767388,,,,,,
,IL,Niles North H.S. IL,,,,,,5.318773357,,,,,,,,,,,,,,,,,,,,,,,,,,,,,,,,,
,VA,"Stone Bridge H.S. Ashburn, VA",,,,,,,,,,,,,,,,5.317443917,,,,,,,,,,,,,,,,,,,,,,,
,MD,Pilgrimage Homeschool MD,,,,,,,,,,,,,,,,,,,,,,,,,,,,,,,,,,,5.302969999,,,,
,IL,Durand H.S. IL,,,,,,5.294034876,,,,,,,,,,,,,,,,,,,,,,,,,,,,,,,,,
,CA,"Beverly Hills H.S. Beverly Hills, CA",,,,,,,,,,,,,,,,,,,,,,,,,,,5.291666776,,,,3.727897877,,,,,,,,
,OR,St Mary's Academy OR,,,,,,,,,,,,,5.278058342,,,,,,,,,,,,,,,,,,,,,,,,,,
,CA,"La Cañada H.S. La Cañada Flintridge, CA",,,1.927492554,,,,,4.003416655,,,,,,,,,,,,,,,,,,,,,,,,,,,5.254332842,,,,
,MN,"Lakeville North H.S. Lakeville, MN",,,,,,,,5.197704642,,,,,,,,,,,,,,,,,,,,,,,,,,,,,,,
,CA,Pacifica Christian H.S. CA,,,,,,,,,,,,,,,,,,,,,,,,,,,,,,,2.637289455,,,,5.190364464,,,,
,KS,"Manhattan H.S. Manhattan, KS",,,,,,,,,,4.193702073,,,,,,,,,,3.400895558,,,,,,,,,,,,,,,4.131703242,,,,
,VA,"Stafford H.S. Fredericksburg, VA",,,,,,,,,,,,,,,,5.126096503,,,,,,,,,,,,,,,,,,,,,,,
,IL,Benet Academy IL,,,,,,,,,,,,,,,,,,,,,,,,,,,,,,,,,5.11917689,,,,,,
,TX,Lake Travis H.S. TX,,,,,,,,,5.113970231,,,,,,,,,,,,,,,,,,,,,,,,,,,,,,
,KS,"St. James Academy Lenexa, KS",,,,,,,,,,,,,,,,,,,,5.101343338,,,,,,,,,,,,,,,,,,,
,TX,Summer Creek H.S. TX,,,,3.839810935,,,,,5.09448844,,,,,,,,,,,,,,,,,,,,,,,,,,,,,,
,CT,Avon H.S. CT,,,,,,,,,,,,,,,,,,,,,,,,,,,,,,5.091720938,,,,,,,,,
,MD,Wheaton H.S. MD,,,,,,,,,,,,,,,,,,,,,,,,,,,,,,5.091720938,,,,,,,,,
,MS,Enrichments LLC MS,,,,,,,,,,,,,,,,,,,,,,,,,,,,,5.084204759,,,,,,,,,,
,CA,Wilcox H.S. CA,,,,,,,,,,,,,,,,,,,,,,,,,,,,,,,,,,,5.051630556,,,,
,FL,Navarre H.S. FL,,,,,,,,,,,,,,,,,,,,,,,,,,,,,,,,,,,5.036364639,,,,
,VA,"Potomac Falls H.S. Potomac Falls, VA",,,,,,,,4.576874182,,,,,,,,4.275796136,,,,,,,,,,,,,,,,,,,,,,,
,CA,"Polytechnic School Pasadena, CA",,,,,,,,,,,,,,,,,,,,,,,,,,,4.935773427,,,,,,,,,,,,
,TX,Tomball Memorial H.S. TX,,,,,,,,,4.92561037,,,,,,,,,,,,,,,,,,,,,,,,,,,,,,
,TX,Leander H.S. TX,,4.919090649,,,,,,,,,,,,,,,,,,,,,,,,,,,,,,,,,,,,,
,OH,Mars Hill Academy OH,,,,,,,,,,,4.90414944,,,,,,,,,,,,,,,,,,,,,,,,,,,,
,VT,Saint Johnsbury Academy VT,,,,,,,,,,,,,,,,,,,,,,,,,,,,,,,,,,,4.882121781,,,,
,CA,Fremont H.S. CA,,,,,,,,,,,,,,,,,,,,,,,,,,,,,,,4.860886447,,,,,,,,
,IL,St. Charles East H.S. IL,,,,,,,,,,,,,,,,,,,,,,,,,,,,,,,,,4.825544449,,,,,,
,IL,Grayslake North H.S. IL,,,,,,,,,,,,,,,,,,,,,,,,,,,,,,,,,4.799572736,,,,,,
,CA,Silvercreek H.S. CA,,,,,,,,,,,,,,,,,,,,,,,,,,,,,,,,,,,4.770327163,,,,
,CA,West H.S. CA,,,,,,,4.333613238,,,,,,,,,,,,,,,,,,,,,,,,4.210704183,,,,,,,,
,NY,"John F. Kennedy H.S. Bellmore, NY",,,,,,,,,,,,,,,,,,,,,,,4.740510654,,,,,,,,,,,,,,,,
,PA,"B. Reed Henderson H.S. West Chester, PA",,,,,,,,,,,,,,,,,,,,,,,4.740510654,,,,,,,,,,,,,,,,
,PA,"Milliones School Pittsburgh, PA",,,,,,,,,,,,,,,,,,,,,,,4.740510654,,,,,,,,,,,,,,,,
,PA,"Brashear H.S. Pittsburgh, PA",,,,,,,,,,,,,,,,,,,,,,,4.740510654,,,,,,,,,,,,,,,,
,NJ,Manalapan H.S. NJ,,,,,,,,,,,,,,,,,,,,,,,,,,,,,,,,,,,4.71632809,,,,
,CA,Tracy H.S. CA,,,,,,,,,,,,,,,,,,,,,,,,,,,,,,,,,,,4.692185126,,,,
,PA,Scranton Preparatory School PA,,,,,,,,,,,,,,,,,,,,,,,,,4.685790881,,,,,,,,,,,,,,
,MN,"John F. Kennedy H.S. Bloomington, MN",,,,,,,,,,,,,,,,,,,,,,,,,,,,,4.667262631,,,,,,,,,,
,VA,"Meridian H.S. Falls Church, VA",,,,,,,,,,,,,,,,4.666515438,,,,,,,,,,,,,,,,,,,,,,,
,GA,"Alpharetta H.S. Alpharetta, GA",,,,,,,,4.658454663,,,,,,,,,,,,,,,,,,,,,,,,,,,,,,,
,VA,"Independence H.S. Ashburn, VA",,,,,,,,,,,,,,,,4.650479302,,,,,,,,,,,,,,,,,,,,,,,
,WI,Horicon H.S. WI,,,,,,,,,,,,,,,4.609671128,,,,,,,,,,,,,,,,,,,,,,,,
,MN,"John Marshall H.S. Rochester, MN",,,,,,,,4.589238543,,,,,,,,,,,,,,,,,,,,,,,,,,,,,,,
,TX,Cy-Fair H.S. TX,,,,4.585761467,,,,,,,,,,,,,,,,,,,,,,,,,,,,,,,,,,,
,MD,"Franklin H.S. Reisterstown, MD",,,,,,,,,,4.578743304,,,,,,,,,,,,,,,,,,,,,,,,,,,,,
,ND,"Legacy H.S. Bismarck, ND",,,,,,,,4.572767521,,,,,,,,,,,,,,,,,,,,,,,,,,,,,,,
,TX,Jack E. Singley H.S. TX,,,,,,,,,,,,,,,,,4.537792762,,,,,,,,,,,,,,,,,,,,,,
,MD,"Oakland Mills H.S. Columbia, MD",,,,,,,,,,,,,,,,4.481090983,,,,,,,,,,,,,,,,,,,,,,,
,TX,Cypress Springs H.S. TX,,,,3.824512883,,,,,4.153115576,,,,,,,,,,,,,,,,,,,,,,,,,,,,,,
,UT,Wasatch H.S. UT,,,,,,,,,,4.450735426,,,,,,,,,,,,,,,,,,,,,2.968924656,,,,,,,,
,NY,"Miller Place H.S. Miller Place, NY",,,,,,,,4.427757951,,,,,,,,,,,,,,,,,,,,,,,,,,,,,,,
,IL,"Plainfield North H.S. Plainfield, IL",,,,,,,,4.153503995,,,,,,,,,,,,,,,,,,,,,,,3.638975542,,,,,,,,
,CA,Valley Christian H.S. CA,,,,,,,,,,,,,,,,,,,,,,,,,,,,,,,,,,,4.32367153,,,,
,WA,Lakeside School WA,,,,,,,,,,,,,,,,,,,,,,,,,,,,,,,,,,,4.310455511,,,,
,TX,Fulshear H.S. TX,,,,3.682683122,,,,,,,,,,,,,,,,,,,,,,,,,,,,,,,3.969763379,,,,
,MN,"Minnetonka H.S. Minnetonka, MN",,,,,,,,4.210119291,,,,,,,,,,,,,,,,,,,,,,,,,,,,,,,
,OR,Westview H.S. OR,,,,,,,,,,,,,,,,,,,,,,,,,,,,,,,,,,,4.182607184,,,,
,NY,Loyola School NY,,,,,,,,,,4.180993885,,,,,,,,,,,,,,,,,,,,,,,,,,,,,
,FL,"Maclay School Tallahassee, FL",,,3.548767575,,,,,3.912744262,,,,,,,,,,,,,,,,,,,,,,,,,,,,,,,
,FL,Lawton Chiles H.S. FL,,,4.056364928,,,,,,,,,,,,,,,,,,,,,,,,,,,,,,,,,,,,
,CA,"Agoura H.S. Agoura Hills, CA",,,,,,,,,,,,,,,,,,,,,,,,,,,4.049865376,,,,,,,,,,,,
,FL,Chaminade-Madonna College Preparatory FL,,,,,,,,,,,,,,,,,,,,,,,,,,,,,,,,,,,4.045987042,,,,
,MD,Crofton H.S. MD,,,,,,,,,,,,,,,,,,,,,,,,,,,,,,,,,,,4.044201916,,,,
,PA,Norwin H.S. PA,,,,,,,,,,3.991498502,,,,,,,,,,,,,,,,,,,,,,,,,,,,,
,CA,Bishop O'Dowd H.S. CA,,,,,,,,,,,,,,,,,,,,,,,,,,,,,,,,,,,3.978378317,,,,
,NC,"Cornerstone Charter Academy Greensboro, NC",,,,,,,,3.917255497,,,,,,,,,,,,,,,,,,,,,,,,,,,,,,,
,CT,Cheshire Academy CT,,,,,,,,,,,,,,,,,,,,,,,,,,,,,,,,,,,3.910487902,,,,
,PA,Downingtown H.S. PA,,,,,,,,,,3.897536673,,,,,,,,,,,,,,,,,,,,,,,,,,,,,
,TX,Spring Early College Academy TX,,,,,,,,,3.893168021,,,,,,,,,,,,,,,,,,,,,,,,,,,,,,
,IN,South Vermillion H.S. IN,,,,,,,,,,,,,,,,,,,,,,,,,,,,,,,,,,,3.886446319,,,,
,VA,"Flint Hill School Oakton, VA",,,,,,,,,,3.376169614,,,,,,3.515037602,,,,,,,,,,,,,,,,,,,,,,,
,CA,Los Altos H.S. CA,,,,,,,,,,,,,,,,,,,,,,,,,,,,,,,,,,,3.822428542,,,,
,IL,Maine West H.S. IL,,,,,,,,,,,,,,,,,,,,,,,,,,,,,,,,,3.775447139,,,,,,
,TX,PCA TX,,,,,,,,,,,,,,,,,3.7346436,,,,,,,,,,,,,,,,,,,,,,
,TX,North Austin Science Alliance TX,,3.704983881,,,,,,,,,,,,,,,,,,,,,,,,,,,,,,,,,,,,,
,IN,Bloomington H.S. North IN,,,,,,,3.689427486,,,,,,,,,,,,,,,,,,,,,,,,,,,,,,,,
,TN,STEAM HEAT Homeschooling Group TN,,,,,,,,3.673044614,,,,,,,,,,,,,,,,,,,,,,,,,,,,,,,
,CA,The Preuss School CA,,,,,,,,,,,,,,,,,,,,,,,,,,,,,,,,,,,3.666473457,,,,
,WI,"Platteville H.S. Platteville, WI",,,,,,,,3.662486095,,,,,,,,,,,,,,,,,,,,,,,,,,,,,,,
,GA,South Cobb H.S. GA,,,,,,,,,,,,,,,,,,,,,,,,,,,,,,,,,,,3.633049403,,,,
,WI,"West Bend H.S. West Bend, WI",,,,,,,,3.606758246,,,,,,,,,,,,,,,,,,,,,,,,,,,,,,,
,NE,Hemingford H.S. NE,,,,,,,,,,,,,,,,,,,,,,,,,,,,,,,,,,,3.59176475,,,,
,WI,"Westfield Area H.S. Westfield, WI",,,,,,,,3.575131113,,,,,,,,,,,,,,,,,,,,,,,,,,,,,,,
,TX,International Leadership of Texas - Garland H.S. TX,,3.563139169,,,,,,,,,,,,,,,,,,,,,,,,,,,,,,,,,,,,,
,TX,Churchill Fulshear J.H.S. TX,,,,,,,,,3.556657488,,,,,,,,,,,,,,,,,,,,,,1.798043219,,,,,,,,
,FL,Tampa Preparatory School FL,,,3.537220609,,,,,,,,,,,,,,,,,,,,,,,,,,,,,,,,,,,,
,NY,Union Endicott H.S. NY,,,,,,,,,,3.534742909,,,,,,,,,,,,,,,,,,,,,,,,,,,,,
,CA,Quarry Lane School CA,,,,,,,,,,,,,,,,,,,,,,,,,,,,,,,,,,,3.526811713,,,,
,GA,"Wesleyan School Peachtree Corners, GA",,,,,,,,3.463370304,,,,,,,,,,,,,,,,,,,,,,,,,,,,,,,
,NY,Franklin H.S. NY,,,,,,,,,,3.420813179,,,,,,,,,,,,,,,,,,,,,,,,,,,,,
,TX,Lawrence E. Elkins H.S. TX,,,,,,,,,3.411487794,,,,,,,,,,,,,,,,,,,,,,,,,,,,,,
,OH,Shaker Heights H.S. OH,,,,,,,,,,3.39555697,,,,,,,,,,,,,,,,,,,,,,,,,,,,,
,NJ,Ranney School NJ,,,,,,,,,,3.373418049,,,,,,,,,,,,,,,,,,,,,,,,,,,,,
,MD,Worcester Technical H.S. MD,,,,,,,,,,,,,,,,,,,,,,,,,,,,,,,3.333179278,,,,,,,,
,FL,Olympia H.S. FL,,,,,,,3.282777162,,,,,,,,,,,,,,,,,,,,,,,,,,,,,,,,
,KS,"Eudora H.S. Eudora, KS",,,,,,,,,,,,,,,,,,,,3.263207479,,,,,,,,,,,,,,,,,,,
,NY,"Notre Dame H.S. Elmira, NY",,,,,,,,,,3.233737458,,,,,,,,,,,,,,,,,,,,,,,,,,,,,
,KS,"Mill Valley H.S. Mill Valley, KS",,,,,,,,,,,,,,,,,,,,3.224048989,,,,,,,,,,,,,,,,,,,
,CA,East Bay Innovation Academy CA,,,,,,,,,,3.183987651,,,,,,,,,,,,,,,,,,,,,,,,,,,,,
,HI,Pearl City H.S. HI,3.183797303,,,,,,,,,,,,,,,,,,,,,,,,,,,,,,,,,,,,,,
,NM,Socorro H.S. NM,,,3.175576827,,,,,,,,,,,,,,,,,,,,,,,,,,,,,,,,,,,,
,MI,Calumet H.S. MI,,,,,,,,,,,,,,,,,,,,,,,,,,,,,,,3.128141436,,,,,,,,
,CA,Fountain Valley H.S. CA,,,3.068031422,,,,,,,,,,,,,,,,,,,,,,,,,,,,,,,,,,,,
,HI,Mililani H.S. HI,2.994847908,,,,,,,,,,,,,,,,,,,,,,,,,,,,,,,,,,,,,,
,IL,Rockford Auburn H.S. IL,,,,,,,,,,,,,,,,,,,,,,,,,,,,,,,2.977840346,,,,,,,,
,MO,Clayton H.S. MO,,,2.970234428,,,,,,,,,,,,,,,,,,,,,,,,,,,,,,,,,,,,
,ND,"Red River H.S. Grand Forks, ND",,,,,,,,,,,,,,,,,,,,,,,,,,,,,,,2.955650775,,,,,,,,
,AR,Haas Hall Bentonville AR,,,2.93283939,,,,,,,,,,,,,,,,,,,,,,,,,,,,,,,,,,,,
,PA,Strath Haven H.S. PA,,,,,,,,,,2.904690489,,,,,,,,,,,,,,,,,,,,,,,,,,,,,
,CA,Etiwanda H.S. CA,,,,,,,,,,2.892511493,,,,,,,,,,,,,,,,,,,,,,,,,,,,,
,FL,Pensacola H.S. FL,,,2.835928176,,,,,,,,,,,,,,,,,,,,,,,,,,,,,,,,,,,,
,KS,"Blue Valley West H.S. Overland Park, KS",,,,,,,,,,,,,,,,,,,,2.828113149,,,,,,,,,,,,,,,,,,,
,FL,Land O Lakes H.S. FL,,,,,,,2.814614783,,,,,,,,,,,,,,,,,,,,,,,,,,,,,,,,
,TX,Hockaday School TX,,,,,,,,,,,,,,,,,2.813431512,,,,,,,,,,,,,,,,,,,,,,
,UT,Hillcrest H.S. UT,,,,,,,2.809786971,,,,,,,,,,,,,,,,,,,,,,,,,,,,,,,,
,NE,"Lincoln Southwest H.S. Lincoln, NE",,,,,,,,,,,,,,,,,,,,2.750895042,,,,,,,,,,,,,,,,,,,
,HI,University Laboratory School HI,2.727739851,,,,,,,,,,,,,,,,,,,,,,,,,,,,,,,,,,,,,,
,OH,Wyoming High school OH,,,,,,,,,,,,,,,,,,,,,,,,,,,,,,,2.701964129,,,,,,,,
,WA,Mountain View H.S. WA,,,,,,,,,,,,,2.667559216,,,,,,,,,,,,,,,,,,,,,,,,,,
,NJ,Eastern Camden County Regional H.S. NJ,,,,,,,,,,,,,,,,,,,,,,,,,,,,,,,2.52642251,,,,,,,,
,VA,"Justice H.S. Falls Church, VA",,,,,,,,,,,,,,,,2.483099958,,,,,,,,,,,,,,,,,,,,,,,
,TX,Colleyville Heritage H.S. TX,,,,,,,,,,,,,,,,,2.446462185,,,,,,,,,,,,,,,,,,,,,,
,KS,"Olathe Northwest H.S. Olathe, KS",,,,,,,,,,,,,,,,,,,,2.377617249,,,,,,,,,,,,,,,,,,,
,TN,Maryville H.S. TN,,,,,,,,,,,,,,,,,,,,,,,,,,,,,,,2.363816055,,,,,,,,
,PA,Central Dauphin H.S. PA,,,,,,,,,,2.337201551,,,,,,,,,,,,,,,,,,,,,,,,,,,,,
,WA,Skyridge M.S. WA,,,,,,,,,,,,,2.316894155,,,,,,,,,,,,,,,,,,,,,,,,,,
,KS,"De Soto H.S. De Soto, KS",,,,,,,,,,,,,,,,,,,,2.30949068,,,,,,,,,,,,,,,,,,,
,FL,Osceola H.S. FL,,,2.287038851,,,,,,,,,,,,,,,,,,,,,,,,,,,,,,,,,,,,
,CA,Vista Murrieta H.S. CA,,,,,,,,,,,,,,,,,,,,,,,,,,,,,,,2.266561909,,,,,,,,
,KS,"Blue Valley Northwest H.S. Overland Park, KS",,,,,,,,,,,,,,,,,,,,2.251430859,,,,,,,,,,,,,,,,,,,
,KS,"Olathe West H.S. Olathe, KS",,,,,,,,,,,,,,,,,,,,2.245159463,,,,,,,,,,,,,,,,,,,
,WA,Liberty M.S. WA,,,,,,,,,,,,,2.238088231,,,,,,,,,,,,,,,,,,,,,,,,,,
,MA,Hampden Charter School of Science - West MA,,,,,,,,,,,,,,,,,,,,,,,,,,,,,,,2.215912481,,,,,,,,
,FL,American Heritage School FL,,,,,,,2.172554117,,,,,,,,,,,,,,,,,,,,,,,,,,,,,,,,
,MO,"John Burroughs School St. Louis, MO",,,,,,,,,,,,,,,,,,,,2.137963521,,,,,,,,,,,,,,,,,,,
,FL,Spruce Creek H.S. FL,2.133749989,,,,,,,,,,,,,,,,,,,,,,,,,,,,,,,,,,,,,,
,MO,"Oak Park H.S. Kansas City, MO",,,,,,,,,,,,,,,,,,,,2.072010919,,,,,,,,,,,,,,,,,,,
,UT,Grand County H.S. UT,,,,,,,1.687029664,,,,,,,,,,,,,,,,,,,,,,,,1.997222226,,,,,,,,
,GA,Denmark H.S. GA,,,,,,,,,,,,,,,,,,,,,,,,,,,,,,,2.021653079,,,,,,,,
,MA,Hampden Charter School of Science East MA,,,,,,,,,,,,,,,,,,,,,,,,,,,,,,,2.017539848,,,,,,,,
,CA,The Science Academy STEM Magnet CA,,,,,,,,,,,,,,,,,,,,,,,,,,,,,,,1.985226897,,,,,,,,
,MO,"North Kansas City H.S. North Kansas City, MO",,,,,,,,,,,,,,,,,,,,1.942198186,,,,,,,,,,,,,,,,,,,
,MN,Faribault H.S. MN,,,1.927492554,,,,,,,,,,,,,,,,,,,,,,,,,,,,,,,,,,,,
,TN,STEAM Heat Homeschool TN,,,,,,,,,,,,,,,,,,,,,,,,,,,,,,,1.92547735,,,,,,,,
,MO,"Warrensburg H.S. Warrensburg, MO",,,,,,,,,,,,,,,,,,,,1.919076779,,,,,,,,,,,,,,,,,,,
,MO,"Holden H.S. Holden, MO",,,,,,,,,,,,,,,,,,,,1.844421619,,,,,,,,,,,,,,,,,,,
,CA,Flintridge Sacred Heart Academy CA,,,,,,,,,,,,,,,,,,,,,,,,,,,,,,,1.799674837,,,,,,,,
,NJ,"Saddle River Day School Saddle River, NJ",,,,,,,,,,,,,,,,,,,,,,,,,,,,,,,1.794788842,,,,,,,,
,KS,"Tonganoxie H.S. Tonganoxie, KS",,,,,,,,,,,,,,,,,,,,1.763702948,,,,,,,,,,,,,,,,,,,
,MO,"Kearney H.S. Kearney, MO",,,,,,,,,,,,,,,,,,,,1.722248392,,,,,,,,,,,,,,,,,,,
,KS,"Augusta H.S. Augusta, KS",,,,,,,,,,,,,,,,,,,,1.696867889,,,,,,,,,,,,,,,,,,,
,HI,Hanalani Schools HI,1.607107874,,,,,,,,,,,,,,,,,,,,,,,,,,,,,,,,,,,,,,
,MO,"St. Teresa's Academy Kansas City, MO",,,,,,,,,,,,,,,,,,,,1.532342676,,,,,,,,,,,,,,,,,,,
,CA,Apple Valley H.S. CA,,,,,,,,,,,,,,,,,,,,,,,,,,,,,,,1.529099206,,,,,,,,
,MO,"Rich Hill H.S. Rich Hill, MO",,,,,,,,,,,,,,,,,,,,1.5122181,,,,,,,,,,,,,,,,,,,
,KS,"Bonner Springs H.S. Bonner Springs, KS",,,,,,,,,,,,,,,,,,,,1.411580118,,,,,,,,,,,,,,,,,,,
,MO,"Staley H.S. Kansas City, MO",,,,,,,,,,,,,,,,,,,,1.356922975,,,,,,,,,,,,,,,,,,,
,KS,"Olathe South H.S. Olathe, KS",,,,,,,,,,,,,,,,,,,,1.287559501,,,,,,,,,,,,,,,,,,,