Make Nats?,School,NATS,UT-Austin,Rickards,Palatine,Boyceville,Seven Lakes,Dick Smith,Raymond Park,BirdSO Mini,Fairfax,Westlake,SONI,Camas,Rice,Carnegie-Mellon,Solon IP,Solon Sat,SOLVI,UC Davis,Duke,Ohio State,MIT,UChicago,North Pocono IP,North Pocono Sat,Cornell,High Desert,SOAPS,Princeton,Mentor,Yale,San Marino,Golden Gate,BirdSO Sat,UMSO,SOUP,Northwestern,Mt. Vernon,LA Tech,Mason,Louisville,Lexington
TRUE,"Mason H.S. Mason, OH",88.44752917,,,,,,,,,,,65.25608818,,,,103.4966171,,,,,,75.16847639,,,,,,,,128.9058296,,,,140.7407851,,73.0707394,,,,23.89118513,,18.85967542
TRUE,"Troy H.S. Fullerton, CA",60.30513352,,,,,,,67.62764403,,,,105.759867,,,,,,68.810768,,,,94.08183497,,,,,,,,,,,109.2370534,69.15291169,,,,,,,,
TRUE,"Mountain View H.S. Mountain View, CA",48.24410682,,,,,,,,59.94280695,,,110.0282025,,,,,,64.29858649,,,,49.77025399,,,,,,,,,,,103.4877348,,,,,,,29.65540757,,
TRUE,"Marquette University H.S. Milwaukee, WI",35.6164547,,12.30424416,33.61909277,76.00049205,,,,,,,42.15857243,,,,64.68538571,17.16595951,,,,,54.82212188,,,,,,,,,,,,,57.98696272,,88.19572608,,,51.89696325,,
TRUE,"Solon H.S. Solon, OH",56.45586968,,,,3.190860353,,,,16.83325401,,42.62995199,37.00797761,,,,84.89956874,15.73546288,,,,74.36300446,,,,,,,,,61.2830993,,,,40.95326123,67.20343362,,53.13655546,,,,,
TRUE,"Adlai E. Stevenson H.S. Lincolnshire, IL",44.22376458,,,36.83268252,23.60485871,,,,,,,60.28572274,,,,,60.77144286,,,,,,,,,,,,,,,,86.11388153,,,,71.29154525,,,65.78488299,,
TRUE,"Seven Lakes H.S. Katy, TX",60.64973429,53.80370176,29.32511525,,,,,,86.99664018,,,,,,,,,,,,,63.95914219,,,,,,,,,,,54.87256637,,,,,,,,,
TRUE,"Carmel H.S. Carmel, IN",45.16469575,,,,,,,14.17998988,,,,,,,,73.92615509,,,,,41.11416112,62.31916419,,,,,,,,,,,,56.61527331,,,,,,,,
FALSE,Mission San Jose H.S. CA,,,,,,,,,41.13230268,,,46.55842344,,,,,,,47.85856623,,,,,,,,,,,,,,39.58926768,,,,,,,87.30330266,,
TRUE,"William G. Enloe H.S. Raleigh, NC",46.75640308,,,,,,,,36.27535181,,,13.79218052,,,,,,,,41.04004953,,50.6343209,,,,,40.08387225,,,,,,,,,61.01052027,,,,75.94677549,,
TRUE,"West Windsor-Plainsboro H.S. North Plainsboro, NJ",,,,,,,,,,,,,,,,,,25.46892062,,25.92003128,,50.28511869,,,,,,,44.74402215,,2.449637612,,45.20153935,,,42.74886795,,,,79.16485919,,
FALSE,"University H.S. Irvine, CA",,,,,8.109995919,,,,29.69975934,,,,,,,,,,,45.28557189,,,,,,,,,,,,,,,,,,,,81.23002943,,
TRUE,"New Trier H.S. Winnetka, IL",39.02096875,,,18.21543572,26.19338107,,6.520903034,,,,,,,,,56.59971249,,,,,,42.63942813,,,,,,,,,,,,,,,59.82507293,,,56.96008162,,
TRUE,Lexington H.S. MA,,,,,,,,,,,,,,,,,,42.63275843,,,,40.06231984,,,,,,,,,,,,76.86612108,,,,,,23.76960149,,
FALSE,"Acton-Boxborough Regional H.S. Acton, MA",53.60456313,,,,,,,,,,,,,,,,,,,,,61.79103568,,,,,,,,,48.58447931,,,,,,,,,,,31.76366387
FALSE,"West Windsor-Plainsboro H.S. South West Windsor, NJ",52.80449503,,,,,,,,34.61486035,,,52.76621323,,,,,,,,,,,,,,,46.36206911,,,,10.31882746,,,,,46.89614618,,,,,,
TRUE,"Cumberland Valley H.S. Mechanicsburg, PA",,,,,10.638457,,32.85058698,,,,,,,,,59.38330491,,,,,,,,42.18028011,,,,38.94110507,,,,,,,,44.72657358,,,,,,
TRUE,"Ward Melville H.S. East Setauket, NY",,,35.90830439,,,,,,45.72381554,,,,,,,,,,,,,41.78419605,,,,,,,,,,,,,,59.0054797,,,,,,
FALSE,"Palo Alto H.S. Palo Alto, CA",,,11.53775026,,25.59200243,,,,,,,32.45540893,,,,,,,,,,,,,,,,,,,,,26.75193145,54.30758554,,,,,,51.6102397,,
FALSE,"Montgomery H.S. Skillman, NJ",,,,,,,,,,,,14.99773176,,,,,,,,,,36.73220257,,,,,26.9094527,4.751187461,,,28.79080255,,,,,61.30813257,,,,,,
TRUE,Northville H.S. MI,41.62236667,,,,,,,,,,,39.38409174,,,,,39.16381873,,,,,,,,,,,,,,,,,,47.64187078,,,,,,,
FALSE,"Glen A. Wilson H.S. Hacienda Heights, CA",,,,,26.12516914,,,,17.61759918,,,35.10198734,,,,,,,25.81136156,,,,,,,,,,,,,,33.42096818,41.72273795,,,,,,51.6102397,,
FALSE,"Munster H.S. Munster, IN",,,,26.64491927,24.4684511,,,,,,,37.63234533,,,,,42.29692423,,,,,,,,,,,,,,,,,,43.18178075,,,,,,,
TRUE,Saline H.S. MI,,,,,,,,,,,15.99670104,29.27958133,,,,48.0847115,,,,,,,,,,,,,3.624395237,,,,,,43.92951722,,,,,,,
FALSE,Lynbrook H.S. CA,,,,,,,,,,,,,,,,,,,,,,40.06231984,,,,,,,39.56313537,,,,44.18577442,,,,,,,,,
TRUE,"Tesla STEM H.S. Redmond, WA",,,,,15.77368703,,,,42.74182757,,,37.63234533,26.54365048,,,,,,,,,,,,,,,,,,,,,26.12443331,,,,,,,,
TRUE,"The Bronx H.S. of Science New York, NY",,,,,,,,,16.9201727,,,,,,,,,,,,19.74998964,,,,,,,,,,2.449637612,,,28.18785822,,,,,,,,49.46800111
TRUE,"TJHSST Alexandria, VA",31.40148965,,,,,,,,29.69975934,,,23.0171568,,,,,,,,,,,,,,,,,,,,,,45.94296892,,,,,,,,
TRUE,"Harriton H.S. Bryn Mawr, PA",32.75834414,,,,,,36.65433916,,,,,,,,,,,,,,,33.52341246,,,,,,,6.90900342,,,,,,,30.65406628,,,,,,
FALSE,Pioneer H.S. MI,29.73026191,,,,,,,,,,,34.75395064,,,,,,,,,,,,,,,,,,,,,,,44.12051512,,,,,,,
FALSE,Centerville H.S. OH,,,,,,,,,,,32.96486166,,,,,,22.02964804,,,,32.14941922,,,,,,,,,38.14560263,,,,,,,,,,,,
FALSE,Troy H.S. MI,,,,,,,,,,,,,,,,,41.63083094,,,,,,,,,,,,,,,,,,41.58901015,,,,,,,
FALSE,Great Neck South H.S. NY,30.58704179,,,,,,,,13.35682111,,,,,,,,,,,,,,,,,,,,,,,,,40.78610506,,32.90096119,,,,,,
FALSE,Lake Central H.S. IN,,,,8.961081973,,,,,,,,15.65812965,,,,,,,,,,,,,,,,,,,,,,,45.71044359,,,,,,,
FALSE,Beachwood H.S. OH,,,,,,,,,,,23.0009063,,,,,28.22635013,,,,,28.50581838,,,,,,,,,35.26668922,,,,,29.58518506,,,,,,,
FALSE,"Temple City H.S. Temple City, CA",,,,,,,,,12.52308324,,,30.98016307,,,,,,,,,,,,,,,,,,,,32.51813173,,,,,,,,36.63315053,,
TRUE,Chattahoochee H.S. GA,26.53425875,,21.85722876,,,,,,19.38978371,,,,,,,,31.65937442,,,,,,,,,,,,,,,,27.62904396,,,,31.68513122,,,,,
TRUE,"Brookwood H.S. Snellville, GA",,,,,17.88246872,,,,,,,,,,,,,,,,,,19.92149284,,,,,,,,,,,41.20658037,,,,,,,,
FALSE,"Westlake H.S. Westlake, OH",,,,,17.44706948,,,7.387893885,,,,,,,,20.42696391,,,,,,,,,,1.369261713,,21.35479956,,41.07987975,,,,,,,,,,,,
FALSE,"Canyon Crest Academy San Diego, CA",,,,,,,,,,,,,,,,,,,31.25457387,,,,,,,,,,,,,,40.82215145,,,,,,,,,
FALSE,"Lower Merion H.S. Ardmore, PA",37.24106491,,,,,,,,18.79659721,,,,,,,,17.22187469,,,,,,,,,,18.15118743,,17.32026664,,,,,22.48053035,,26.62747283,,,,,,
FALSE,"Athens H.S. Troy, MI",,,,,,,,,,,,,,,,,22.30850434,,,,,,,,,,,,,,,,,,36.2418517,,,,,30.42818692,,
TRUE,duPont Manual H.S. KY,22.29769643,,,,,,,,16.32993412,,,15.50966445,,,,33.03083525,,,,,15.05588999,,,,,,,,,,,,20.73392227,17.06677325,,,,,,,30.02619952,
FALSE,"Bothell H.S. Bothell, WA",,,,,25.78937005,,,,14.80515112,,,21.13375465,20.54992295,,,,,,,,,24.59137339,,,,,,,,,,,23.54810732,32.13053293,,,,,,,,
TRUE,"NCSSM Durham, NC",32.75834414,,,,,,,,,,,,,,,,,,,35.8167705,,,,,,,,,,,,,,,,,,,,,,
FALSE,Northview H.S. OH,,,,,,,,,,,,,,,,35.0553058,,,,,,,,,,,,,,,,,,,33.27120812,,,,,,,
FALSE,"Chaminade H.S. Mineola, NY",,,,,9.992096565,,,,,,35.40139491,,,,,,,,,10.70609988,,,,23.24897329,,,,,,,,,,,,26.97031583,,,,,,
TRUE,Jordan H.S. TX,,20.32584289,,,,26.78289926,,,,,,23.47970254,,19.76797028,,,,,,,,,,,,,,,,,,,,30.60519369,,,,,,,,
FALSE,Kenston H.S. OH,,,,,,,,,,,23.73854469,,,,,24.86760824,,,,,22.04058122,,,,,,,,,31.02297973,,,,,,,,,,,,
FALSE,Monta Vista H.S. CA,,,,,,,,,,,,11.50318291,,,,,,,29.45142537,,,,,,,,,,,,,,18.23431494,30.98479299,,,,,,,,
FALSE,Springfield H.S. OH,,,,,,,,,,,22.68055942,,,,,27.58158578,,,,,,,,,,,,,,28.21335138,,,,,15.033657,,,,,,,
FALSE,Belmont Public H.S. MA,,,,,,,,,,,,,,,,,,,,,,,,,,,,,,,,,,,,,,,,,,34.68446055
TRUE,"Iolani School Honolulu, HI",33.69429683,,,,,,,,18.20485248,,,4.715796493,,,,,10.12857381,,,1.96697192,,22.78544441,,,,,,,,,2.449637612,,16.66327933,,,,,,,,,
FALSE,LASA TX,30.06714873,9.835085267,,,,16.03947639,,,,,,10.24479714,,11.51699138,,,,,,,,22.3660804,,,,,,,,,,,23.78548744,,,,,,,,,
FALSE,"Portola H.S. Irvine, CA",,,18.42415618,,16.338868,,,,,,,11.06234858,,,,,,,,,,,,,,,,,,,2.449637612,,25.3711866,,,,,,,31.24231901,,
TRUE,"Ed W. Clark H.S. Las Vegas, NV",26.60076065,,,,,9.891941888,,,,,,13.65402847,,,,,,28.42183896,,,,,,,,,,21.12762084,,,,,,15.78609122,,,,,,,,
FALSE,St. Edward H.S. OH,,,,,,,,,,,27.32322426,,,,,21.99826882,,,,,25.07843259,,,,,,,,,18.28004429,,,,,,,,,,,,
FALSE,Mayfield H.S. OH,,,,,,,,,,,13.39197505,,,,,18.17248294,,,,,17.03534963,,,,,,,,,31.41402569,,,,,,,16.77448123,,,23.64924908,,
FALSE,"Staten Island Technical H.S. New York, NY",,,,,,,,,18.47860966,,,,,,,,,,,,,,,,,,,,,,,,,14.54526309,,33.9680194,,,,,,
FALSE,"Syosset H.S. Syosset, NY",,,,,15.36303974,,,,22.86190777,,,,,,,,,,,,,21.25755746,,,,,30.78441389,,,,,,,,,,4.375951626,,,,,
FALSE,"Arcadia H.S. Arcadia, CA",,,8.819583534,,23.54944824,,,,13.54079937,,,,,,,,,,,20.95662104,,,,,,,11.08948627,,,,,21.32336507,,,,,,,,23.76960149,,
FALSE,New Albany H.S. OH,,,,,,,,,,,20.98536296,7.749933403,,,,,,,,,17.81613648,,,,,,7.950520115,,,,,,,16.8509203,,,20.36901293,,,27.96842331,,
FALSE,"Bayard Rustin H.S. West Chester, PA",,,,,,,7.537147662,,,,,,,,,20.46543277,,,,,,,,26.36267507,,,,,12.12418665,,,,,,,25.39023672,,,,,,
FALSE,"Stuyvesant H.S. New York, NY",,,9.588593543,,,,,,17.52338742,,,,,,,,,,,14.48472336,,,,,,,22.11523986,,,,28.79080255,,,,,,,,,,,
FALSE,"South Brunswick H.S. South Brunswick, NJ",,,,,,,,,13.71076756,,,,,,,,,,,,,,,,,,19.3369434,,27.63601368,,19.93209408,,,,,17.45578774,,,,,,
FALSE,"South Forsyth H.S. Cumming, GA",,,,,19.63222104,,,,,,,,,,,,,12.10559807,,,,,,,,,,,,,,,,23.59526739,,,,,,26.02076152,,
FALSE,"Camas H.S. Camas, WA",22.34463895,,,,6.38578291,,,,11.78731456,,,18.7873577,21.71753221,,,,,,,,,18.67181104,,,,,7.021992219,,,,,,19.53245326,21.283484,,,,,,,,
FALSE,"Milpitas H.S. Milpitas, CA",,,,,13.23491418,,,,,,,18.25616753,,,,,,,14.31284224,,,,,,,,,,,,,,19.53245326,16.46226646,,,27.59672719,,,,,
FALSE,"Castro Valley H.S. Castro Valley, CA",,,,,,,,,13.82647024,,,,,,,,,,13.63330077,,,,,,,22.0860136,,,,,,,24.17541346,,,,,,,,,21.70897891
FALSE,Stephen F. Austin H.S. TX,,,,,,17.20598377,,,,,,21.54195711,,5.074536433,,,,,,,,,,,,,,,,,,,,,,,,,,29.19204183,,
FALSE,"Brooklyn Technical H.S. New York, NY",,,9.968877706,,12.49323157,,,,10.77918897,,,,,,,,,,,,27.40944075,,,,,,,,,,,,,25.88755373,,13.05105626,,,,,,
TRUE,Boca Raton Community H.S. FL,,,,,,,,,,,,22.63495309,,,,,24.03234331,,,,,22.1958667,,,,,,,,,,,,,,,,,,,,
FALSE,John P. Stevens H.S. NJ,,,,,,,,,3.614198655,,,,,,,,,,,,,,,,,,16.44466554,,17.72876349,,2.449637612,,,29.69567828,,,,,,,,
TRUE,Archimedean Upper Conservatory FL,19.05512298,,16.0685563,,,,,,,,,15.92231613,,,,,,,,14.02079984,,27.82955042,,,,,,,15.34080759,,,,,,,,,,,,,
TRUE,"Centennial H.S. Ellicott City, MD",23.12353704,,,,,,,,,,,,,,,,,,,,,16.85859471,,,,,,,15.99360792,,,,,,,23.58005099,,,,,,
FALSE,"Davidson Academy Reno, NV",,,,,,,,,,,,,,,,,,,,,,,,,,,,,,,,,,,,,18.2409071,,,,,29.29658318
FALSE,Naperville North H.S. IL,,,,14.90846673,,,,,24.15385833,,,,,,,,,,,,,,,,,,,,,,,,,,,,25.61372883,,,,,
TRUE,Ladue Horton Watkins H.S. MO,28.60836523,,,,,,,,,,,,,,,,,,,,,,,,,,,,,,,,,,,,,,,,,
FALSE,"Northwood H.S. Irvine, CA",,,7.346584197,,,,,,,,,24.85946216,,,,,,,,,,,,,,,,,,,,,25.3711866,4.827340937,,,,,,,,
FALSE,Hillsborough H.S. NJ,,,14.30493427,,11.3742233,,,,20.48045904,,,4.319008828,,,,,,,,,,19.9489527,,,,,11.66076284,,20.31620465,,,,,15.43258029,,,,,,,,
FALSE,Northmont H.S. OH,,,,,,,,6.021639537,,,17.28730537,,,,,19.72258584,,,,,15.66253757,,,,,,,,,20.76816143,,,,,,,,,,15.0184138,,
FALSE,"Diamond Bar H.S. Diamond Bar, CA",,,,,,,,,,,,25.45258211,,,,,,,,1.488981389,,,,,,,,,,,,,,22.35480031,,,,,,,,
FALSE,"Athens Area H.S. Athens, PA",,,,,,,9.726710112,,,,,,,,,,,,,,,,,19.29816737,,,,23.64281379,,,,,,,,16.4504806,,,,,,
TRUE,"Fairfax H.S. Fairfax, VA",,,,,8.304689529,,,,,,,,,,,,,,,6.985540345,,,,,,,,,,,,,,,,25.8073248,,,,,,
FALSE,Mount Academy NY,,,,,,,,,,,,,,,10.02390557,,,,,,,,,25.45361731,,,,,,,9.365682759,,,,,,,,,,,
FALSE,"Orange County School of the Arts Santa Ana, CA",,,,,,,,,18.17120211,,,19.2895355,,,,,,,,,,,,,,,,,,,,,,20.60329019,,,,,,,,
FALSE,James S. Rickards H.S. FL,21.31265763,15.90718139,3.884121225,,,,,,,,,,,,,,,,,,,,,,,,,,,,,,,20.20747369,,,,,,,,
FALSE,Columbia H.S. NY,,,,,,,,,,,,16.3575261,,,,,,,,,,,,19.425129,,,,,,,,,,,,20.87735411,,,,,,
FALSE,Sylvania Southview H.S. OH,,,,,,,,,,,,,,,,23.62422782,,,,,,,,,,,,,,,,,,,,,,,,20.53066678,,
FALSE,Townsend Harris H.S. NY,24.7405676,,,,,,,,12.63575879,,,,,,,,,7.400403351,,11.12950496,,,,,,,13.69413429,,,,11.10502384,,,,,,,,,,,
FALSE,American H.S. CA,,,,,,,,,,,,,,,,,,,,,,,,,,,,,,,,,19.27712707,,,,,,,24.64763426,,
FALSE,"Lake Braddock Secondary Burke, VA",,,,,,,,,,2.647520773,,9.189621406,,,,,15.68877012,6.206034456,,,,15.36636925,,,,,6.544305673,,,,5.436025657,,,11.54546013,,,13.08101748,,,,,21.86629035
FALSE,"Middlesex County Academy for Science, Mathematics and Engineering Technologies NJ",,,,,9.384532228,,,,13.59698526,,,,,,12.27417009,,,,,,,16.9369157,,,,,,,15.79200782,,,,,,,20.10906748,,,,,,
FALSE,Mentor H.S. OH,,,,,,,7.586410065,,,,17.73926107,,,,,21.69090778,,,,,,,,,,,,,,,,,,,,,15.00874637,,,,,
FALSE,William P. Clements H.S. TX,,,,,,16.03947639,,,,,,,,,,,,,,,,23.90604003,,,,,,,,,,,,,,,,,,,,
FALSE,Rocky River H.S. OH,,,,,,,,,,,12.31818582,,,,,19.16604021,,,,,,,,,,,,,,21.67112497,,,,,,,,,,,,
FALSE,Hudson H.S. OH,,,,,2.643495376,,,,,,14.3603542,,,,,19.3710246,,,,,,,,,,,,,,19.52098725,,,,,,,,,,,,
FALSE,East Grand Rapids H.S. MI,,,,,,,,,,,,13.15618721,,,,22.83013613,,,,,,,,,,,,,,,,,,,15.56398539,,,,,,,
FALSE,"Walter Johnson H.S. Bethesda, MD",,,,,,,,,,3.06060912,,,,,,,,,,,,,,,,,,,8.522670885,,,,,,,,22.51311955,,,,,
FALSE,Medina H.S. OH,,,,,,,,,,,13.63872836,,,,,16.6674,,,,,,,,,,,,,,20.04433811,,,,,,,,,,,,
FALSE,Amador Valley H.S. CA,,,,,,,,,,,,,,,,,,,,,,,,,,1.369261713,,,,,,,,21.91358715,,,,,,,,
FALSE,East Brunswick H.S. NJ,,,,,,,,,,,,,,,,,,,,,,,,,,,,,19.88623207,,,,,,,18.98514679,,,,,,
FALSE,Texas Academy of Mathematics and Science TX,,10.57413792,2.192531981,,,12.78823118,,,,,,,,8.38262031,,,,,,,,,2.111245165,,,,,,,,,,,,,,,,,21.37632354,,
FALSE,Orlando Science H.S. FL,,,,,15.43394608,,,,,,,13.90946097,,,,,,,,,,18.9385512,,,,,,,,,,,,,,,,,,,,
FALSE,"Gretchen Whitney H.S. Cerritos, CA",,,,,,,,,15.33638119,,,21.09741114,,,,,,,,,,,,,,,,,,,,,,,,,,,,,,
FALSE,Okemos H.S. MI,,,,,,,,,,,,,,,,,,,,,,,,,,,,,,,,,,,20.96636049,,,,,,,
FALSE,"Homestead H.S. Cupertino, CA",,,5.085280101,,,,,,,,,7.794246872,,,,,,,,,,,,,,,,,,,,,12.23817611,8.811812822,,,,,,,,20.95519492
FALSE,Princeton Day School NJ,,,,,,,,,,,,,,,,,,,,9.077983306,15.18960127,,,,,,,,10.49859738,,,,,,,20.01300506,,,,,,
FALSE,"East Lansing H.S. East Lansing, MI",,,,,10.36370346,,,,7.597079088,,,,,,,,,,,,,,,,,,,,,,,,,,20.88007917,,,,,,,
FALSE,Northridge H.S. IN,,,,,,,8.174089718,,,,,,,,,,,,,,,,,,,,,,,,,,,,20.83720426,,,,,,,
FALSE,John Adams H.S. IN,,,,,,,,,,,,12.90704322,,,,,,,,,,,,,,,,,,,,,,,20.75198053,,,,,,,
TRUE,"Lincoln Southwest H.S. Lincoln, NE",15.72400519,,,,,,,3.733160817,,,,,,,,,,,,,,,,,,,,,,,,,,,,,,,,,,20.66813745
TRUE,"Homeschool Science Colorado El Paso, CO",19.40347989,,,2.960546586,5.041238669,,,,,,15.05050061,,,,,,,,,,,,,,,,,,,,,,,11.91012603,,,,,,,,
FALSE,Hunter College H.S. NY,,,,,,,,,,,,,,,,,,,,,,,,,,,,,,,,,,,,20.33684009,,,,,,
FALSE,"North Pocono H.S. Covington Township, PA",,,,,,,8.860463664,,,,15.59831577,,,,,,,,,,,,,,,,,4.751187461,,,,,,,14.77106037,15.53543532,,,,,,
FALSE,"Hudsonville H.S. Hudsonville, MI",,,,,,,,,,,,,,,,,,,,,,,,,,,,,,,,,,,20.2549271,,,,,,,
FALSE,Brighton H.S. MI,,,,,,,,,,,,,,,,,,,,,,,,,,,,,,,,,,,20.2549271,,,,,,,
FALSE,Albany H.S. CA,,,,,,,,,,,,,,,,,,,17.01637911,,,,,,,,,,,,,,18.60820468,,,,,,,,,
FALSE,"Ithaca H.S. Ithaca, NY",,,,,,,,,,,12.45003185,,,,,17.90303921,,,,,,,,14.68964979,,,,,,,,,,,,,,,,,,
FALSE,Copley H.S. OH,,,,,,,,,,,13.11162775,,,,,,,,,,,,,,,,,,,19.88440988,,,,,,,,,,,,
FALSE,Marriotts Ridge H.S. MD,,,,,,,,,,,,,,,,,,,,,,,,,,,,,,,,,,,,19.51578754,,,,,,
FALSE,Canton H.S. MI,,,,,,,,,6.412668193,,,,,,,,,,,,,,,,,,,,,,,,,,19.44007371,,,,,,,
FALSE,"Irvington H.S. Fremont, CA",,,,,10.67240952,,,,,,,,,,,,,,14.26839242,,,,,,,,,,,,,,18.54968832,,,,,,,,,
FALSE,Novi H.S. MI,,,,,3.493058827,,,,6.48885831,,,9.783209392,,,,,,,,,7.38492704,,,,,,,,,,,,,,17.67895205,,,,,15.7263525,,
FALSE,"BASIS Independent Silicon Valley San Jose, CA",,,,,,,,,14.52085722,,,,,,,,,,15.68062238,,,,,,,,,,,,,,13.15228737,,,,8.641399424,,,,,
FALSE,Jericho H.S. NY,,,,,,,,,19.12572051,,,,,,,,,,,,,,,,,,,,,,,,,,,,,,,,,
TRUE,Eden Prairie H.S. MN,14.99110664,,,,10.40670638,,,,,,,17.29125381,,,,,,,,,,,,,,,,,,,,,,,,,,,,,,
TRUE,"Blue Valley West H.S. Overland Park, KS",18.88559342,,,,,,,,,,,,,,,,,,,,,,,,,,,,,,,,,8.493494042,,,,,,,,
FALSE,Mira Loma H.S. CA,,,,,,,,,,,,10.67259206,,,,,,,13.51300694,,,,,,,,,,,,,,17.92948597,,,,,,,,,
FALSE,St. Ignatius H.S. OH,,,,,,,,,,,8.037829052,,,,,14.52826845,,,,,,,,,,,,,,18.64473345,,,,,,,,,,,,
FALSE,Princeton H.S. NJ,,,,,,,,,,,,,,,,,,,,,,,,,,,,,10.73856532,,,,,,,18.59196328,,,,,,
FALSE,"Scarsdale H.S. Scarsdale, NY",,,,,7.503414324,,5.212817695,,,,18.46331254,,,,,,,,,,,,,,,,,,,,,,,,,,,,,,,
FALSE,Mountain House H.S. CA,,,,,,,,,,,,11.13261758,,,,,,,10.73463168,,,,,,,,,,,,,,18.40499496,,,,,,,,,
FALSE,"Blue Valley North H.S. Overland Park, KS",,,,,,,8.493078585,,,,,,,,,,,9.272372993,,,,,,,,,,,,,,,,18.36874217,,,,,,,,
TRUE,Barrington H.S. RI,15.20587894,,,,,,,,,,,10.6309745,,,,,,,,,,15.61315248,,,,,,,,,,,,4.827340937,,,,,,,,
FALSE,Garnet Valley H.S. PA,,,,,,,,,,,,,,,,,,,,,16.38265424,,,,,,,,,,,,,,,16.38613713,,,,,,
FALSE,Bethlehem Central H.S. NY,,,,,,,,,,,,,,,,,,,,,,15.98978555,,,,,,,,,,,,4.827340937,,,,,,16.71100784,,
FALSE,"Rancho Bernardo H.S. San Diego, CA",,,,,,,,,11.32559947,,,,,,,,,,,,10.66302433,,,,,,,,,,,,,,,,,,,18.20946079,,
FALSE,Archbishop Hoban H.S. OH,,,,,,,,,,,,,,,,14.50887156,,,,,,,,,,,,,,17.84376638,,,,,,,,,,,,
FALSE,Revere H.S. OH,,,,,,,,,,,13.91849715,,,,,13.55005586,,,,,,,,,,,,,,12.6720985,,,,,,,8.572129689,,,,,
FALSE,"Dublin H.S. Dublin, CA",,,,,,,,,10.51403245,,,11.73985127,,,,,,,10.88725677,,,15.253854,,,,,,,,,,,,,,,,,,,,
FALSE,IMSA IL,,,,10.86604083,,,,,,,,,,,,,,,,,,,,,,,,,,,,,,,,,17.78583249,,,,,
FALSE,Fayetteville-Manlius H.S. NY,,,4.755424095,,,,,,8.691972007,,,,,,12.52988196,,,,,,,,,,,,,,,,7.522758087,,,17.31819019,,,,,,,,
FALSE,Menomonie H.S. WI,,,,,17.35651376,,,,,,,14.00473125,,,,,,,,,,,,,,,,,,,,,,,,,,,,,,
FALSE,University of Chicago Laboratory Schools H.S. IL,,,,,,,,,,,,,,,,,,,,,,,17.52492227,,,,,,,,,,,,,,,,,,,
FALSE,Whitney M. Young Magnet H.S. IL,,,,,,,,,,,5.709902405,,,,,,,,,,,,10.4054226,,,,,,,,,,,17.40870338,,,,,,,,
FALSE,"Penncrest H.S. Media, PA",,,,,,,5.580388173,,,,,,,,,,,,,,,,,,,,,,,,,,,,,17.38335709,,,,,,
TRUE,Charter School of Wilmington DE,17.37103683,,,,,,,,12.42809145,,,,,,,,,,,,,,,,,,,,,,,,,,,,,,,,,
TRUE,"Auburn H.S. Auburn, AL",17.37103683,,,,,,,,,,,,,,,,,,,,,12.36868908,,,,,,,,,,,,,,,,,,,,
FALSE,"River Hill H.S. Clarksville, MD",,,,,,,,,11.3780328,,,,,,,,,,,,12.55762924,,,,,,12.82683912,,,,,,,,,,10.43290906,,,,,
FALSE,"Holt H.S. Holt, MI",,,,,8.508960943,,,,,,,,,,,,,,,,,,,,,,,,,,,,,,17.14141635,,,,,,,
FALSE,Livingston H.S. NJ,,,,,,,,,,,,,,,,,,,,,7.429839716,,,,,,,,12.00798038,,,,,12.3289275,,14.1374209,,,,,,
FALSE,Belmont H.S. MA,,,,,,,,,,,,,,,,,,,,,,17.07574288,,,,,,,,,,,,11.18991684,,,,,,,,
FALSE,"North Hollywood H.S. North Hollywood, CA",,,,,,,,,16.43916445,,,13.97282981,,,,,,,,,,,,,,,,,,,,,,,,,,,,,,
FALSE,"Walton H.S. Marietta, GA",,,7.768242451,,15.0180613,,,,,,,,,,,,,,,14.8673387,,,,,,,,,,,,,,,,,,,,,,
FALSE,Evergreen Valley H.S. CA,,,,,,,,,,,,,,,,,,,13.71469361,,,,,,,,,,,,,,7.202443082,,,,16.23336894,,,,,
TRUE,White Station H.S. TN,14.80293375,,,,,,,,,,,,,,,,,15.02763899,,,,,,,,,,,,,,,,,,,,,,,,
FALSE,"Valencia H.S. Placentia, CA",,,,,,,,,,,,,,,,,,,,,,,,,,,,,,,,,16.61634052,,,,,,,,,
TRUE,"Cabell Midland H.S. Ona, WV",11.14884821,,,,,,,,,,,,,,,,,,,,,,,,,,,,,,,,,,,,,,,,,16.39971776
FALSE,International Academy Central MI,,,,,,,,,,,,,,,,14.60637742,,,,,,,,,,,,,,,,,,,14.51747994,,,,,,,
FALSE,"Great Oak H.S. Temecula, CA",,,,,,,,9.352759281,,,,,,,,,,13.85941264,,,,,,,,13.08171575,,,,,,,,,,,,,,,,
TRUE,Catalina Foothills H.S. AZ,15.98449322,,,,,,,,,,,,,,,,,,,,,,,,,,,,,,,,,,,,,,,,,
FALSE,Eisenhower H.S. MI,,,,,,,,,,,,,,,,,,,,,,,,,,,,,,,,,,,15.90551485,,,,,,,
FALSE,Huron H.S. MI,,,,,,,,,,,,,,,,,,,,,13.07606348,,,,,,,,,,,,,,15.21397073,,,,,,,
FALSE,Carnegie Vanguard H.S. TX,,,,,,,,,,,,,,,,,,,,,,,,,,,,,,,,,,4.827340937,,,,,,15.7263525,,
FALSE,"West H.S. Torrance, CA",,,,,,,,,,,,,,,,,,15.32114756,,,,,,,,,,,,,,,,12.57721301,,,,,,,,
FALSE,F.W. Buchholz H.S. FL,,,10.76151018,,,,,,11.93036449,,,13.12803058,,,,,,,,,,,,,,,,,,,,,,,,,,,,,,
FALSE,St. John's School TX,,8.315117544,,,,13.2662959,,,,,,,,11.41770697,,,,,,,,,,,,,,,8.991621676,,,,,,,,,,,,,
FALSE,"Langley H.S. McLean, VA",,,7.167034277,,,,,,12.57112575,,,,,,,,,,,,,,,,,,14.91492921,,,,,,,,,,,,,,,
FALSE,"Torrey Pines H.S. San Diego, CA",,,,,,,,,,,,,,,,,,10.77531257,,,,,,,,,,,,,,,15.52316022,,,,,,,,,
FALSE,Seneca H.S. PA,,,,,,,,,,,,,,,,,,,,,,,,,,,,,,15.51148987,,,,,,,,,,,,
FALSE,"San Marino H.S. San Marino, CA",,,,,,,,,,,,12.64757173,,,,,,,,,,,,,,,,,,,,14.78096897,,,,,,,,,,
FALSE,Division Avenue H.S. NY,,,,,,,5.643698898,,,,,,,,,,,,,,15.29829251,,,,,,8.846095945,,8.352217468,,,,,,,,,,,,,
FALSE,"Seton Catholic Central H.S. Binghamton, NY",,,,,,,9.672672833,,,,,15.28740757,,,,,,,,,,,,,,,,,,,,,,,,,,,,,,
FALSE,Vernon Hills H.S. IL,,,,5.559650192,,,6.285491372,,,,,,,,,,,,,9.205244754,,,10.17822996,,,,,,11.15281264,,,,,,,,11.42187641,,,,,
FALSE,Olentangy Orange H.S. OH,,,,,,,,,,,15.24779182,,,,,8.543352829,,,,,,,,,,,,,,,,,,,,,,,,,,
FALSE,International Academy West MI,,,,,,,,,,,,,,,,,,,,,,,,,,,,,,,,,,,15.23681453,,,,,,,
TRUE,Baton Rouge Magnet H.S. LA,15.11923576,,,,,,,,,,,8.154300151,,,,,,,,,,,,,,,,,,,,,,,,,,,,,,
TRUE,West H.S. UT,15.09772902,,,,,,,,,,,6.16180039,,,,,,,,,,,,,,,,,,,,,,,,,,,,,,
FALSE,Perry H.S. OH,,,,,,,,,,,13.09054796,,,,,,,,,,,,,,,,,,,13.92278979,,,,,,,,,,,,
FALSE,Metea Valley H.S. IL,,,,,,,,,,,,,,,,,,,,,,,8.294714099,,,,,,,,,,,,,,15.06159407,,,,,
FALSE,Kellenberg Memorial H.S. NY,,,,,,,6.014097098,,,,,,,,7.966017673,,,,,,,,,14.47362553,,,,,,,,,,,,10.74202323,,,,,,
FALSE,Aurora H.S. OH,,,,,,,,,,,10.47917739,,,,,13.72114242,,,,,8.302665546,,,,,,,,,,,,,,,,7.029568964,,,,,
FALSE,Bloomington H.S. North IN,,,,,,,,7.482207424,,,,14.82555236,,,,,,,,,,,,,,,,,,,,,,,,,,,,,,
FALSE,Parkland H.S. PA,,,,,,,,,,,,,,,,,,,,,,,,,5.240617254,,,,10.49859738,,7.878564213,,,4.827340937,,14.44616917,,,,,,
TRUE,Phillips Exeter Academy NH,14.68008783,,,,,,,,,,,,,,,,,,,,,,,,,2.927062043,,,,,,,,10.58537684,,,,,,,,
FALSE,Abington Heights H.S. PA,,,,,,,7.239422495,,6.362861062,,,,,,5.727946041,,,,,,,,,,,,,,8.389504153,,2.449637612,,,,,14.64821349,,,,,,
FALSE,Foothill H.S. CA,,,,,,,,,,,,,,,,,,,,,,,,,,,,,,,,,14.56494046,,,,,,,,,
FALSE,Salem H.S. MI,,,,,,,,,,,,,,,,,,,,,,,,,,,,,,,,,,,14.53827862,,,,,,,
FALSE,"Henry M. Gunn H.S. Palo Alto, CA",,,,,,,,,,,,,,,,,,,,,,,,,,,,,,,,,,,,,,,,,,14.36927651
FALSE,Mounds View H.S. MN,,,,,12.13067104,,13.49675279,,,,,,,,,,,,,,,,,,,,,,,,,,,,,,,,,,,
FALSE,Waubonsie Valley H.S. IL,,,,7.888574524,,,,,,,,14.28189124,,,,,,,,,,,,,,,,,,,,,,,,,,,,,,
FALSE,"Fulton Science Academy Roswell, GA",,,6.445080275,,6.422576793,,,,10.19773894,,,13.84666431,6.899432616,,,,,,,,,,,,,,,,,,,,,,,,,,,,,
FALSE,Canal Winchester H.S. OH,,,,,,,,,,,,,,,,10.74890682,,,,,8.620711202,,,,,,,,,12.82425063,,,,,,,,,,,,
TRUE,Clinton H.S. SC,14.18944318,,,,,,,,,,,,,,,,,,,,,,,,,,,,,,,,,,,,,,,,,
FALSE,MCA for SMET NJ,,,,,,,,,,,,,,,,,,,,,,,,,,,14.14724903,,,,,,,,,,,,,,,
FALSE,"Boston Latin School Boston, MA",,,,,,,,,,,,5.83919304,,,,,,,,,,11.61041753,,,,,,,,,,,,,,,,,,,,13.59255886
FALSE,Bio-Med Science Academy OH,,,,,,,,,,,,,,,,,11.49372941,,,,,,,,,,,,,13.47123985,,,,,,,,,,,,
FALSE,Union County Vocational-Technical Schools NJ,,,,,,,,,,,,,,,,,,,,,,,,,,,,,8.991621676,,,,,13.91726426,,,,,,,,
FALSE,"Lane Tech College Prep H.S. Chicago, IL",,,,,,,,,,,,7.372683039,,,,,,,,,,,7.23855485,,,,,,,,,,,,,,13.88796336,,,,,
FALSE,Walnut Hills H.S. OH,,,,,,,,,,,,,,,,,,,,,,,,,,,,,,,,,,,,,,,,13.81871803,,
TRUE,Waynflete Upper School ME,,,,,,,,,,,,,,,,,,,,,,13.7832556,,,,,,,,,,,,,,,,,,,,
TRUE,"BASIS Independent Washington, D.C. Washington, DC",13.7661524,,,,,,,,5.745540818,,,,,,,,,,,,,,,,,,,,,,,,,,,,,,,,,
FALSE,Belleville H.S. WI,,,,,9.037896352,,,,,,13.73072653,,,,,,,,,,,,,,,,,,,,,,,,,,,,,,,
FALSE,Pleasant Grove H.S. CA,,,,,,,,,6.354634997,,,,,,,,,,10.70960923,,,,,,,,,,,,,,13.37596572,,,,,,,,,
FALSE,Clayton H.S. MO,,,,,,,,,,,,,,,,,,,,,,,7.743570305,,,,,,,,,,,11.61254589,,,11.54518951,,,,,
FALSE,Cleveland Heights H.S. OH,,,,,,,,,,,7.395386767,,,,,8.097723397,10.68104147,,,,,,,,,,,,,10.71137266,,,,,,,,,,,,
FALSE,State College Area H.S. PA,,,,,,,,,,,,,,,,,,,,,,,,,,,,13.60271479,,,,,,,,,,,,,,
FALSE,Florida Atlantic University H.S. FL,,,,,,,,,,,,,,,,,,,,,,13.57791845,,,,,,,,,,,,,,,,,,,,
TRUE,Farmington H.S. CT,13.57251087,,,,,,,,,,,10.18525909,,,,,,,,,,,,,,,,,,,,,,,,,,,,,,
FALSE,Chardon H.S. OH,,,,,,,,,,,,,,,,,10.90126913,,,,,,,,,,,,,13.07087083,,,,,,,,,,,,
FALSE,Cincinnati Country Day School OH,,,6.492645443,,,,,,,,,,,,,,13.45322018,,,,,,,,,,,,,,,,,,,,,,,,,
FALSE,"Obra D. Tompkins H.S. Katy, TX",,8.469101203,,,,13.39144963,,,,,,,,,,,,,,,,,,,,,,,,,,,,,,,,,,,,
FALSE,"Martin Luther King H.S. Riverside, CA",,,,,,,,,,,,13.29159759,,,,,,,,,,,,,,7.027367963,,,,,,,,,,,,,,,,
FALSE,St. Henry District H.S. OH,,,,,,,,,,,,,,,,,,,,,,,,,,,,,,,,,,,,,,,,13.2879849,,
FALSE,"Sunny Hills H.S. Fullerton, CA",,,,,,,,,9.389322197,,,9.473470716,,,,,,11.50209318,,,,,,,,,,,,,,,,,,,,,,,,
TRUE,Northwest Rankin H.S. MS,13.18472484,,,,,,,,,,,,,,,,,,,,,,,,,,,,,,,,,,,,,,,,,
TRUE,"Brookings H.S. Brookings, SD",13.13577166,,,,,,,,,,,,,,,,,,,,,,,,,,,,,,,,,5.914528405,,,,,,,,
TRUE,La Cueva H.S. NM,13.11953461,,4.184320844,,,,,,,,,,,,,,,,,,,,,,,,,,,,,,,,,,,,,,,
TRUE,Norman North H.S. OK,13.11953461,,,,,,,,,,,,,,,,,,,,,,,,,,,,,,,,,,,,,,,,,
FALSE,Hinsdale Central H.S. IL,,,,13.11320634,,,,,,,,,,,,,,,,,,,,,,,,,,,,,,,,,,,,,,
FALSE,Weston H.S. MA,,,,,,,,,,,,,,,,,,,,,,13.06692152,,,,,,,,,,,,,,,,,,,,
FALSE,Ridgefield H.S. CT,,,,,,,,,,,,,,,,,,,,,,12.31645644,,,,,,,,,,,,10.99295461,,,,,,,,
FALSE,Cherry Hill East H.S. NJ,,,,,,,,,,,,,,,,,,,,,,,,,,,,,,,,,,,,13.02400744,,,,,,
FALSE,"Delano H.S. Delano, MN",,,,,4.929761647,,,,,,13.00690228,,,,,,,,,,,,,,,,,,,,,,,,,,,,,,,
FALSE,OSSM OK,,,,,,,,,,,,,,,,,,,,1.488981389,,12.91646096,,,,,,,,,,,7.202443082,,,,,,,,,
TRUE,Ames H.S. IA,12.89635905,,,,,,,,,,,,,,,,,,,,,,,,,,,,,,,,,,,,,,,,,
FALSE,Sheldon H.S. CA,,,,,,,,,6.371108451,,,6.82132031,,,,,,,8.430132768,,,,,,,,,,,,,,12.4447276,4.827340937,,,,,,,,
FALSE,Valencia H.S. CA,,,,,,,,,,,,9.304622356,,,,,,12.8597173,,,,,,,,,,,,,,,,,,,,,,,,
FALSE,Neuqua Valley H.S. IL,,,,12.84421749,,,,,,,,,,,,,,,,,,,,,,,,,,,,,,,,,,,,,,
FALSE,North Penn H.S. PA,,,,,,,,,,,,,,,,,,,,,,,,,,,,,6.222678577,,,,,,,12.82466038,,,,,,
TRUE,"Legacy H.S. Bismarck, ND",12.77220638,,,,,,,,,,,,,,,,,,,,,,,,,,,,,,,,,,,,,,,,,
FALSE,Dulles H.S. TX,,,,6.852592097,,7.079768882,,,,,,,,12.7351347,,,,,,,,,,,,,,,,,,,,,,,,,,,,
FALSE,"Amherst-Pelham Regional H.S. Amherst, MA",,,4.517347664,,5.548708491,,,,7.077480447,,,,,,,,,,,,4.627567918,10.75419205,,,,,8.928194283,,7.384082241,,,,,4.827340937,,,,,,,,
FALSE,John B. Connally H.S. TX,,3.968168893,,,,,,,,,,,,,,,,,,,,,,,,,,,,,,,,,,,,,,,,12.57311695
FALSE,Brecksville-Broadview Heights H.S. OH,,,,,,,,,,,10.33289445,,,,,,10.94640896,,,,6.981016745,,,,,,,,,,,,,,,,,,,,,
FALSE,Sequoia H.S. CA,,,,,,,,,,,,,,,,,,,8.53981851,,,,,,,,,,,,,,12.52399339,,,,,,,,,
TRUE,Little Rock Central H.S. AR,12.51615979,,,,,,,,,,,,,,,,,,,,,,,,,,,,,,,,,,,,,,,,,
FALSE,Boyceville H.S. WI,,,,,11.27198309,,,,,,,10.96348934,,,,,,,,,,,,,,,,,,,,,,,,,,,,,,
FALSE,Wayzata H.S. MN,,,,,12.38526537,,,,,,,,,,,,,,,,,,,,,,,,,,,,,,,,,,,,,
FALSE,Olympia H.S. FL,,,4.963348139,,,,,,,,,12.37956062,,,,,,,,5.828172714,,,,,,,,,,,,,,,,,,,,,,
FALSE,Archmere Academy DE,,,,,,,,,,,,7.430735661,,,,,,,,,,,,,,,,,,,,,,,,12.37024328,,,,,,
FALSE,Davis Senior H.S. CA,,,,,,,,,,,,,,,,,,,9.966209021,,,,,,,,,,,,,,12.01385109,,,,,,,,,
FALSE,Harvard-Westlake School CA,,,,,,,,,7.833163618,,,9.763744192,,,,,,,,,,,,,,,,,,,,10.40580215,,,,,,,,,,
FALSE,American Heritage Plantation FL,,,,,,,,,,,,12.25588869,,,,,,,,,,,,,,,,,,,,,,,,,,,,,,
FALSE,West Liberty-Salem H.S. OH,,,,,,,,,,,7.532211684,,,,,,,,,,,,,,,,,,,12.21656555,,,,,,,,,,,,
FALSE,Treasure Valley Homeschool ID,12.1996592,,,,,,,,,,,,,,,,,,,,,,,,,,,,,,,,,,,,,,,,,
FALSE,South Windsor H.S. CT,,,,,,,,,,,,8.667004293,,,,,,,,,,12.17252456,,,,,,,,,2.449637612,,,,,,,,,,,
FALSE,Westminster Schools GA,,,,,9.962328651,,,,,,,,,,,,11.7230943,,,,,,,,,,,,,,,,,,,,,,,,,
TRUE,Westview H.S. OR,12.12994686,,,,,,,,,,,,,,,,,,,,,,,,,,,,4.698122326,,,,,,,,,,,,,
FALSE,Shipley School PA,,,,,,,,,,,,,,,,,,,,,,,,,,,,,,,,,,,,12.10806086,,,,,,
FALSE,Saint Francis H.S. CA,,,,,,,,,,,,4.319008828,,,,,,,7.398425698,,,,,,,,,,,,,,12.10010438,,,,,,,,,
FALSE,Newton South H.S. MA,,,,,,,,,,,,,,,,,,,,,,12.07175863,,,,,,,,,,,,,,,,,,,,
FALSE,Wyoming Area Secondary Center PA,,,,,,,3.752329978,,,,,6.433216873,,,,,,,,,,,,12.0515086,,,,,,,,,,,,,,,,,,
FALSE,"Walnut H.S. Walnut, CA",,,,,,,,,,,,,,,,,,,,1.488981389,,,,,,,,,,,,,,12.02478428,,,,,,,,
FALSE,Newton North H.S. MA,,,,,,,,,,,,,,,,,,,,,,12.0120959,,,,,,,,,,,,,,,,,,,,
FALSE,Goshen H.S. NY,,,,,,,,,,,,,,,,,,,,,,,,,,,5.337103656,,,,,,,11.99591325,,,,,,,,
FALSE,"Los Alamitos H.S. Los Alamitos, CA",,,,,,,,,,,,,,,,,,7.630766101,,,,,,,,5.43330047,,,,,,,,11.9743508,,,,,,,,
FALSE,Detroit Country Day Upper School MI,,,,,,,,,,,,,,,,,,,,,,,,,,,,,,,,,,,11.93849233,,,,,,,
FALSE,"Canyon H.S. San Diego, CA",,,,,,,7.842707703,,,,,,,,,,,10.9559044,,,,,,,,8.059824868,,,,,,,,,,,,,,,,
FALSE,Allentown Central Catholic H.S. PA,,,,,,,4.341848155,,,,,,,,,,,,,,,,,,5.048461288,,,,,,,,,,,11.80109594,,,,,,
FALSE,Conestoga H.S. PA,,,,,,,6.342736284,,,,,,,,,,,,,,,,,,,,,,,,,,,,,11.79002549,,,,,,
FALSE,"National Cathedral School Washington, DC",,,,,,,,,,,,,,,,,,,,,,11.76972108,,,,,,,,,,,,,,,8.225947529,,,,,
FALSE,Cypress Woods H.S. TX,,,,,,,,,,,,,,5.708853487,,,,,,,,,,,,,,,,,,,,11.74908376,,,,,,,,
FALSE,Van Nuys H.S. CA,,,,,,,,,,,11.71556954,,,,,,,,,,,,,,,,,,,,,,,,,,,,,,,
FALSE,"River City Science Academy Jacksonville, FL",,,3.775765912,,4.270781163,,4.220802691,,,,,,,,,,,,,,,11.70359905,,,,,,,,,,,,,,,,,,,,
FALSE,Whiting H.S. IN,,,,,,,,,,,,11.67838608,,,,,,,,,,,,,,,,,,,,,,,,,,,,,,
FALSE,Dublin Coffman H.S. OH,,,,,,,,,,,,,,,,,,,,,11.63502791,,,,,,,,,,,,,,,,,,,,,
FALSE,Haslett H.S. MI,,,,,,,,,,,,,,,,,,,,,,,,,,,,,,,,,,,11.6239616,,,,,,,
FALSE,West Michigan Aviation Academy MI,,,4.194295388,,,,,,,,,11.61756115,,,,,,,,,,,,,,,,,,,,,,7.981306502,,,,,,,,
FALSE,Grosse Pointe South H.S. MI,,,,,,,,,,,,,,,,,,,,,,,,,,,,,,,,,,,11.61066187,,,,,,,
FALSE,Waterville Senior H.S. ME,10.86356551,,,,,,,,,,,,,,,,,,,,,9.879867493,,,,,,,,,,,,,,,,,,,,
FALSE,Merrimack H.S. NH,,,,,,,,,4.972493849,,,5.801912782,,,,,,,,,,9.426428197,,,,,,,,,,,,5.713319462,,9.750323643,,,,,,
FALSE,Cypress Ranch H.S. TX,,8.430073086,,,,10.47596798,,,,,,,,7.120720478,,,,,,,,,,,,,,,,,,,,,,,,,,,,
FALSE,UCVTS NJ,,,,,,,,,,,,,,,,,,11.46846133,,,,,,,,,,,,,,,,,,,,,,,,
FALSE,"Manheim Central H.S. Manheim, PA",,,,,,,5.158758844,,,,,,,,,,,,,,,,,,,,,8.787594508,,,,,,,,11.39453053,,,,,,
FALSE,Falmouth H.S. ME,,,,,,,,,5.345633682,,,,,,,,,,,,,11.43739955,,,,,,,,,,,,4.827340937,,,,,,,,
FALSE,Westfield H.S. NJ,,,,,,,,,,,,,,,,,,,,,,,,,,,,,11.42400565,,,,,,,,,,,,,
FALSE,Chittenango H.S. NY,,,,,,,3.856215083,,,,,,,,,,,,,,,11.41948663,,,,,,,,,,,,,,,,,,,,
FALSE,"La Cañada H.S. La Cañada Flintridge, CA",,,3.63159322,2.960546586,,,,,,,,,,,,,,,,,,,3.329735231,,,,,,,,,,,,,,,,,,,11.38697384
TRUE,Hamilton H.S. MT,11.375888,,,,,,,,,,,,,,,,,,,,,,,,,,,,,,,,,,,,,,,,,
FALSE,Keene Central School NY,,,,,,,,,,,,,,,,,,,,,,11.33956798,,,,,,,,,,,,,,,,,,,,
FALSE,"Tokay H.S. Lodi, CA",,,,,,,,,,,,,,,,,,,9.188844717,,,,,,,,,,,,,,11.00522553,,,,,,,,,
TRUE,Saint Johnsbury Academy VT,11.25525292,,,,,,,,,,,,,,,,,,,,,,,,,2.044018086,,,,,,,,,,,,,,,,
TRUE,"Thunder Basin H.S. Gillette, WY",11.14884821,,,,,,,,,,,,,,,,,,,,,,,,,,,,,,,,,,,,,,,,,
FALSE,Lebanon H.S. NH,,,,,,,,,,,,5.686277904,,,,,,,,,,11.13182017,,,,,,,,,,,,,,,,,,,,
FALSE,Plymouth H.S. MI,,,,,,,,,,,,,,,,,,,,,,,,,,,,,,,,,,,11.11469713,,,,,,,
FALSE,Illinois Mathematics and Science Academy IL,,,,,,,,,,,,,,,,,,,,,,,11.09911744,,,,,,,,,,,,,,,,,,,
FALSE,Forest Hills Eastern H.S. MI,,,,,,,,,,,,,,,,,,,,,,,,,,,,,,,,,,,11.09040271,,,,,,,
FALSE,Bedford H.S. NH,,,,,,,,,,,,,,,,,,,,,,11.08106719,,,,,6.088689456,,,,,,,,,,,,,,,
FALSE,West H.S. CA,,,,,,,5.708462656,,,,,11.0573633,,,,,,,,,,,,,,,,,,,,,,,,,,,,,,
FALSE,"Irvine H.S. Irvine, CA",,,1.898065712,,,,,,8.746103506,,,,,,,,,10.86485811,,,,,,,,,,,,,,,,4.827340937,,,,,,,,
FALSE,Arlington H.S. MA,,,,,,,,,,,,,,,,,,,,,,11.0224372,,,,,,,,,,,,,,,,,,,,
FALSE,Wellesley H.S. MA,,,,,,,,,,,,,,,,,,,,,,,,,,,,,,,,,,10.97484431,,,,,,,,
FALSE,Lake Forest Academy IL,,,,5.956295865,,,,,,,,,,,,,,,,,,,6.875559474,,,,,,,,,,,,,,10.96793004,,,,,
FALSE,Haverford H.S. PA,,,,,,,,,,,,,,,,,,,,,,,,,,,,,,,,,,,,10.92884102,,,,,,
FALSE,Uxbridge H.S. MA,,,,,,,,,,,,,,,,,,,,,,10.90701901,,,,,,,,,,,,,,,,,,,,
FALSE,Cambridge Rindge and Latin School MA,,,,,,,,,,,,,,,,,,,,,,10.75419205,,,,,,,,,,,,,,,,,,,,
FALSE,Cedar Springs Homeschool TN,,,,,,,,,8.722821952,,,7.254964268,,,,,,,,,,,,,,,,,8.640224967,,,,,,,,,,,,,
FALSE,Stow-Munroe Falls H.S. OH,,,,,,,,,,,,,,,,,10.74616977,,,,6.969637745,,,,,,,,,,,,,,,,,,,,,
FALSE,Hicksville H.S. NY,,,,,,,,,,,,,,,,,,,,,,10.73045211,,,,,,,,,,,,,,,,,,,,
FALSE,White H.S. GA,,,,,10.71801811,,,,,,,,,,,,,,,,,,,,,,,,,,,,,,,,,,,,,
FALSE,Lancaster H.S. OH,,,,,,,,,,,,,,,,,,,,,10.68968189,,,,,,,,,,,,,,,,,,,,,
FALSE,Lehman Catholic H.S. OH,,,,,,,,,,,,,,,,,,,,,10.67633647,,,,,,,,,,,,,,,,,,,,,
FALSE,"Pembroke Hill School Kansas City, MO",,,,,,,,,,,,4.695041935,,,,,,,,,,,,,,,,,,,,,,10.6644565,,,,,,,,
FALSE,Farragut H.S. TN,,,,,,,,,,,,,,,,,,10.65818961,,,,,,,,,,,,,,,,,,,,,,,,
FALSE,Wilbraham and Monson Academy MA,,,,,,,,,,,,,,,,,,,,,,10.6442952,,,,,,,,,,,,,,,,,,,,
FALSE,"Eagan H.S. Eagan, MN",,,,,,,,,8.452811987,,,,,,,,,,,,10.48008029,,,,,,,,,,,,,,,,,,,,,
FALSE,"Plattsburgh H.S. Plattsburgh, NY",,,,,,,7.440517564,,,,,,,,,,,,,5.090238701,,,,,,,,,,,,,,10.641742,,,,,,,,
FALSE,"Blacksburg H.S. Blacksburg, VA",,,,,,,,,,,,,,,,,,7.054341324,,,,,,,,6.139433383,,,,,,,,,,,,,,,,10.47759746
FALSE,Boston University Academy MA,,,,,,,,,,,,,,,,,,,,,,10.48359771,,,,,,,,,,,,,,,,,,,,
FALSE,Dougherty Valley H.S. CA,,,,,,,,,,,,,,,,,,,,,,,,,,,,,,,,,,,,,,,,,,10.47759746
FALSE,Tenafly H.S. NJ,,,,,,,,,,,,10.47663926,,,,,,,,,,,,,,,,,,,,,,,,,,,,,,
FALSE,Albuquerque Area Home Schoolers NM,,,,,,,,,,,,10.4276622,,,,,,,,,,,,,,,,,,,,,,,,,,,,,,
FALSE,"Westfield H.S. Chantilly, VA",,,4.807395943,,7.217312915,,9.163584789,,5.550886697,4.230842019,,,,,,,,5.988112635,,,,,,,,,,,,,,,,,,,,,,,,
FALSE,Mat-Su Career and Technical H.S. AK,10.35483268,,,,,,,,,,,,,,,,,,,,,,,,,,,,,,,,,,,,,,,,,
FALSE,"Westview H.S. San Diego, CA",,,,,,,,,10.32628187,,,,,,,,,,,,,,,,,,,,,,,,,,,,,,,,,
FALSE,JR Masterman School PA,,,,,,,,,,,,,,,,,,,,,,,,,,,,,,,,,,,,10.30177637,,,,,,
FALSE,Hun School of Princeton NJ,,,,,,,,,,,,,,,,,,,,,,,,,,,,,5.527202736,,,,,,,10.28491586,,,,,,
FALSE,Green Level H.S. NC,,,,,,,,,,,,,,,,,,,,10.233363,5.211301348,,,,,,,,,,,,,,,,,,,,,
FALSE,"Cerritos H.S. Cerritos, CA",,,,,4.350418452,,,,6.710321051,,,,,,,,,3.902700275,,,7.753169096,,,,,3.184687354,,,,,,,,8.453972707,,,,,,,,
FALSE,BASIS Independent H.S. CA,,,10.1705602,,,,,,,,,,,,,,,,,,,,,,,,,,,,,,,,,,,,,,,
FALSE,"Arnold O. Beckman H.S. Irvine, CA",,,,,,,,,,,,10.09723833,,,,,,,,,,,,,,,,,,,,,,,,,,,,,,
FALSE,Paul Laurence Dunbar H.S. KY,,,,,,,,,,,,,1.942218328,,,,,,,,,,,,,,,,,,,,,,,,,,,,10.00873317,
FALSE,Lakota East H.S. OH,,,,,,,,,,,,,,,,,,,,,10.00204154,,,,,,,,,,,,,,,,,,,,,
FALSE,"W.T. Woodson H.S. Fairfax, VA",,,,,9.98215418,,,,,4.640278343,,,,,,,,,,,,,,,,,,,,,,,,,,,,,,,,
FALSE,Stroudsburg H.S. PA,,,,,,,,,,,,,,,,,,,,,,,,9.975066242,,,,,,,,,,,,,,,,,,
FALSE,"Walter Payton College Prep H.S. Chicago, IL",,,,,,,,,,,,,,,,,,,,,,,9.960746418,,,,,,,,,,,,,,,,,,,
FALSE,Guilford H.S. CT,,,,,,,4.493112542,,,,,,,,,,,,,,,,,,,,,,,,9.923638327,,,,,,,,,,,
FALSE,Philadelphia H.S. for Girls PA,,,,,,,4.374575653,,,,,,,,,,,,,,,,,,,,,,,,,,,,,9.888408479,,,,,,
FALSE,Elizabethtown Area H.S. PA,,,,,,,,,,,,,,,,,,,,,,,,,,,,9.831665142,,,,,,,,,,,,,,
FALSE,Nordonia H.S. OH,,,,,,,,,,,,,,,,8.097723397,,,,,,,,,,,,,,9.380850834,,,,,,,,,,,,
FALSE,Beacon Academy IL,,,,,,,,,,,,,,,,,,,,,,,,,,,,,,,,,,8.244715957,,,9.159513308,,,,,
FALSE,Medford Area Senior H.S. WI,,,,,8.229749755,,,,,,,8.915802745,,,,,,,,,,,,,,4.547120447,,,,,,,,,,,,,,,,
FALSE,Clear Lake H.S. TX,,5.90105116,5.994912828,,,,,,,,,,,4.231482457,,,,,,,9.459895479,,,,,,,,,,,,,,,,,,,,,
FALSE,State College H.S. PA,,,,,,,,,,,,,,,9.700553779,,,,,,,,,,,,,,,,,,,,,,,,,,,
FALSE,Indian Hill H.S. OH,,,,,,,,,,,,,,,,,,,,,9.66298928,,,,,,,,,,,,,,,,,,,,,
FALSE,Francis Lewis H.S. NY,,,,,,,,,,,,,,,,,,,,5.345786642,,,,,,,,,,,9.636590938,,,,,,,,,,,
FALSE,Flintridge Preparatory School CA,,,,,,,,,,,,,,,,,,,,,,,,,,,,,,,,9.635001993,,,,,,,,,,
FALSE,Century H.S. MN,,,,,,,,,,,,,,,,,,,,,,,,,,,9.62012934,,,,,,,,,,,,,,,
FALSE,Chapel Hill H.S. NC,,,,,,,,,,,,,,,,,,,,9.609377451,,,,,,,,,,,,,,,,,,,,,,
FALSE,Ukiah H.S. CA,,,,,,,,,,,,,,,,,,,5.920647369,,,,,,,,,,,,,,9.591546154,,,,,,,,,
FALSE,"Edison H.S. Fresno, CA",,,2.808470734,,,,,,,,,,3.057828535,,,,,,,,,,,,,,,,,,,,9.583754483,,,,,,,,,
FALSE,Hartland H.S. MI,,,,,,,,,,,,,,,,,,,,,,,,,,,,,,,,,,,9.564296397,,,,,,,
FALSE,Benzie Central H.S. MI,,,,,,,,,,,,,,,,,,,,,,,,,,,,,,,,,,,9.564296397,,,,,,,
FALSE,Belvidere North H.S. IL,,,,4.891840647,,,,,,,,,,,,,,,,,,,,,,,,,,,,,,,,,9.526709833,,,,,
FALSE,Grayslake Central H.S. IL,,,,,,,,,,,,,,,,,,,,,,,9.513529232,,,,,,,,,,,,,,,,,,,
FALSE,"Pocono Mountain East H.S. Swiftwater, PA",,,3.252323318,3.677859635,,,,,,,,7.280797969,,,,,,,,,,,,,4.792842995,,,9.027256176,,,,,,,,,,,,,,
FALSE,Crystal Lake Central H.S. IL,,,,4.558002569,,,,,,,,,,,,,,,,,,,5.740922812,,,,,,,,,,,,,,9.463479458,,,,,
FALSE,"CAMS Carson, CA",,,,,,,,,,,,,,,,,,,,,,,,,,,9.45467257,,,,,,,,,,,,,,,
FALSE,Loveland H.S. OH,,,,,,,,,,,9.445847831,,,,,,,,,,,,,,,,,,,,,,,,,,,,,,,
FALSE,"Saint Francis H.S. Sacramento, CA",,,,,,,,,,,,,,,,,,,,,,,,,,,,,,,,,,9.395952741,,,,,,,,
FALSE,Waterford School UT,,,,,,,,,,,,9.368571651,,,,,,,,,,,,,,,,,,,,,,,,,,,,,,
FALSE,"Santa Teresa H.S. San Jose, CA",,,,,5.225033829,,,,,,,,,,,,,,,,,,,,,3.178734668,,,,,,,,9.299763369,,,,,,,,
FALSE,Olentangy Liberty H.S. OH,,,,,,,,,,,9.294886792,,,,,,,,,,,,,,,,,,,,,,,,,,,,,,,
FALSE,John Jay H.S. NY,,,,,,,,,,,,,,,,,,,,,,,,,,,9.294810956,,,,,,,,,,,,,,,
FALSE,Northwestern Lehigh H.S. PA,,,,,,,,,,,,,,,,,,,,,,,,,3.873499709,,,9.280356816,,,,,,,,,,,,,,
FALSE,"Advanced Technologies Academy Las Vegas, NV",,,,,,,,,,,,,,,,,,,,,,,,,,,,,,,,,,9.260978443,,,,,,,,
FALSE,"Silver Creek H.S. San Jose, CA",,,,,,,,,4.957448482,,,,,,,,,,6.381142165,,,,,,,,,,,,,,9.245769411,,,,,,,,,
FALSE,Lake Placid H.S. NY,,,,,,,,,,,,,,,,,,,,,,9.24124488,,,,,,,,,,,,,,,,,,,,
FALSE,Livermore H.S. CA,,,,,,,,,6.493144214,,,,,,,,,,9.188844717,,,,,,,,,,,,,,,,,,,,,,,
FALSE,Interlake H.S. WA,,,,,,,,,,,,,9.188186705,,,,,,,,,,,,,,,,,,,,,,,,,,,,,
FALSE,Cinco Ranch H.S. TX,,,,,,5.106092305,,,,,,,,9.134165579,,,,,,,,,,,,,,,,,,,,,,,,,,,,
FALSE,Academy for Health and Medical Sciences NJ,,,,,,,,,,,,,,,,,,,,,,,,,,,,,,,,,,9.113174409,,,,,,,,
FALSE,Rosemead H.S. CA,,,,,,,,,,,,,,,,,,,,,,,,,,,,,,,,9.095980903,,,,,,,,,,
FALSE,Walsh Jesuit H.S. OH,,,,,,,,,,,,,,,,8.470105065,,,,,,,,,,,,,,7.73968749,,,,,,,,,,,,
FALSE,Chagrin Falls H.S. OH,,,,,,,,,,,,,,,,8.988539949,,,,,,,,,,,,,,,,,,,,,,,,,,
FALSE,Saint Anthony's H.S. NY,,,,,,,,,,,8.879302977,,,,,,,4.111335195,,,,,,,,,,,,,,,,,,,,,,,,
FALSE,Cypress Falls H.S. TX,,5.716643312,,,,8.525487453,,,,,,,,5.733567138,,,,,,,,,,,,,,,,,,,,,,,,,,,,
FALSE,Northern Guilford H.S. NC,,,,,,,,,,,,8.822829613,,,,,,,,,,,,,,,,,,,,,,,,,,,,,,
FALSE,Buffalo Grove H.S. IL,,,,3.919596888,,,,,,,,,,,,,,7.428435182,,,,,,,,,,,,,,,,8.197371403,,,,,,,,
FALSE,Temecula Valley H.S. CA,,,3.850124541,,,,,,6.358745369,,,8.103133802,,,,,,,,,,,,,,,,,,,,,,4.827340937,,,,,,,,
FALSE,Thomas Worthington H.S. OH,,,,,,,,,,,7.959257898,,,,,,,,,,7.697340695,,,,,,,,,,,,,,,,,,,,,
FALSE,Joseph A. Foran H.S. CT,,,,,,,,,,,,,,,,,,,,,,,,,,,,,,,8.734288415,,,,,,,,,,,
FALSE,St. Xavier H.S. OH,,,,,,,,,,,,,,,,,,,,,8.699639382,,,,,,,,,,,,,,,,,,,,,
FALSE,"College Prep Oakland, CA",,,,,5.142011764,,,,,,,,,,,,,,,,,,,,,,,,,,,,8.69388487,,,,,,,,,
FALSE,"John Jay H.S. Hopewell Junction, NY",,,,,,,,8.661668693,,,,,,,,,,,,,,,,,,,,,,,,,,,,,,,,,,
FALSE,"Reservoir H.S. Fulton, MD",,,,,,,,,,,,8.627387185,,,,,,,,,,,,,,,,,,,,,,,,,,,,,,
FALSE,East Bay Innovation Academy CA,,,,,,,,,,,,,,,,,,,,,,,,,,,,,,,,,8.580074014,,,,,,,,,
FALSE,North Creek H.S. WA,,,,,,,,,,,,,,,,,,,,,,,,,,,,,,,,,,8.569979194,,,,,,,,
FALSE,Skyline H.S. MI,,,,,,,,,,,,,,,,,,,,,,,,,,,,,,,,,,,8.527494518,,,,,,,
FALSE,Sage Hill H.S. CA,,,,,,,,,,,,,,,,,,,,,,,,,,,,,,,,,,8.450398089,,,,,,,,
FALSE,Riverside STEM H.S. CA,,,,,,,,,,,,,,,,,,,,,,,,,,8.336387486,,,,,,,,,,,,,,,,
FALSE,Columbus Academy OH,,,,,,,,,,,,,,,,,,,,,8.326918708,,,,,,,,,,,,,,,,,,,,,
FALSE,Saratoga H.S. CA,,,,,,,,,,,,8.272518258,,,,,,,,,,,,,,,,,,,,,,,,,,,,,,
FALSE,Redmond H.S. WA,,,,,,,,,8.226460536,,,,6.328287532,,,,,,,,,,,,,,,,,,,,,,,,,,,,,
FALSE,Westborough H.S. MA,,,,,,,,,,,,,,,,,,,,,,,,,,,,,,,,,,,,,8.225947529,,,,,
FALSE,Mount Vernon H.S. IN,,,,,8.176092055,,,,,,,,,,,,,,,2.724650591,,,,,,,,,,,,,,,,,,,,,,
FALSE,Winthrop H.S. MA,,,,,,,,,,,,,,,,,,,,,,8.160427767,,,,,,,,,,,,,,,,,,,,
FALSE,Edison H.S. NJ,,,,,,,,,,,,,,,,,,,,,,,,,,,8.152651983,,,,,,,,,,,,,,,
FALSE,Mars Hill Academy OH,,,,,,,,,,,6.173101463,,,,,,,,,,,,,,,,,,,8.135514815,,,,,,,,,,,,
FALSE,Dansville H.S. MI,,,,,,,,,,,,,,,,,,,,,,,,,,,,,,,,,,,8.105206451,,,,,,,
FALSE,Avon Lake H.S. OH,,,,,,,,,,,,,,,,8.097723397,,,,,,,,,,,,,,,,,,,,,,,,,,
FALSE,Oak Park and River Forest H.S. IL,,,,8.09247952,,,,,,,,,,,,,,,,,,,,,,,,,,,,,,,,,,,,,,
FALSE,Piqua H.S. OH,,,,,,,,,,,7.595448535,,,,,,,,,,6.863359159,,,,,,,,,,,,,,,,,,,,,
FALSE,St. Mary's Academy OR,,,,,,,,,,,,,8.063893817,,,,,,,,,,,,,,,,,,,,,,,,,,,,,
FALSE,Mundelein H.S. IL,,,,3.853265248,,,,,,,,,,,,,,,,,,,3.64759728,,,,,,,,,,,,,,8.04039984,,,,,
FALSE,Lyons Township H.S. IL,,,,5.698799571,,,,,,,,7.210193698,,,,,,,,,,,5.156669606,,,,,,,,,,,,,,,,,,,
FALSE,Simon G. Atkins Academic and Technology H.S. NC,,,,,,,,7.956193415,,,,,,,,,,,,5.793889345,,,,,,,,,,,,,,,,,,,,,,
FALSE,"Larchmont Charter School Los Angeles, CA",,,,,,,,,5.643295259,,,,,,,,,,,,,,,,,,,,,,,7.432715823,,4.827340937,,,,,,,,
FALSE,Farmington H.S. PA,,,,,,,,,,,,,,,,,,,,,,,,,7.929520348,,,,,,,,,,,,,,,,,
FALSE,"Oakland Mills H.S. Columbia, MD",,,,,,,,,,,,,,,,,,,,,,,,,,,,,4.600364578,,,,,,,7.919450017,,,,,,
FALSE,"Cupertino H.S. Cupertino, CA",,,,,,,,,,,,,,,,,,,,,,,,,,,,,6.222678577,,,,,7.828120439,,,,,,,,
FALSE,Forest Hills Northern H.S. MI,,,,,,,,,,,,,,,,,,,,,,,,,,,,,,,,,,7.89928517,,,,,,,,
FALSE,Scranton Preparatory School PA,,,,,,,,,,,,,,,,,,,,,,,,7.894704833,,,,,,,,,,,,,,,,,,
FALSE,Tracy H.S. CA,,,,,,,,,,,,,,,,,,,,,,,,,,,,,,,,,,7.893045608,,,,,,,,
FALSE,Oakdale H.S. CA,,,,,,,,,,,,4.904315242,,,,,,,5.087953885,,,,,,,,,,,,,,7.645885787,,,,,,,,,
FALSE,Central H.S. PA,,,4.787773919,,,,3.627252312,,,,,6.638606373,,,,,,,,,,,,,,,,,5.782304401,,,,,,,,,,,,,
FALSE,The Early College at Guilford NC,,,,,7.104861863,,,,,,,,,,,,,,,6.840008255,,,,,,,,,,,,,,,,,,,,,,
FALSE,"Randolph H.S. Randolph, NJ",,,,,,,,,,,,,,,,,,,,,,,,,,,6.983759956,,6.960181223,,,,,,,,,,,,,
FALSE,"Lincoln Science Focus Program H.S. Lincoln, NE",,,,,4.971290858,,,,,,,,,,,,,,,,,,,,,,,,,,,,,7.737201502,,,,,,,,
FALSE,Hudson H.S. WI,,,,,7.716973039,,,,,,,,,,,,,,,,,,,,,,,,,,,,,,,,,,,,,
FALSE,"James Madison H.S. Vienna, VA",,,,,,,,,,2.766319782,,,,,,,,,,7.710068013,,,,,,,,,,,,,,,,,,,,,,
FALSE,"Quartz Hill H.S. Lancaster, CA",,,,,,,,,,,,7.689216281,,,,,,,,,,,,,,,,,,,,,,,,,,,,,,
FALSE,Prairie Ridge H.S. IL,,,,4.245122731,,,,,,,,7.672385602,,,,,,,,,,,3.69384257,,,,,,,,,,,,,,,,,,,
FALSE,Pacific Academy Irvine CA,,,,,,,,,,,,7.655628441,,,,,,,,,,,,,,,,,,,,,,,,,,,,,,
FALSE,"Woodbury H.S. Woodbury, MN",,,,,7.19144441,,,,,,,,,,,,,6.4510095,,,,,,,,,,,,,,,,,,,,,,,,
FALSE,"Crean Lutheran H.S. Irvine, CA",,,,,,,,,5.036178453,,,6.396321469,,,,,,,,,,,,,,,,,,,,,,5.974646182,,,,,,,,
FALSE,Barrington H.S. IL,,,,7.624421344,,,,,,,,,,,,,,,,,,,,,,,,,,,,,,,,,,,,,,
FALSE,Hamilton H.S. MI,,,,,,,,,,,,,,,,,,7.586486994,,,,,,,,4.858922992,,,,,2.449637612,,,,,,,,,,,
FALSE,Kutztown H.S. PA,,,,,,,,,,,,,,,,,,,,,,,,,,,,,,,,,,7.547277749,,,,,,,,
FALSE,Lebanon H.S. OH,,,,,,,,,,,,,,,,,,,,,6.963962144,,,,,,,,,,,,,,,,6.485963176,,,,,
FALSE,"West Babylon Senior H.S. West Babylon, NY",,,,,,,4.911371255,,,,,7.512642117,,,,,,,,,,,,,,,,,,,,,,,,,,,,,,
FALSE,Vestal H.S. NY,,,,,,,,,,,,,,,,,,,,,,,,,,,7.486481976,,,,,,,,,,,,,,,
FALSE,Academic Magnet H.S. SC,,,,,,,,,,,,,,,,,,,,,,,,,,,,,,,,,,7.457161,,,,,,,,
FALSE,Honesdale H.S. PA,,,,,,,,,,,,,,,,,,,,,,,,7.45611012,,,,,,,,,,,,,,,,,,
FALSE,Inglemoor H.S. WA,,,,,,,,,,,,7.248534462,,,,,,,,,,,,,,,,,,,6.010451049,,,,,,,,,,,
FALSE,"Edgewood H.S. West Covina, CA",,,,,,,,,,,,7.426237637,,,,,,,,,,,,,,3.626061934,,,,,,,,,,,,,,,,
FALSE,Polytechnic Upper School CA,,,3.156066215,,,,,,,,,,,,,,,,,,,,,,,1.369261713,,,,,,,,7.399182332,,,,,,,,
FALSE,Naperville Central H.S. IL,,,,7.3882667,,,,,,,,,,,,,,,,,,,,,,,,,,,,,,,,,,,,,,
FALSE,Longmeadow H.S. MA,,,,,,,,,,,,,,,,,,,,2.393587336,7.359505605,,,,,,,,,,,,,,,,,,,,,
FALSE,Brazoswood H.S. TX,,,,,,7.354889435,,,,,,,,1.90022096,,,,,,,,,,,,,,,,,,,,,,,,,,,,
FALSE,Cheyenne Mountain H.S. CO,,,,,,,,,,,,7.337407044,,,,,,,,,,,,,,,,,,,,,,,,,,,,,,
FALSE,Glenbrook South H.S. IL,,,,7.323457343,,,,,,,,,,,,,,,,,,,,,,,,,,,,,,,,,,,,,,
FALSE,Shaker Heights H.S. OH,,,,,,,,,,,,,,,,,,,,,7.271892443,,,,,,,,,,,,,,,,,,,,,
FALSE,Grayslake North H.S. IL,,,,,,,,,,,,,,,,,,,,,,,,,,,,,,,,,,,,,7.249987652,,,,,
FALSE,Bellville H.S. TX,,4.047181106,,,,5.677974644,,,,,,6.124884961,,3.41354126,,,,,,,,,,,,,,,,,,,,,,,,,,,,
FALSE,South High Community School MA,,,,,,,,,,,,7.212313096,,,,,,,,,,,,,,,,,,,2.449637612,,,,,,,,,,,
FALSE,Buchanan H.S. CA,,,,,,,,,,,,,,,,,,,,,,,,,,,,,,,,,,7.188917798,,,,,,,,
FALSE,"Mt. Lebanon H.S. Pittsburgh, PA",,,,,,,5.765169238,,,,,,,,6.952998084,,,,,,,,,,,,,,,,,,,,,,,,,,,
FALSE,Manalapan H.S. NJ,,,,,,,,,6.045891968,,,,,,,,,,,,,,,,,,,,,,,,,6.624193397,,,,,,,,
FALSE,"Warwick H.S. Lititz, PA",,,,,,,,,,,,,,,,,,,,,,,,,,,,,,,,,,7.066899392,,,,,,,,
FALSE,Princeton International School of Mathematics and Science NJ,,,,,,,,,,,,6.284910132,,,,,,,,,,,,,,,,,,,,,,,,,6.374802854,,,,,
FALSE,Etiwanda H.S. CA,,,,,,,3.076115035,,,,7.055737288,,,,,,,,,,,,,,,,,,,,,,,,,,,,,,,
FALSE,"Santa Monica H.S. Santa Monica, CA",,,,,,,,,,,,7.046608028,,,,,,,,,,,,,,,,,,,,,,,,,,,,,,
FALSE,Cosumnes Oaks H.S. CA,,,,,,,,,,,,,,,,,,,7.02511064,,,,,,,,,,,,,,,,,,,,,,,
FALSE,"Oakton H.S. Oakton, VA",,,,,7.005631949,,,,,2.084762734,,,,,,,,,,,,,,,,,,,,,,,,,,,,,,,,
FALSE,"El Dorado H.S. Placentia, CA",,,,,6.128323122,,,,,,,,,,,,,6.367230156,,,,,,,,,,,,,,,,,,,,,,,,
FALSE,Rockford Auburn H.S. IL,,,,,,,,,,,,,,,,,,6.647819959,,,,,,,,2.144543565,,,,,,,,,,,5.796060589,,,,,
FALSE,Northview H.S. GA,,,,,,,,,,,,,,,6.952998084,,,,,,,,,,,,,,,,,,,,,,,,,,,
FALSE,New Philadelphia H.S. OH,,,,,,,,,,,,,,,,,,,,,6.924490294,,,,,,,,,,,,,,,,,,,,,
FALSE,St. Francis H.S. CA,,,,,,,,,,,,,,,,,,,6.908905802,,,,,,,,,,,,,,,,,,,,,,,
FALSE,"Lambert H.S. Suwanee, GA",,,6.005143055,,6.289695894,,,,,,,,,,,,,,,,,,,,,,,,,,,,,,,,,,,,,
FALSE,EO Smith H.S. CT,,,,,,,,,,,,,,,,,,,,,,,,,,,,,,,6.818874289,,,,,,,,,,,
FALSE,James B. Conant H.S. IL,,,,4.940083652,,,,,,,,,,,,,,,,,,,,,,,,,,,,,,,,,6.811294132,,,,,
FALSE,Warren Township H.S. IL,,,,6.806039161,,,,,,,,,,,,,,,,,,,,,,,,,,,,,,,,,,,,,,
FALSE,Baldwin-Woodville H.S. WI,,,,,6.764710014,,,,,,,,,,,,,,,,,,,,,,,,,,,,,,,,,,,,,
FALSE,"Mark Keppel H.S. Alhambra, CA",,,1.898065712,,,,,,,,,6.70390414,,,,,,,,,,,,,,,,,,,,,,,,,,,,,,
FALSE,"California H.S. San Ramon, CA",,,,,,,,,,,,,,,,,,,,,,,,,,,,,,,,,,6.692964327,,,4.375951626,,,,,
FALSE,Bridgeland H.S. TX,,,4.159590816,,,6.37974679,,,,,,,,4.489674606,,,,,,,,,,,,,,,,,,,,,,,,,,,,
FALSE,Dundee-Crown H.S. IL,,,,3.256986231,,,,,,,,,,,,,,,,,,,,,,,,,,,,,,,,,6.667954349,,,,,
FALSE,The Harker School CA,,,,,,,,,4.903052539,,,,,,,,,,,,,,,,,,,,,,,,,6.632987547,,,,,,,,
FALSE,"Beverly Hills H.S. Beverly Hills, CA",,,,,,,,,,,,6.556998705,,,,,,,,,,,,,,2.497243828,,,,,,,,,,,,,,,,
FALSE,Pocono Mountain West H.S. CT,,,,,,,,,,,,,,,,,,,,,,,,,6.556443231,,,,,,,,,,,,,,,,,
FALSE,"California Academy of Mathematics and Science Carson, CA",,,,,,,,,,,,6.551746103,,,,,,,,,,,,,,,,,,,,,,,,,,,,,,
FALSE,Plainfield East H.S. IL,,,,3.45942322,,,,,,,,,,,,,,,,,,,,,,,,,,,,,,,,,6.535512169,,,,,
FALSE,Bloomington H.S. South IN,,,,,,,,6.512291647,,,,,,,,,,,,,,,,,,,,,,,,,,,,,,,,,,
FALSE,John Overton H.S. TN,,,,,,,,,,,,6.451824653,,,,,,,,,,,,,,,,,,,,,,,,,,,,,,
FALSE,Wausau West H.S. WI,,,,,6.422576793,,,,,,,,,,,,,,,,,,,,,,,,,,,,,,,,,,,,,
FALSE,"Green Valley H.S. Henderson, NV",,,,,,,,,,,,,,,,,,6.408846039,,,,,,,,,,,,,,,,,,,,,,,,
FALSE,Union H.S. WA,,,,,,,,,,,,6.397989349,,,,,,,,,,,,,,,,,,,,,,,,,,,,,,
FALSE,Hampden Charter School of Science - West MA,,,,,,,,,4.192162192,,,5.040322341,,,,,,,,,,,,,,,,,,,,,,5.355088821,,,,,,,,
FALSE,Shawnee H.S. OH,,,,,,,,,,,,,,,,,,,,,6.348734605,,,,,,,,,,,,,,,,,,,,,
FALSE,Holly Springs H.S. NC,,,,,,,,,,,,6.335215377,,,,,,,,,,,,,,,,,,,,,,,,,,,,,,
FALSE,General Douglas MacArthur H.S. NY,,,,,,,,,,,,,,,,,,,,,,,,,,,6.32903246,,,,,,,,,,,,,,,
FALSE,Brentwood H.S. TN,,,,,,,,,,,,,,,,,,,,6.313853774,,,,,,,,,,,,,,,,,,,,,,
FALSE,"Plainfield North H.S. Plainfield, IL",,,,,,,,,,,,,,,,,,,,,,,,,,,4.362870449,,,,,,,,,,6.308986305,,,,,
FALSE,Raisbeck Aviation H.S. WA,,,,,,,,,,,,,6.307402095,,,,,,,,,,,,,,,,,,,,,,,,,,,,,
FALSE,Lawton Chiles H.S. FL,,,6.306476398,,,,,,,,,,,,,,,,,,,,,,,,,,,,,,,,,,,,,,,
FALSE,Parsippany H.S. NJ,,,,,,,,,,,,,,,,,,,,,,,,,,,,,6.306204464,,,,,,,,,,,,,
FALSE,Bergen County Technical H.S. Teterboro NJ,,,,,,,,,,,,,,,,,,,,,,,,,,,4.81006467,,,,,,,6.294548498,,,,,,,,
FALSE,"West Chester East H.S. West Chester, PA",,,,,,,3.451102299,,,,,,,,,,,,,2.576746079,,,,,,,,,,,,,,6.282675725,,,,,,,,
FALSE,"Atholton H.S. Columbia, MD",,,,,,,,,,,,,,,,,,,,,,,,,,,,,6.222678577,,,,,,,,,,,,,
FALSE,Prattville H.S. AL,,,,,,,,,4.91039977,,,,,,,,,,,,,,,,,,,,,,,,,6.130426834,,,,,,,,
FALSE,Farmington H.S. NY,,,,,,,,,,,,,,,,,,,,,,,,,6.181789332,,,,,,,,,,,,,,,,,
FALSE,Prospect H.S. IL,,,,6.146312666,,,,,,,,,,,,,,,,,,,,,,,,,,,,,,,,,,,,,,
FALSE,Eastern Camden County Regional H.S. NJ,,,,,,,,,,,,,,,,,,,,3.277741061,,,,,,,6.137243598,,,,,,,,,,,,,,,
FALSE,James Clemens H.S. AL,,,6.130686115,,,,,,,,,,,,,,,,,,,,,,,,,,,,,,,,,,,,,,,
FALSE,Faribault H.S. MN,,,,2.960546586,4.597646632,,,,,,,6.040445385,,,,,,,,,,,,,,,,,,,,,,,,,,,,,,
FALSE,Laguna Creek H.S. CA,,,,,,,,,,,,,,,,,,,6.117739492,,,,,,,,,,,,,,,,,,,,,,,
FALSE,Turlock H.S. CA,,,,,,,,,,,,,,,,,,,6.085327627,,,,,,,,,,,,,,,,,,,,,,,
FALSE,Cary H.S. NC,,,,,,,,,,,,6.07183597,,,,,,,,,,,,,,,,,,,,,,,,,,,,,,
FALSE,Hampden Charter School of Science - East MA,,,,,,,,,4.025643055,,,4.896485563,,,,,,,,,,,,,,,,,,,,,,4.94438186,,,,,,,,
FALSE,Jesuit H.S. OR,,,,,,,,,,,,,,,,,,,,,,,,,,,,,,,,,,,,,6.05020186,,,,,
FALSE,Austin Area Homeschoolers TX,,5.770744037,,,,,,,,,,,,,,,,,,5.018910516,,,,,,,,,,,,,,,,,,,,,,
FALSE,Northern Academy of the Arts NY,,,,,,,,,,,,,,,,,,,,,,,,,,,5.956736433,,,,,,,,,,,,,,,
FALSE,Holmdel H.S. NJ,,,,,,,,,,,,,,,,,,,,,,,,,,,,,5.918894268,,,,,,,,,,,,,
FALSE,Fox Lane H.S. NY,,,,,,,,,,,,5.895312147,,,,,,,,,,,,,,,,,,,,,,,,,,,,,,
FALSE,Langham Creek H.S. TX,,,,,,5.877820542,,,,,,,,3.319433606,,,,,,,,,,,,,,,,,,,,,,,,,,,,
FALSE,Midwood H.S. NY,,,,,,,,,,,,,,,,,,,,,,,,,,,,,,,,,,5.857324584,,,4.375951626,,,,,
FALSE,"Winchester Thurston Upper School Pittsburgh, PA",,,,,,,,,,,,,,,5.839168294,,,,,,,,,,,,,,,,,,,,,,,,,,,
FALSE,San Francisco University H.S. CA,,,,,,,,,,,,5.833639837,,,,,,,,,,,,,,,,,,,,,,,,,,,,,,
FALSE,Bermudian Springs H.S. PA,,,,,,,,,,,,,,,,,,,,,,,,,,,,5.773245229,,,,,,,,,,,,,,
FALSE,Navarre H.S. FL,,,,,,,,,,,,5.744858149,,,,,,,,,,,,,,,,,,,,,,,,,,,,,,
FALSE,Prestonwood Christian Academy TX,,5.51001765,,,,,,,,,,,,,,,,,,,,,,,,,,,,,,,,,,,,,4.675598407,,,
FALSE,Huntley H.S. IL,,,,5.590675025,,,,,,,,,,,,,,,,,,,4.570224827,,,,,,,,,,,,,,,,,,,
FALSE,Roy C. Ketcham H.S. NY,,,,,5.703277403,,,,,,,,,,,,,,,,,,,,,,,,,,,,,,,,,,,,,
FALSE,Maine South H.S. IL,,,,,,,,,,,,,,,,,,,,,,,,,,,,,,,,,,,,,5.673067261,,,,,
FALSE,Collegiate School NY,,,,,,,,,,,,,,,,,,,,5.479617183,4.627567918,,,,,,,,,,,,,,,,,,,,,
FALSE,San Ramon Valley H.S. CA,,,,,,,,,4.033902479,,,,,,,,,,,,,,,,,,,,,,,,,5.658321484,,,,,,,,
FALSE,Fayetteville-Manlius Senior H.S. NY,,,,,,,,,,,,,,,5.647270745,,,,,,,,,,,,,,,,,,,,,,,,,,,
FALSE,"Episcopal H.S. Alexandria, VA",,,,,,,,,,,,5.209403217,,,,,,4.87231525,,,,,,,,,,,,,,,,,,,,,,,,
FALSE,Staples H.S. CT,,,,,5.613914354,,,,,,,,,,,,,,,,,,,,,,,,,,,,,,,,,,,,,
FALSE,"Pocono Mountain West H.S. Pocono Summit, PA",,,2.744940585,3.522675684,,,,,,,,5.581503447,,,,,,,,,,,,,,,,,,,,,,,,,,,,,,
FALSE,Quarry Lane H.S. CA,,,,,,,,,,,,,,,,,,,,,,,,,,,,,,,,,,5.579338772,,,,,,,,
FALSE,"B. Reed Henderson H.S. West Chester, PA",,,,,,,4.870156951,,,,,5.071576923,,,,,,,,,,,,,,,,,,,,,,,,,,,,,,
FALSE,Paul D. Schreiber H.S. CT,,,,,,,,,,,,,,,,,,,,,,,,,5.527512359,,,,,,,,,,,,,,,,,
FALSE,Cypress Springs H.S. TX,,,,,,5.480670505,,,,,,,,,,,,,,,,,,,,,,,,,,,,,,,,,,,,
FALSE,"South County H.S. Lorton, VA",,,,,,,,,,,,,,,,,,,,5.449301182,,,,,,,,,,,,,,,,,,,,,,
FALSE,Chadwick School CA,,,,,,,,,,,,5.440418881,,,,,,,,,,,,,,,,,,,,,,,,,,,,,,
FALSE,Winchester H.S. MA,,,,,,,,,,,,,,,,,,,,4.888144857,,,,,,,,,,,,,,4.827340937,,,,,,,,
FALSE,Wasatch H.S. UT,,,,,,,3.403873138,,,,,5.402089202,,,,,,,,,,,,,,,,,,,,,,,,,,,,,,
FALSE,PRISMS NJ,,,,,,,,,,,,,,,,,,,,,,,,,,,5.396987007,,,,,,,,,,,,,,,
FALSE,Worthington Kilbourne H.S. OH,,,,,,,,,,,,,,,,,,,,,5.385230172,,,,,,,,,,,,,,,,,,,,,
FALSE,J. Graham Brown School KY,,,,,,,,,,,,,,,,,,,,,,,,,,,,,,,,,,,,,,,,,5.380417255,
FALSE,Saint Charles East H.S. IL,,,,,,,,,,,,,,,,,,,,,,,,,,,,,,,,,,,,,5.3569101,,,,,
FALSE,"Theodore Roosevelt H.S. San Antonio, TX",,5.348906023,,,,,,,,,,,,,,,,,,,,,,,,,,,,,,,,,,,,,,,,
FALSE,Ephrata H.S. PA,,,,,,,,,,,,,,,,,,,,,,,,,,,,,,,,,,5.308151787,,,,,,,,
FALSE,Tomball H.S. TX,,,,,,3.164980292,,,,,,,,5.297816036,,,,,,,,,,,,,,,,,,,,,,,,,,,,
FALSE,Summer Creek H.S. TX,,5.287068959,,,,,,,,,,,,,,,,,,,,,,,,,,,,,,,,,,,,,,,,
FALSE,Normandy H.S. OH,,,,,,,,,,,,,,,,,,,,,5.275598712,,,,,,,,,,,,,,,,,,,,,
FALSE,Harmony School of Advancement TX,,,,,,,,,,,,,,3.123712285,,,,,,,,,,,,,,,,,5.264232521,,,,,,,,,,,
FALSE,Owen County H.S. KY,,,,,,,,,,,,,,,,,,,,,,,,,,,,,,,,,,,,,,,,,5.258825904,
FALSE,"Quaker Valley H.S. Leetsdale, PA",,,,,,,,,,,,,,,5.25270161,,,,,,,,,,,,,,,,,,,,,,,,,,,
FALSE,St. John Berchmans Catholic School KY,,,,,,,,,,,,,,,,,,,,,5.18601911,,,,,,,,,,,,,,,,,,,,,
FALSE,"WCTA Las Vegas, NV",,,,,,,,,,,,,,,,,,5.181259942,,,,,,,,,,,,,,,,,,,,,,,,
FALSE,"Cornerstone Charter Academy Greensboro, NC",,,,,,,,,,,,5.178617382,,,,,,,,,,,,,,,,,,,,,,,,,,,,,,
FALSE,Fort Loramie H.S. OH,,,,,,,,,,,,,,,,,,,,,5.157868222,,,,,,,,,,,,,,,,,,,,,
FALSE,Lake Travis H.S. TX,,5.153030591,,,,,,,,,,,,,,,,,,,,,,,,,,,,,,,,,,,,,,,,
FALSE,Hillcrest H.S. UT,,,,,,,,,,,,,,,,,,,,,5.130021303,,,,,,,,,,,,,,,,,,,,,
FALSE,"Triangle Math and Science Academy Cary, NC",,,,,,,,,,,,,,,,,,,,5.123335182,,,,,,,,,,,,,,,,,,,,,,
FALSE,Millersburg Area H.S. PA,,,,,,,,,,,,,,,,,,,,,,,,,,,,,,,,,,5.11784673,,,,,,,,
FALSE,Spring Early College Academy TX,,,,,,5.115292472,,,,,,,,3.941827407,,,,,,,,,,,,,,,,,,,,,,,,,,,,
FALSE,Central Bucks H.S. South PA,,,,,,,,,,,,,,,,,,,,,,,,,,,,,5.038200885,,,,,,,,,,,,,
FALSE,Tomball Memorial H.S. TX,,,,,,5.033665464,,,,,,,,1.90022096,,,,,,,,,,,,,,,,,,,,,,,,,,,,
FALSE,Harlem H.S. IL,,,,5.014259082,,,,,,,,,,,,,,,,,,,,,,,,,,,,,,,,,,,,,,
FALSE,Larry A. Ryle H.S. KY,,,,,,,,,,,,,,,,,,,,,,,,,,,,,,,,,,,,,,,,,5.004366586,
FALSE,"Maclay School Tallahassee, FL",,,2.428580973,,,,,,,,,5.001281931,,,,,,,,,,,,,,,,,,,,,,,,,,,,,,
FALSE,Hendrickson H.S. TX,,3.6733451,,,,,,,,,,,,4.979150409,,,,,,,,,,,,,,,,,,,,,,,,,,,,
FALSE,"South Pasadena H.S. South Pasadena, CA",,,,,,,,,,,,,,,,,,,,4.968278379,,,,,,,,,,,,,,,,,,,,,,
FALSE,Leyden H.S. IL,,,,,,,,,,,,,,,,,,,,,,,,,,,,,,,,,,,,,4.96516856,,,,,
FALSE,George Washington H.S. IL,,,,,,,,,,,,,,,,,,,,,,,,,,,,,,,,,,,,,4.945078283,,,,,
FALSE,Kingwood H.S. TX,,,,,,,,,,,,,,4.923620851,,,,,,,,,,,,,,,,,,,,,,,,,,,,
FALSE,Rochester H.S. MI,,,,,,,,,,,,,,,,,,,,1.488981389,,,,,,,,,,,4.889004207,,,,,,,,,,,
FALSE,Kutztown Area H.S. PA,,,3.18174849,,,,4.067946519,,,,,,,,,,,,,,,,,,3.873499709,,,,,,,,,,,,,,,,,
FALSE,Saint Ignatius Loyola School NY,,,,,,,4.863355056,,,,,,,,,,,,,,,,,,,,,,,,,,,,,,,,,,,
FALSE,Fulton County Schools Innovation Academy GA,,,,,4.855791361,,,,,,,,,,,,,,,,,,,,,,,,,,,,,,,,,,,,,
FALSE,Brentwood H.S. NY,,,,,,,,,4.830771666,,,,,,,,,,,,,,,,,,,,,,,,,,,,,,,,,
FALSE,Carl Wunsche Senior H.S. TX,,,,,,4.593830618,,,,,,,,4.025696076,,,,,,,,,,,,,,,,,,,,,,,,,,,,
FALSE,Gabrielino H.S. CA,,,,,,,,,,,,,,,,,,,,,,,,,,,,,,,,,,4.827340937,,,,,,,,
FALSE,"Agoura H.S. Agoura Hills, CA",,,,,,,,,,,,,,,,,,,,,,,,,,,,,,,,,,4.827340937,,,,,,,,
FALSE,"BASIS Independent McLean McLean, VA",,,,,,,,,,,,,,,,,,,,,,,,,,,,,,,,,,4.827340937,,,,,,,,
FALSE,Cheshire Academy CT,,,,,,,,,,,,4.792243975,,,,,,,,,,,,,,,,,,,,,,,,,,,,,,
FALSE,Central York H.S. PA,,,,,,,4.77662856,,,,,,,,,,,,,,,,,,,,,,,,,,,,,,,,,,,
FALSE,Pensacola H.S. FL,,,4.159590816,4.355865063,,,,,,,,,,,,,,,,,,,,,,,,,,,,,,,,,,,,,,
FALSE,Naper Valley Homeschool IL,,,,4.752604196,,,,,,,,,,,,,,,,,,,,,,,,,,,,,,,,,,1.761866004,,,,
FALSE,Marshfield H.S. WI,,,,,4.734339288,,,,,,,,,,,,,,,,,,,,,,,,,,,,,,,,,,,,,
FALSE,John Carroll School MD,,,,,,,,,,,,4.664693755,,,,,,,,,,,,,,,,,,,,,,,,,,,,,,
FALSE,Millennium H.S. AZ,,,,,,,,,,,,,,,,,,,,,4.627567918,,,,,,,,,,,,,,,,,,,,,
FALSE,Russia H.S. OH,,,,,,,,,,,,,,,,,,,,,4.627567918,,,,,,,,,,,,,,,,,,,,,
FALSE,Hamilton H.S. AZ,,,,,,,,,,,,,,,,,,,,,,,,,,,,,,,4.627093268,,,,,,,,,,,
FALSE,Sacred Heart Greenwich CT,,,,,,,,,,,,,,,,,,,,1.488981389,,,,,,,3.821302618,,3.911027951,,2.718012829,,,,,,,,,,,
FALSE,Grand County H.S. UT,,,,,,,,,3.915022039,,,,,,,,,4.32438123,,,,,,,,,,,,,,,,,,,,,,,,
FALSE,Eastview H.S. MN,,,,,4.585038826,,,,,,,,,,,,,,,,,,,,,,,,,,,,,,,,,,,,,
FALSE,John Hersey H.S. IL,,,,4.583023626,,,,,,,,,,,,,,,,,,,,,,,,,,,,,,,,,,,,,,
FALSE,Ranney School NJ,,,,,,,3.56778916,,,,,,,,,,,,,,,,,,,,,,4.512002233,,,,,,,,,,,,,
FALSE,East Ridge H.S. MN,,,,,4.535291569,,,,,,,,,,,,,,,,,,,,,,,,,,,,,,,,,,,,,
FALSE,Clarion Area Jr./Sr. H.S. PA,,,,,,,,,,,,4.531170666,,,,,,,,,,,,,,,,,,,,,,,,,,,,,,
FALSE,Hopkins School CT,,,4.505779552,,,,,,,,,,,,,,,,,,,,,,,,,,,,,,,,,,,,,,,
FALSE,Panther Creek H.S. NC,,,,,,,,,,,,,,,,,,,,4.48218971,,,,,,,,,,,,,,,,,,,,,,
FALSE,Norwin H.S. PA,,,,,,,4.475786915,,,,,,,,,,,,,,,,,,,,,,,,,,,,,,,,,,,
FALSE,Lakeland Union H.S. WI,,,,,4.458695534,,,,,,,,,,,,,,,,,,,,,,,,,,,,,,,,,,,,,
FALSE,Quarry Lane School CA,,,,,,,,,3.614198655,,,4.319008828,,,,,,,,,,,,,,,,,,,,,,,,,,,,,,
FALSE,NYOS Charter School TX,,4.450914501,,,,,,,,,,,,,,,,,,,,,,,,,,,,,,,,,,,,,,,,
FALSE,Isaac Bear Early College H.S. NC,,,,,,,,,,,,,,,,,,,,4.421823518,,,,,,,,,,,,,,,,,,,,,,
FALSE,Laker H.S. MI,,,2.89154793,,,,4.413386844,,,,,,,,,,,,,,,,,,,,,,,,,,,,,,,,,,,
FALSE,Cambridge H.S. WI,,,,,4.388479856,,,,,,,,,,,,,,,,,,,,,,,,,,,,,,,,,,,,,
FALSE,Cary Grove H.S. IL,,,,4.382541402,,,,,,,,,,,,,,,,,,,,,,,,,,,,,,,,,,,,,,
FALSE,Northside College Prep IL,,,,,,,,,,,,,,,,,,,,,,,4.381230567,,,,,,,,,,,,,,,,,,,
FALSE,Cushing Academy MA,,,,,,,,,,,,,,,,,,,,,,,,,,,,,,,,,,,,,4.375951626,,,,,
FALSE,Lisle H.S. IL,,,,4.374886308,,,,,,,,,,,,,,,,,,,,,,,,,,,,,,,,,,,,,,
FALSE,Glenbard West H.S. IL,,,,4.146725847,,,,,,,,,,,,,,,,,,,3.608072232,,,,,,,,,,,,,,,,,,,
FALSE,Crown Point H.S. IN,,,3.498025676,,,,,4.236912638,,,,,,,,,,,,,,,,,,,,,,,,,,,,,,,,,,
FALSE,Flintridge Sacred Heart Academy CA,,,,,,,,,,,,4.319008828,,,,,,,,,,,,,,1.64789055,,,,,,,,,,,,,,,,
FALSE,La Salle Academy RI,,,,,,,,,,,,4.319008828,,,,,,,,,,,,,,,,,,,,,,,,,,,,,,
FALSE,Evanston H.S. IL,,,,4.314595024,,,,,,,,,,,,,,,,,,,,,,,,,,,,,,,,,,,,,,
FALSE,Libertyville H.S. IL,,,,4.307175256,,,,,,,,,,,,,,,,,,,,,,,,,,,,,,,,,,,,,,
FALSE,Alvirne H.S. NH,,,,,,,,,,,,,,,,,,,,,,,,,,,4.280369005,,,,,,,,,,,,,,,
FALSE,West Bend West H.S. WI,,,,,4.256285512,,,,,,,,,,,,,,,,,,,,,,,,,,,,,,,,,,,,,
FALSE,Wallenpaupack Area H.S. PA,,,,,,,3.634824864,,,,,,,,,,,,,,,,,,3.975166368,,,,,,,,,,,,,,,,,
FALSE,Allen County-Scottsville H.S. KY,,,,,,,,,,,,,,,,,,,,,,,,,,,,,,,,,,,,,,,,,4.230964478,
FALSE,East Stroudsburg South H.S. PA,,,,,,,,,,,,,,,,,,,,,,,,,4.195397192,,,,,,,,,,,,,,,,,
FALSE,Manistee H.S. MI,,,,,,,,,,,,,,,,,,,,4.173564359,,,,,,,,,,,,,,,,,,,,,,
FALSE,The Hewitt School NY,,,,,,,,,,,,,,,,,,,,,,,,,,,4.164558156,,,,,,,,,,,,,,,
FALSE,Kohler H.S. WI,,,,,4.160956015,,,,,,,,,,,,,,,,,,,,,,,,,,,,,,,,,,,,,
FALSE,Ballard H.S. KY,,,,,,,,,,,,,,,,,,,,,,,,,,,,,,,,,,,,,,,,,4.155411541,
FALSE,Durand H.S. IL,,,,3.978748866,,,,,,,,,,,,,,,,,,,3.432716733,,,,,,,,,,,,,,,,,,,
FALSE,Milton H.S. GA,,,,,,,,,,,,,,,,,,,,,,,4.139990518,,,,,,,,,,,,,,,,,,,
FALSE,North Oldham H.S. KY,,,,,,,,,,,,,,,,,,,,,,,,,,,,,,,,,,,,,,,,,4.100494207,
FALSE,Silvercreek H.S. CA,,,,,4.086380836,,,,,,,,,,,,,,,,,,,,,,,,,,,,,,,,,,,,,
FALSE,Leander H.S. TX,,4.083316651,,,,,,,,,,,,,,,,,,,,,,,,,,,,,,,,,,,,,,,,
FALSE,Elmwood H.S. WI,,,,,4.061564758,,,,,,,,,,,,,,,,,,,,,,,,,,,,,,,,,,,,,
FALSE,Madison Central H.S. KY,,,,,,,,,,,,,,,,,,,,,,,,,,,,,,,,,,,,,,,,,4.0470095,
FALSE,Clinton Senior H.S. NY,,,,,,,,,,,,,,,,,,,,4.016151636,,,,,,,,,,,,,,,,,,,,,,
FALSE,Perkiomen School PA,,,,,,,,,,,,,,,,,,,,,,,,,4.006715308,,,,,,,,,,,,,,,,,
FALSE,La Mirada H.S. CA,,,,,,,,,3.994563324,,,,,,,,,,,,,,,,,,,,,,,,,,,,,,,,,
FALSE,Socorro H.S. NM,,,3.473853732,,,,,,,,,,,,,,,,,3.637899127,,,,,,,,,,,,,,,,,,,,,,
FALSE,Evansville H.S. WI,,,,,3.912661837,,,,,,,,,,,,,,,,,,,,,,,,,,,,,,,,,,,,,
FALSE,Hinsdale South H.S. IL,,,,3.89218712,,,,,,,,,,,,,,,,,,,,,,,,,,,,,,,,,,,,,,
FALSE,"Raleigh Charter H.S. Raleigh, NC",,,,,,,,,,,,,,,,,,,,3.885448476,,,,,,,,,,,,,,,,,,,,,,
FALSE,International Leadership of Texas - Garland H.S. TX,,3.883919023,,,,,,,,,,,,,,,,,,,,,,,,,,,,,,,,,,,,,,,,
FALSE,Niles North H.S. IL,,,,3.859202483,,,,,,,,,,,,,,,,,,,,,,,,,,,,,,,,,,,,,,
FALSE,Hemingford H.S. NE,,,,,,,,,3.800007863,,,,,,,,,,,,,,,,,,,,,,,,,,,,,,,,,
FALSE,Applied Technology H.S. NJ,,,,,,,,,,,,,,,,,,,,,,,,,,,,,3.78118497,,,,,,,,,,,,,
FALSE,Loyola Academy IL,,,,3.763519777,,,,,,,,,,,,,,,,,,,,,,,,,,,,,,,,,,,,,,
FALSE,Mountain View H.S. WA,,,,,,,,,,,,,3.762092194,,,,,,,,,,,,,,,,,,,,,,,,,,,,,
FALSE,Fox Homeschoolers IL,,,,,3.758735463,,,,,,,,,,,,,,,,,,,,,,,,,,,,,,,,,,,,,
FALSE,Rochester Mayo H.S. MN,,,,,3.741911582,,,,,,,,,,,,,,,,,,,,,,,,,,,,,,,,,,,,,
FALSE,Shell Lake H.S. WI,,,,,3.737729117,,,,,,,,,,,,,,,,,,,,,,,,,,,,,,,,,,,,,
FALSE,Palatine H.S. IL,,,,3.727116684,,,,,,,,,,,,,,,,,,,,,,,,,,,,,,,,,,,,,,
FALSE,Chaparral H.S. CA,,,,,,,,3.10657022,,,,,,,,,,,,,,,,,,3.513683982,,,,,,,,,,,,,,,,
FALSE,Harmony School TX,,,,,,3.635066993,,,,,,,,,,,,,,,,,,,,,,,,,,,,,,,,,,,,
FALSE,Middle Creek H.S. NC,,,,,,,,,,,,,,,,,,,,3.634543132,,,,,,,,,,,,,,,,,,,,,,
FALSE,"Centreville H.S. Centreville, VA",,,,,,,,,,3.626436016,,,,,,,,,,,,,,,,,,,,,,,,,,,,,,,,
FALSE,River Ridge H.S. GA,,,,,3.61776594,,,,,,,,,,,,,,,,,,,,,,,,,,,,,,,,,,,,,
FALSE,North Austin Science Alliance TX,,3.57290207,,,,,,,,,,,,,,,,,,2.096777411,,,,,,,,,,,,,,,,,,,,,,
FALSE,Medina Valley H.S. TX,,3.552089048,,,,,,,,,,,,,,,,,,,,,,,,,,,,,,,,,,,,,,,,
FALSE,"Notre Dame H.S. Elmira, NY",,,,,,,3.549604709,,,,,,,,,,,,,,,,,,,,,,,,,,,,,,,,,,,
FALSE,"Lightridge H.S. Aldie, VA",,,,,,,,3.537864678,,,,,,,,,,,,,,,,,,,,,,,,,,,,,,,,,,
FALSE,Osceola H.S. FL,,,2.502854787,3.512794406,,,,,,,,,,,,,,,,,,,,,,,,,,,,,,,,,,,,,,
FALSE,Sheldon H.S. TX,,,3.498025676,,,,,,,,,,,,,,,,,,,,,,,,,,,,,,,,,,,,,,,
FALSE,Thomas Jefferson Classical Academy NC,,,,,,,,,,,,,,,,,,,,3.495869348,,,,,,,,,,,,,,,,,,,,,,
FALSE,"Pittsburgh Science and Technology Academy Pittsburgh, PA",,,,,,,2.43848895,,,,,,,,3.486575851,,,,,,,,,,,,,,,,,,,,,,,,,,,
FALSE,"Parkersburg H.S. Parkersburg, WV",,,,,,,,,,,,,,,3.486575851,,,,,,,,,,,,,,,,,,,,,,,,,,,
FALSE,Cary Academy NC,,,,,,,,,,,,,,,,,,,,3.474289907,,,,,,,,,,,,,,,,,,,,,,
FALSE,Tampa Preparatory School FL,,,3.416518282,,,,,,,,,,,,,,,,,,,,,,,,,,,,,,,,,,,,,,,
FALSE,"Potomac Falls H.S. Potomac Falls, VA",,,,,,,3.407203738,,,1.100882362,,,,,,,,,,,,,,,,,,,,,,,,,,,,,,,,
FALSE,Crystal Lake South H.S. IL,,,,3.382339516,,,,,,,,,,,,,,,,,,,,,,,,,,,,,,,,,,,,,,
FALSE,Corona del Mar H.S. CA,,,3.361044728,,,,,,,,,,2.618003883,,,,,,,,,,,,,,,,,,,,,,,,,,,,,
FALSE,Charles W. Baker H.S. NY,,,,,,,3.35468422,,,,,,,,,,,,,,,,,,,,,,,,,,,,,,,,,,,
FALSE,Curtis Senior H.S. WA,,,,,,,,,,,,,3.306475493,,,,,,,,,,,,,,,,,,,,,,,,,,,,,
FALSE,"Durham Academy Upper School Durham, NC",,,,,,,,,,,,,,,,,,,,3.277741061,,,,,,,,,,,,,,,,,,,,,,
FALSE,Lakeville North H.S. MN,,,,,3.216436342,,,,,,,,,,,,,,,,,,,,,,,,,,,,,,,,,,,,,
FALSE,St. Paul Academy & Summit School MN,,,,,,,,,,,,,,,,,,,,3.208342634,,,,,,,,,,,,,,,,,,,,,,
FALSE,Anderson H.S. TX,,3.203723047,,,,,,,,,,,,2.49426367,,,,,,,,,,,,,,,,,,,,,,,,,,,,
FALSE,"Chantilly H.S. Chantilly, VA",,,,,,,,,,3.196636192,,,,,,,,,,,,,,,,,,,,,,,,,,,,,,,,
FALSE,William Jones College Prep H.S. IL,,,,,,,,,,,,,,,,,,,,,,,3.128610284,,,,,,,,,,,,,,,,,,,
FALSE,Seton Catholic H.S. WA,,,,,,,,,,,,,3.127893346,,,,,,,,,,,,,,,,,,,,,,,,,,,,,
FALSE,Riverdale Kingsbridge Academy NY,,,,,,,3.123015444,,,,,,,,,,,,,,,,,,,,,,,,,,,,,,,,,,,
FALSE,Liberty Senior H.S. WA,,,,,,,,,,,,,3.067644999,,,,,,,,,,,,,,,,,,,,,,,,,,,,,
FALSE,St. Michael-Albertville H.S. MN,,,,,3.028090839,,,,,,,,,,,,,,,,,,,,,,,,,,,,,,,,,,,,,
FALSE,Rochester John Marshall H.S. MN,,,,,2.950607339,,,,,,,,,,,,,,,,,,,,,,,,,,,,,,,,,,,,,
FALSE,Trinity H.S. IL,,,,,,,,,,,,,,,,,,,,,,,2.852894323,,,,,,,,,,,,,,,,,,,
FALSE,Tappan Zee H.S. NY,,,,,,,2.85189371,,,,,,,,,,,,,,,,,,,,,,,,,,,,,,,,,,,
FALSE,Apex H.S. NC,,,,,,,,,,,,,,,,,,,,2.826287486,,,,,,,,,,,,,,,,,,,,,,
FALSE,Sparta H.S. WI,,,,,2.822753222,,,,,,,,,,,,,,,,,,,,,,,,,,,,,,,,,,,,,
FALSE,Lyme-Old Lyme H.S. CT,,,,,,,,1.911216027,,,,,,,,,,,,1.488981389,,,,,,,,,,,2.799585843,,,,,,,,,,,
FALSE,Oregon H.S WI,,,,,2.741750465,,,,,,,,,,,,,,,,,,,,,,,,,,,,,,,,,,,,,
FALSE,Fountain Valley H.S. CA,,,2.694497573,,,,,,,,,,,,,,,,,,,,,,,,,,,,,,,,,,,,,,,
FALSE,Mt. Vernon H.S. IN,,,,,,,,2.68036394,,,,,,,,,,,,,,,,,,,,,,,,,,,,,,,,,,
FALSE,"The Palmdale Aerospace Academy Palmdale, CA",,,,,,,,,,,,,,,,,,,,,,,,,,2.673935609,,,,,,,,,,,,,,,,
FALSE,Cadott H.S WI,,,,,2.670232886,,,,,,,,,,,,,,,,,,,,,,,,,,,,,,,,,,,,,
FALSE,Charlotte Catholic H.S. NC,,,,,,,,,,,,,,,,,,,,2.597129041,,,,,,,,,,,,,,,,,,,,,,
FALSE,Shortridge H.S. IN,,,,,,,,2.593390479,,,,,,,,,,,,,,,,,,,,,,,,,,,,,,,,,,
FALSE,Apple Valley H.S. CA,,,,,,,,,,,,,,,,,,,,,,,,,,2.580611604,,,,,,,,,,,,,,,,
FALSE,Research Triangle H.S. ND,,,,,,,,,,,,,,,,,,,,2.556680568,,,,,,,,,,,,,,,,,,,,,,
FALSE,Niles West H.S. IL,,,,,,,,,,,,,,,,,,,,,,,2.547338428,,,,,,,,,,,,,,,,,,,
FALSE,Conrad Schools of Science DE,,,,,,,,,,,,,,,,,,,,,,,,,,2.482661383,,,,,,,,,,,,,,,,
FALSE,St. Francis School KY,,,,,,,,,,,,,,,,,,,,,,,,,,,,,,,,,,,,,,,,,2.468997838,
FALSE,Opelousas H.S. LA,,,,,,,,,,,,,,,,,,,,,,,,,,,,,,,,,,,,,,,2.460841267,,,
FALSE,Jonathan Law H.S. CT,,,,,,,,,,,,,,,,,,,,,,,,,,,,,,,2.449637612,,,,,,,,,,,
FALSE,Naugatuck H.S. CT,,,,,,,,,,,,,,,,,,,,,,,,,,,,,,,2.449637612,,,,,,,,,,,
FALSE,Rockford Christian H.S. IL,,,,,,,,,,,,,,,,,,,,,,,,,,,,,,,2.449637612,,,,,,,,,,,
FALSE,Walpole H.S. MA,,,,,,,,,,,,,,,,,,,,,,,,,,,,,,,2.449637612,,,,,,,,,,,
FALSE,Ogden International H.S. IL,,,,,,,,,,,,,,,,,,,,,,,2.412851617,,,,,,,,,,,,,,,,,,,
FALSE,Washougal H.S. WA,,,,,,,,,,,,,2.4069809,,,,,,,,,,,,,,,,,,,,,,,,,,,,,
FALSE,Smithtown H.S. East NY,,,,,,,,,,,,,,,,,,,,2.297285571,,,,,,,,,,,,,,,,,,,,,,
FALSE,"James W. Robinson Jr. Secondary Fairfax, VA",,,,,,,,,,2.29545684,,,,,,,,,,,,,,,,,,,,,,,,,,,,,,,,
FALSE,O'Neal School NC,,,,,,,,,,,,,,,,,,,,2.291939939,,,,,,,,,,,,,,,,,,,,,,
FALSE,Cox Mill H.S. NC,,,,,,,,,,,,,,,,,,,,2.286619126,,,,,,,,,,,,,,,,,,,,,,
FALSE,"George C. Marshall H.S. Falls Church, VA",,,,,,,,,,2.247634823,,,,,,,,,,,,,,,,,,,,,,,,,,,,,,,,
FALSE,St Mary's Academy OR,,,,,,,,,,,,,2.245761263,,,,,,,,,,,,,,,,,,,,,,,,,,,,,
FALSE,San Juan College H.S. NM,,,2.230046787,,,,,,,,,,,,,,,,,,,,,,,,,,,,,,,,,,,,,,,
FALSE,LBJ H.S. TX,,2.217364678,,,,,,,,,,,,,,,,,,,,,,,,,,,,,,,,,,,,,,,,
FALSE,"Mount Vernon H.S. Mount Vernon, IA",,,,,,,,,,,,,,,,,,,,,,,,,,,,,,,,,,,,,,2.168450467,,,,
FALSE,McAllen H.S. TX,,2.149619107,,,,,,,,,,,,,,,,,,,,,,,,,,,,,,,,,,,,,,,,
FALSE,St. Henry District H.S. KY,,,,,,,,,,,,,,,,,,,,,,,,,,,,,,,,,,,,,,,,,2.115482239,
FALSE,D.H. Conley H.S. NC,,,,,,,,,,,,,,,,,,,,2.105742787,,,,,,,,,,,,,,,,,,,,,,
FALSE,Lake Forest H.S. IL,,,,,,,,2.056513152,,,,,,,,,,,,,,,,,,,,,,,,,,,,,,,,,,
FALSE,Susan E. Wagner H.S. NY,,,,,,,,,,,,,,,,,,,,1.984808441,,,,,,,,,,,,,,,,,,,,,,
FALSE,Calumet H.S. MI,,,,,,,,,,,,,,,,,,,,,,,,,,1.972880565,,,,,,,,,,,,,,,,
FALSE,Johnston H.S. IA,,,,,,,,,,,,,,,,,,,,,,,,,,,,,,,,,,,,,,1.966734144,,,,
FALSE,Portage H.S. IN,,,,,,,,1.949355593,,,,,,,,,,,,,,,,,,,,,,,,,,,,,,,,,,
FALSE,Toledo H.S. WA,,,,,,,,,,,,,1.942218328,,,,,,,,,,,,,,,,,,,,,,,,,,,,,
FALSE,Saint Joseph H.S. IN,,,,,,,,1.911216027,,,,,,,,,,,,,,,,,,,,,,,,,,,,,,,,,,
FALSE,Westside H.S. NE,,,1.898065712,,,,,,,,,,,,,,,,,,,,,,,,,,,,,,,,,,,,,,,
FALSE,Cypress Ridge H.S. TX,,,1.898065712,,,,,,,,,,,,,,,,,,,,,,,,,,,,,,,,,,,,,,,
FALSE,Lincolnview H.S. OH,,,,,,,,,,,,,,,,,,,,1.765954619,,,,,,,,,,,,,,,,,,,,,,
FALSE,Chaminade-Madonna College Preparatory FL,,,,,,,,,,,,,,,,,,,,1.741752765,,,,,,,,,,,,,,,,,,,,,,
FALSE,Vista Murrieta H.S. CA,,,,,,,,,,,,,,,,,,,,,,,,,,1.737102193,,,,,,,,,,,,,,,,
FALSE,Highland Park H.S. KS,,,,,,,,,,,,,,,,,,,,1.693100453,,,,,,,,,,,,,,,,,,,,,,
FALSE,Sultana H.S. CA,,,,,,,,,,,,,,,,,,,,,,,,,,1.541815999,,,,,,,,,,,,,,,,
FALSE,Marvin Ridge H.S. NC,,,,,,,,,,,,,,,,,,,,1.534805125,,,,,,,,,,,,,,,,,,,,,,
FALSE,North Mecklenburg H.S. NC,,,,,,,,,,,,,,,,,,,,1.534805125,,,,,,,,,,,,,,,,,,,,,,
FALSE,Liberty H.S. IA,,,,,,,,,,,,,,,,,,,,,,,,,,,,,,,,,,,,,,1.483676635,,,,
FALSE,"Independence H.S. Ashburn, VA",,,,,,,,,,1.401123006,,,,,,,,,,,,,,,,,,,,,,,,,,,,,,,,
FALSE,Clear Creek Amana H.S. IA,,,,,,,,,,,,,,,,,,,,,,,,,,,,,,,,,,,,,,1.386386364,,,,
FALSE,"McLean H.S. McLean, VA",,,,,,,,,,1.219056175,,,,,,,,,,,,,,,,,,,,,,,,,,,,,,,,
FALSE,"Alexandria City H.S. Alexandria, VA",,,,,,,,,,1.212207545,,,,,,,,,,,,,,,,,,,,,,,,,,,,,,,,
FALSE,"Woodberry Forest School Woodberry Forest, VA",,,,,,,,,,1.100882362,,,,,,,,,,,,,,,,,,,,,,,,,,,,,,,,
FALSE,"West Springfield H.S. West Springfield, VA",,,,,,,,,,1.089762338,,,,,,,,,,,,,,,,,,,,,,,,,,,,,,,,
FALSE,"Thomas A. Edison H.S. Alexandria, VA",,,,,,,,,,1.062920901,,,,,,,,,,,,,,,,,,,,,,,,,,,,,,,,