Make Nats?,School,SONT 2022,Highlands,UT-Austin,Rickards,Cypress Falls,Cornell,Palatine,BullSO,Boyceville,Seven Lakes,Dick Smith,Northview,Great Oak,Camas,Valley Forge,Marquette,Fairfax,Prestonwood,Long Island,Mira Loma,Pembroke Hill,SOAPS,Aggie,Carnegie-Mellon,MIT,North Pocono,Columbia,BirdSO IP,Solon,Harvard,Yale,High Desert Sat,Brown,Loyola,Golden Gate,BirdSO Sat,UMichigan,UMass,SOUP,Northwestern
TRUE,"Troy H.S. Fullerton, CA",77.35183935,,,,,,,,,,,,63.93998254,,,,,,,119.2606106,,,,,100.6330823,,,,,,,,,,101.9781078,,,,,
TRUE,"Acton-Boxborough Regional H.S. Acton, MA",51.26002488,,,,,,,,,,,,,,,,,,,,,,,,107.653995,,,,,,90.34167722,,127.1332781,,,3.495874769,,,,
TRUE,"Mountain View H.S. Mountain View, CA",79.1341398,,,,,,,,59.95705178,,,,,,,,,,,83.8551168,,,16.03819164,,103.4440623,,,,,,,,,,82.24040953,,,,,
FALSE,Lexington H.S. MA,,,,,,,,,,,,,,,,,,,,,,,,,41.33144452,,54.12406564,,,105.9209325,,,76.56890614,,,43.75266655,,90.99304805,,
TRUE,"New Trier H.S. Winnetka, IL",54.17068876,,,,,,44.46162103,,49.00335963,,,,,,,,,,,,,,,,65.66130193,,,,45.64075433,,,,,96.93050155,,,,,,100.9510613
TRUE,"Solon H.S. Solon, OH",66.30157659,,,,,,,,,,,45.36338232,,,,,,,,,,,,,,,,,104.5173274,,,,,,,13.08520149,72.65774231,,,67.67049167
TRUE,"Mason H.S. Mason, OH",80.2434969,,,,,,,,,,,63.11427106,,,,,,,,,,,,,65.4292832,,,,57.74437978,,,,,,,,98.2225035,,,
TRUE,"Montgomery H.S. Skillman, NJ",46.41110361,,,,,55.01915819,,,,,,,,,,,,,,,,,,,68.8345247,,80.84354109,,,,,,,,,,,,93.69091993,
TRUE,"Adlai E. Stevenson H.S. Lincolnshire, IL",65.79351853,,,,,,62.53942299,,49.72048197,,,,,,,50.79502993,,,,,,,,,,,,,73.6037517,,,,,,,,,,81.91555841,
FALSE,"West Windsor-Plainsboro H.S. North Plainsboro, NJ",,,,,,,,,,,,,,,48.26547867,,,,54.61545801,,,,,,95.44581002,,,,,,,,,,,,,,74.95273595,
TRUE,"Marquette University H.S. Milwaukee, WI",74.66134059,,,,,,36.48133008,,19.15920828,,,,,,,60.03048992,,,,,,,,,55.6050665,,,,,,,,,74.31338452,,,62.76941052,,,72.44723226
TRUE,"Seven Lakes H.S. Katy, TX",52.35398883,,43.08759032,,26.91456263,,,,,,,,,,,,,,,,,,,,95.9403479,,,,,,,,,,,,,,,
TRUE,"Harriton H.S. Bryn Mawr, PA",36.77110993,,,,,,,,,,45.99093274,,,,41.83008151,,,,,,,,,,80.85802246,,,,,,,,,,,,,,62.46061329,
TRUE,"Cumberland Valley H.S. Mechanicsburg, PA",35.26100274,5.607020805,,,,,,,,,26.36422896,,,,61.62467366,,,,,,,67.71107166,,,,,,,48.16466701,,,,,,,6.853221415,,,50.30384963,
FALSE,"West Windsor-Plainsboro H.S. South West Windsor, NJ",,,,,,,,,,,,,,,,,,,,,,,,,,,77.88585056,,,,,,,,,,,,71.38355805,
TRUE,"Carmel H.S. Carmel, IN",52.67517894,,,,,,,,,,,,,,,,,,,,,72.68982693,,,,,,,,,,,,,,11.14429622,63.14303796,,,
TRUE,Great Neck South H.S. NY,37.2496927,,,,,,,,,,,,,,46.01308966,,,,62.75986842,,,,,,,,,,,,,,,,,53.60341312,,,53.53766853,
TRUE,"Ward Melville H.S. East Setauket, NY",43.58403131,,,26.09053921,,,,,24.67965812,,,,,,,,,,54.20170454,,,,,,52.01260434,,,,,,,,,,,10.62130202,,,63.78956251,
TRUE,"William G. Enloe H.S. Raleigh, NC",59.83313009,,,,,,,,,,,,,,,,,,,,,,,,45.83288897,,,,,,,,,,,41.66447111,,,59.01790232,
TRUE,Jordan H.S. TX,,,29.82987022,,52.3610582,,,,,35.66141908,,,,,,,,,,,,,,,,,,,,,,,,,38.62807114,46.41105642,,,,
FALSE,"Syosset H.S. Syosset, NY",,19.04271217,,9.508213999,,34.84546685,,,,,,,,,,,,,,,,16.2062565,,,55.77255164,,,,,16.15743038,5.091720938,,7.453610332,,,,,,51.69154203,
FALSE,"Munster H.S. Munster, IN",,,,,,,26.97197863,,19.71508473,,,,,,,,,,,,,38.31711807,,,,,,,,,,,,,,,45.33346315,,,55.47761029
TRUE,"Brookwood H.S. Snellville, GA",40.21571039,,,,,,,,23.48548111,,,,,,,,,,,,,,,,,,60.82514044,,,,,,,,,,,,,
FALSE,"Lower Merion H.S. Ardmore, PA",,,,,,34.1622224,,,,,,,,,30.00853674,,,,,,,25.09090473,,,47.47817217,,,,,,,,,,,,,,50.8154142,
FALSE,"Glen A. Wilson H.S. Hacienda Heights, CA",,,,,,,,12.13411707,29.45866706,,,,,,,,,,,,,,51.29195252,,,,,35.09883326,,,,,,,42.84794446,,,,,
FALSE,Lynbrook H.S. CA,,,,,,,,,,,,,,,,,,,,36.0183052,,,48.11457493,,,,,,,,,26.09528514,,,,45.48974513,,,,
TRUE,"TJHSST Alexandria, VA",34.00417492,,,,,,,,32.25537596,,,,,,,,,,,,,,,57.81986479,,,,,,,,,,,,,,,,
FALSE,"Stuyvesant H.S. New York, NY",,,,16.89801763,,40.83453147,,,,,,,,,,,,,32.22804054,,,,,,48.22001861,,33.6138934,,,,,,,,,,,,,
FALSE,Jericho H.S. NY,,,,40.2631778,,,,,,,,,,,,,,,49.68489583,,,,,,,,,,,,,,,,,28.64432388,,,,
TRUE,"Centennial H.S. Ellicott City, MD",27.60789122,,,,,,,,,,,,,,,,8.647217105,,,,,,,35.6645895,,,,,,,,,,,,,,,48.5130977,
TRUE,duPont Manual H.S. KY,29.10526837,,,,,,,,,,,,,,,,,,,,,,,,,,,,47.29290833,,,,,,,35.52784358,,,,
FALSE,"Castro Valley H.S. Castro Valley, CA",,6.96043962,,,,,,,,,,,,,,,,,,32.52562106,,,16.47559687,,,,,29.29620356,,,,7.083005966,,,48.10288105,7.464318928,,,,
FALSE,Centerville H.S. OH,,,,,,,,,,,,,,,,,,,,,,,,,,,,,47.29290833,,,,,,,,,,,
FALSE,"University H.S. Irvine, CA",,,,,,,,18.61483868,37.06435928,,,,,,,,,,,,,,,,,,,46.57345182,,,,,,,,,,,,
TRUE,Troy H.S. MI,,,,,,,,,,,,45.72057431,,,,,,,,,,,,,,,,,,,,,,,,22.74487256,36.08173598,,,
FALSE,"Athens Area H.S. Athens, PA",,,,,,21.68804991,,,,,,,,,,,,,23.07943548,,,28.57172388,,,,34.55223369,,,,,,,,,,,,37.52290641,,
FALSE,Mission San Jose H.S. CA,,,,,,,,,,,,,,,,,,,,,,,40.27368124,,,,,,,,,,,,40.62872822,,,,,
FALSE,William P. Clements H.S. TX,30.50108053,,26.44011224,,22.4988922,,,,,14.77683111,,,,,,,,,,,,,,,,,,,,,,,,,,40.11458925,,,,
FALSE,"Palo Alto H.S. Palo Alto, CA",,,,,,,,7.690637577,,,,,,,,,,,,26.05207512,,,,,,,,,,,,,,,33.65614119,38.92222354,,,,
FALSE,"Chaminade H.S. Mineola, NY",,,,,,20.10315395,,,10.46478317,,,,,,,,,,,,,,,,,24.64726004,,,,,,,39.40388152,,,,,,30.59295345,
FALSE,Liberal Arts and Science Academy TX,,,16.2708383,,8.971520876,,,,,19.24177288,,,,,,,,23.4452626,,,,,,,38.02153418,,,,,,,,,,33.5454302,14.32216194,,,,
FALSE,University of Chicago Laboratory Schools H.S. IL,,,,,,,,,,,,,,,,,,,,,,,,,,,,,,,,,,,,,,,,42.46906719
TRUE,"Grand Haven H.S. Grand Haven, MI",41.57895481,,,,,,,,,,,,,,,,,,,,,,,,,,,,,,,,,,,,,,,
FALSE,"Temple City H.S. Temple City, CA",,,,,,,,,,,,,26.1088262,,,,,,,,,,,,,,,18.39356578,,,,,,,41.28668333,,,,,
TRUE,"NCSSM Durham, NC",40.69219985,,,,,,,,,,,,,,,,,,,,,,,,,,,,,,,,,,,,,,,
TRUE,"Ed W. Clark H.S. Las Vegas, NV",24.92323416,,,,,,,,,,,,,,,,,,,,,,,,28.53079683,,,22.01654086,,,,,,,31.37787933,,,,25.66874519,
FALSE,Townsend Harris H.S. NY,,,,,,,,,,,,,,,,,,,20.85896501,,,,,,,,40.16754557,,,,,,,,,18.42448973,,,,
FALSE,Naperville North H.S. IL,,,,,,,36.48133008,,,,,,,,,,,,,,,,,,,,,,,,,,,,,,,,,34.98872013
TRUE,"Tesla STEM H.S. Redmond, WA",29.20426588,,,,,,,,21.50358397,,,,,18.27772056,,,,,,,,,,,,,,,,,,,,,36.42075279,,,,,
FALSE,Belmont H.S. MA,,,,,,,,,,,,,,,,,,,,,,,,,27.19014265,,,,,39.72034968,,,,,,16.29543759,,,,
TRUE,Chattahoochee H.S. GA,,,,10.0969579,,,,,,,,,,,,,,,,,,,,,,,,,,,,,38.72450426,,,9.578039334,,,,
TRUE,"Langley H.S. McLean, VA",,,,,,,,,,,,,,,,,16.70727749,,,,,,,24.62007146,,,,,,,38.09588799,,,,,19.56495975,,,,
FALSE,"South Brunswick H.S. South Brunswick, NJ",,,,,,,,,7.52228694,,,,,,,,,,,,,,,,,,27.88925653,,,,,,,,,,,,37.75956471,
FALSE,Northville H.S. MI,37.74089744,,,,,,,,,,,14.73734248,,,,,,,,,,,,,,,,,,,,,,,,,24.27466906,,,
FALSE,Madison West H.S. WI,,,,,,,,,,,,,,,,36.18276105,,,,,,,,,,,,,,,,,,,,18.02592654,,,,
FALSE,"Penncrest H.S. Media, PA",,,,,,,,,,,5.347782876,,,,19.94787124,,,,,,,,,18.08583448,,28.88350785,,,,,,,,,,,,,29.22133955,
FALSE,Lake Central H.S. IN,,,,,,,16.83753696,,,,,19.750044,,,,3.377674624,,,,,,,,,,,,,,,,,,,,15.17580073,24.00006873,,,33.83524584
FALSE,"Milpitas H.S. Milpitas, CA",,,,,,,,6.911838835,11.36309789,,,,,,,,,,,24.50560491,,,20.43965025,,,,,17.46504443,,,,,,,30.53236761,20.73797204,,,,
FALSE,East Brunswick H.S. NJ,,,,12.83983229,,,,,,,,,,,,,,,,,,,,,,,,,,,,,,,,,,,35.27187574,
FALSE,Pioneer H.S. MI,,,,,,,,,,,,28.88812407,,,,,,,,,,,,,,,,,29.11346167,,,,,,,,21.96279581,,,
TRUE,"Iolani School Honolulu, HI",26.87340898,7.645937461,,,,,,,,,,,,,,,,,,,,,,,34.67506956,,,,,,,,,,,9.469197978,,,,
FALSE,"Bayard Rustin H.S. West Chester, PA",,,,,,,,,,,,,,,24.04865313,,,,,,,22.36610059,,,,22.96328575,,,,,,,,,,,,,24.94267419,
FALSE,"John Jay H.S. Cross River, NY",,,,,,,,,,,,,,,,,,,,,,,,,,,,,,,,,,,,,,,33.9921705,
FALSE,"Staten Island Technical H.S. New York, NY",,,,,,,,,9.633930816,,,,,,,,,,31.24290393,,,,,,,,,,,,,,,,,29.28493177,,,,
FALSE,"North Pocono H.S. Covington Township, PA",,,,,,19.57610497,,,,,,,,,24.21741561,,,,20.73804348,,,,,17.18968953,,,,,,,,,,,,,,,26.72111799,
FALSE,Monta Vista H.S. CA,,,,,,,,,,,,,,,,,,,,8.333427757,,,25.40629424,,,,,,,,,,,,24.33845055,26.26413651,,,,
FALSE,American H.S. CA,,,,,,,,,,,,,,,,,,,,24.3942158,,,,,,,,,,,,,,,32.89616381,,,,,
FALSE,Winchester H.S. MA,,,,,,,,,,,,,,,,,,,,,,,,,23.92311001,,,,,22.97080464,,,10.10204459,,,9.268133107,,27.1621039,,
FALSE,"Fairfax H.S. Fairfax, VA",,,,,,17.71803399,,,,,,,,,,,,,,,,,,,25.53998227,,,,,,,,,,,,,,29.22133955,
FALSE,"Portola H.S. Irvine, CA",,,,,,,,11.78493384,,,,,25.06447316,,,,,,,,,,,,,,,32.00642504,,,,,,,8.365718443,,,,,
FALSE,New Albany H.S. OH,,,,,,,,,,,,,,,,,,,,,,,,,,,,,32.06052988,,,,,,,17.59344269,,,,
FALSE,Beachwood H.S. OH,,,,,,,,,,,,,,,,,,,,,,,,,,,,,28.55664683,,,,,,,,27.20007789,,,
FALSE,"Fulton Science Academy Roswell, GA",,,,10.38636115,,,,,10.87801366,,,,,,,,,,,,,,,,,,,,,,,,,,,30.81070132,,,,
FALSE,"Walton H.S. Marietta, GA",30.7743877,,,10.55442525,,,,,21.36834131,,,,,,,,,,,,,,,,,,,,,,,,,,,,,,,
FALSE,"Westlake H.S. Westlake, OH",,,,,,,,,,,,19.16340903,,,,,,,,,,,,15.08344299,,,,,25.06410729,,,,,,,,23.16163838,,,
FALSE,"Ithaca H.S. Ithaca, NY",,,,,,17.0811112,,,,,,,,,,,,,,,,20.9445264,,,,21.24763796,,,,,,,,,,,,23.33155078,,
TRUE,Boca Raton Community H.S. FL,,,,,,,,,,,,,,,,,,,,,,,,,29.6738576,,,,,,,,,,,23.8082692,,,,
FALSE,Hillsborough H.S. NJ,,,,,,,,,,,,,,,,,,,,,,,,,29.81720957,,,,,,,,,,,12.49650122,,,,
FALSE,Northridge H.S. IN,,,,,,,,,,,,,,,,,,,,,,,,,,,,,,,,,,,,,,,29.68425186,
TRUE,Orlando Science H.S. FL,,,,11.85933601,,,,2.583763098,,,,,,,,,,,,,,,,,29.57905295,,,,,,17.18455817,,,,,,,,,
FALSE,Mira Loma H.S. CA,,,,,,,,,,,,,17.50312371,,,,,,,19.09867429,,,24.9401237,,,,,,,,,,,,18.67730912,,,,,
FALSE,F.W. Buchholz H.S. FL,28.90927329,,,19.64649037,,,,,,,,,,,,,,,,,,,,,,,,,,,,,,,,,,,,
FALSE,Saline H.S. MI,,,,,,,,,,,,19.8174503,,,,,,,,,,,,,,,,,23.38195244,,,,,,,,22.81296855,,,
TRUE,Barrington H.S. RI,18.80844287,,,,,,,,,,,,,,,,,,,,,,,,24.75466196,,,,,,,,20.99085277,,,,,,,
FALSE,"East Lansing H.S. East Lansing, MI",,,,,,,,,9.141433904,,,,,,,,,,,,,,,,,,,,,,,,,,,,28.13801161,,,
FALSE,Mount Academy NY,,,,,,,,,,,,,,,,,,,18.25159439,,,,,,,21.37045668,,,,,,,,,,,,24.10411869,,
FALSE,"Athens H.S. Troy, MI",,,,,,,,,,,,18.55115954,,,,,,,,,,,,,,,,,,,,,,,,,27.69720725,,,
FALSE,"Diamond Bar H.S. Diamond Bar, CA",,,,,,,,,23.64895314,,,,,,,,,,,,,,,,,,,16.43768888,,,,,,,,22.49370219,,,,
FALSE,"Lake Braddock Secondary Burke, VA",27.38773259,,,,,,,,4.163684152,,,,,,,,8.127864726,,,,,,,,,,,,,,,,,,,7.172287671,,,,
FALSE,American Heritage Plantation FL,,,,,,26.94237128,,,,,,,,,,,,,,,,,,,,,,,,,,,,,,,,,,
FALSE,Mountain House H.S. CA,,,,,,,,,,,,,,,,,,,,18.19229653,,,19.27995378,,,,,,,,,,,,21.06985699,14.28867287,,,,
FALSE,Columbia H.S. NY,,,,,,,,,,,,,,,,,,,,,,,,,,,,,,,,,,,,,,,26.48506571,
FALSE,Northview H.S. OH,,,,,,,,,,,,9.231340123,,,,,,,,,,,,,,,,,,,,,,,,,26.1926676,,,
FALSE,Neuqua Valley H.S. IL,,,,,,,24.01302739,,,,,,,,,,,,,,,,,,,,,,,,,,,22.86565678,,,,,,
FALSE,Conestoga H.S. PA,,,,,,,,,,,,,,,26.14380095,,,,,,,,,,,,,,,,,,,,,,,,,
FALSE,Milton Academy MA,,,,,,,,,,,,,,,,,,,,,,,,,,,,,,,,,25.52296871,,,,,,,
FALSE,Archimedean Upper Conservatory FL,,,,12.21467192,,,,,,,,,,,,,,,,,,,,,23.83074279,,9.255999632,,,20.61164092,,,,,,9.401213993,,,,
FALSE,"Canyon Crest Academy San Diego, CA",,,,,,,,,,,,,,,,,,,,,,,,,,,,18.72540846,,,,,,,25.30474139,,,,,
FALSE,"Great Oak H.S. Temecula, CA",,,,,,,,,,,,,24.47702457,,,,,,,,,,,,,,,19.7968896,,,,,,,,,,,,
FALSE,"BASIS Independent Silicon Valley San Jose, CA",,,,16.06560296,,,,,,,13.93664628,,,,,,,,,,,,17.5385386,,,,,,,,,,,,20.11402521,,,,,
FALSE,Collegiate School NY,,,,,,,,,,,,,,,,,,,,,,,,,24.78780073,,,,,,,,,,,,,,,
FALSE,Mayfield H.S. OH,,,,,,,,,,,,,,,,,,,,,,,,,,,,,24.30635521,,,,,,,,,,,
TRUE,"Eagan H.S. Eagan, MN",,2.408744021,,,,,,,6.952727697,,,,,,,,,,,,,,,,,,,,,,,,,,,7.398049752,,,,24.24415253
TRUE,"Pembroke Hill School Kansas City, MO",24.22018101,,,,,,,,,,,,,,,,,,,,8.955691637,,,,,,,,,,,,,,,11.28145679,,,,
FALSE,Forest Hills H.S. NY,,,,,,,,,,,,,,,,,,,10.20631241,,,,,,,,24.19181722,,,,,,,,,,,,,
FALSE,"State College Area H.S. State College, PA",,,,,,,,,,,,,,,,,,,,,,23.53765825,,12.03820529,,,,,,,,,,,,,,,,
FALSE,James S. Rickards H.S. FL,23.52343608,,,,,,,,,,,,,,,,,,,,,,,,,,,,,,,,,,,,,,,
FALSE,Bronx H.S. of Science NY,,,,,,,,,,,,,,,,,,,,,,,,,23.2911788,,,,,,,,,,,,,,,
FALSE,Kenston H.S. OH,,,,,,,,,,,,,,,,,,,,,,,,,,,,,23.2778012,,,,,,,,,,,
FALSE,Uxbridge H.S. MA,,,,,,,,,,,,,,,,,,,,,,,,,,,,,,11.48540232,,,23.15485821,,,,,13.13979033,,
TRUE,Fossil Ridge H.S. CO,23.1118551,,,,,,,,,,,,,,,,,,,,,,,,,,,,,,,,,,,,,,,
FALSE,Garnet Valley H.S. PA,,,,,,,,,,,,,,,11.24098282,,,,,,,,,,,,,,,,,,,,,,,,23.06238029,
FALSE,St. Ignatius H.S. OH,,,,,,,,,,,,,,,,,,,,,,,,,,,,,,,,,,,,,,,,22.97766695
TRUE,Lebanon H.S. NH,16.30779519,,,,,,,,,,,,,,,,,,,,,,,,,,,,,16.29552808,,,19.87629422,,,,,,,
FALSE,Okemos H.S. MI,,,,,,,,,,,,17.64897549,,,,,,,,,,,,,,,,,,,,,,,,,22.86213444,,,
FALSE,"Arcadia H.S. Arcadia, CA",,,,15.75515653,,,,10.23816127,,,,,,,,,,,,,,,,,,,,22.84735372,,,,,,,,,,,,
FALSE,"Obra D. Tompkins H.S. Katy, TX",,,10.67307283,,16.5509092,,,,,14.07687595,,,,,,,,,,,,,,18.52481105,,,,,,,,,,,,,,,,
TRUE,"Blue Valley North H.S. Overland Park, KS",22.27251405,,,,,,,,,,,,,,,,,,,,10.60542431,,,,,,,,,,,,,,,10.48762431,,,,
FALSE,"Brooklyn Technical H.S. New York, NY",,,,14.17964088,,,,,15.44348304,,,,,,,,,,,,,,,,,,,,,,,,,,,20.71453931,,,,
FALSE,Menomonie H.S. WI,,,,,,,,,,,,,,,,22.19614753,,,,,,,,,,,,,,,,,,,,,,,,
FALSE,Canton H.S. MI,,,,,,,,,,,,,,,,,,,,,,,,,,,,,,,,,,,,,22.14620121,,,
FALSE,"Dublin H.S. Dublin, CA",,,,,,,,,10.26455066,,,,,,,,,,,,,,17.2601491,,,,,,,,,,,,18.4742949,13.03866806,,,,
FALSE,Hunter College H.S. NY,,,,,,,,,,,,,,,,,,,17.70946782,,,,,,,,21.431677,,,,,,,,,,,,,
FALSE,Division Avenue H.S. NY,,,,,,,,,,,8.052887055,,,,19.17212069,,,,19.92931755,,,,,,,,,,,,,,,,,9.386772804,,,,
FALSE,Novi H.S. MI,,,,,,,,,,,,12.5140365,,,,,,,,,,,,,,,,,,,,,,,,,21.73776717,,,
FALSE,Westborough H.S. MA,,,,,,,,,,,,,,,,,,,,,,,,,18.89437464,,,,,,,,19.58739459,,,,,,,
TRUE,South Windsor H.S. CT,18.87044872,,,,,,,,,,,,,,,,,,,,,,,,,,,,,,19.28023599,,,,,,,,,
TRUE,Charter School of Wilmington DE,18.0190014,,,,,,,,,,,,,,,,,,,,,,,,,,,,,,,,,,,,,,19.82876612,
FALSE,"Northwood H.S. Irvine, CA",,8.700549525,,8.862275548,,,,8.357682673,10.03218386,,,,,,,,,,,,,,5.148624022,,,,,20.99843492,,,,1.539783906,,,,,,,,
FALSE,Wayzata H.S. MN,20.96716525,,,,,,,,,,,,,,,,,,,,,,,,,,,,,,,,,,,,,,,
TRUE,"Auburn H.S. Auburn, AL",20.7894774,,,,,,,,,,,,,,,,,,,,,,,,,,,,,,,,,,,,,,,
FALSE,"Canyon H.S. San Diego, CA",,,,,,,,,,,,,20.74873606,,,,,,,,,,,,,,,14.27398523,,,,,,,,,,,,
FALSE,Half Hollow Hills H.S. East NY,,,,,,,,,,,,,,,,,,,20.67810694,,,,,,,,,,,,,,,,,,,,,
FALSE,Wellesley H.S. MA,,,,,,,,,,,,,,,,,,,,,,,,,20.64268355,,,,,15.62767856,,,,,,9.43994196,,,,
FALSE,Mentor H.S. OH,,,,,,,,,,,,12.32805295,,,,,,,,,,,,,,,,,20.61485748,,,,,,,,,,,
FALSE,Hershey H.S. PA,,,,,,,,,,,,,,,20.60287597,,,,,,,,,,,,,,,,,,,,,,,,,
FALSE,Fayetteville-Manlius Senior H.S. NY,,,,,,13.97545462,,,,,,,,,,,,,,,,,,,,18.67216669,,,,,,,,,,14.15626817,,,,
FALSE,"River Hill H.S. Clarksville, MD",,,,,,,,,,,,,,,20.48060371,,15.64496505,,,,,,,,,,,,,,,,,,,,,,,
FALSE,Phillips Exeter Academy NH,,,,,,,,,,,,,,,,,,,,,,,,,14.76593871,,,,,,,,20.4804369,,,4.985685963,,,,
FALSE,North Penn H.S. PA,,,,,,,,,,,,,,,13.74893117,,,,,,,,,,,12.61805121,,,,,,,,,,,,,19.44299246,
FALSE,Hudson H.S. OH,,,,,,,,,,,,,,,,,,,,,,,,,,,,,20.25529601,,,,,,,,8.847398147,,,
FALSE,"Davidson Academy Reno, NV",,,,8.032801482,,,,,,,,,,,,,,,,,,,,,,,,,,,,1.753529328,,,20.03499171,,,,,
FALSE,Amador Valley H.S. CA,,,,,,,,,,,,,,,,,,,,,,,16.57605783,,,,,,,,,,,,,18.84107635,,,,
FALSE,Eisenhower H.S. MI,,,,,,,,,,,,,,,,,,,,,,,,,,,,,,,,,,,,,19.79110145,,,
FALSE,Waubonsie Valley H.S. IL,,,,,,,18.24066504,,,,,,,,,,,,,,,,,,,,,,,,,,,17.14924258,,,,,,
FALSE,"Governor Livingston H.S. Berkeley Heights, NJ",,,,,,,,,9.463972891,,4.992984254,,,,,,,,,,,,,,,,19.5310084,,,,,,,,,,,,,
TRUE,Catalina Foothills H.S. AZ,19.42546192,,,,,,,,,,,,,,,,,,,,,,,,,,,,,,,,,,,,,,,
TRUE,St. Mary's Academy OR,19.35976137,,,,,,,,,,,,,,,,,,,,,,,,,,,,,,,,,,,,,,,
FALSE,Princeton H.S. NJ,,,,,,,,,,,,,,,19.22552493,,,,,,,,,,,,,,,,,,,,,,,,,
FALSE,Pleasant Grove H.S. CA,,,,,,,,,,,,,,,,,,,,13.12158307,,,12.97600708,,,,,,,,,,,,17.46200476,,,,,
FALSE,Whiting H.S. IN,,,,,,,,,,,,,,,,,,,,,,,,,,,,,,,,,,,,,,,,19.06506112
FALSE,"Camas H.S. Camas, WA",,,,,,,,,,,,,,14.09995586,,,,,,8.333427757,,,,,,,,9.911948818,,,17.66457376,,,,,,,,,
TRUE,Century H.S. ND,18.89120829,,,,,,,,,,,,,,,,,,,,,,,,,,,,,,,,,,,,,,,
FALSE,Bedford H.S. NH,,,,,,,,,,,,,,,,,,,,,,,,,18.85589322,,,,,,,,12.88348708,,,,,,,
FALSE,"Irvington H.S. Fremont, CA",,,,,,,,,8.61597532,,,,,,,,,,,,,,14.81456939,,,,,,,,,,,,18.01733354,,,,,
FALSE,Sylvania Southview H.S. OH,,,,,,,,,,,,,,,,,,,,,,,,,,,,,,,,,,,,,18.54550765,,,
FALSE,Newton South H.S. MA,,,,,,,,,,,,,,,,,,,,,,,,,,,,,,15.19184689,,,12.93294384,,,,,14.21766376,,
FALSE,Shipley School PA,,,,,,,,,,,4.593988842,,,,13.45411978,,,,,,,,,,,,,,,,,,,,,,,,18.43855743,
TRUE,Ames H.S. IA,18.42500894,,,,,,,,,,,,,,,,,,,,,,,,,,,,,,,,,,,7.280527119,,,,
FALSE,Arlington H.S. MA,,,,,,,,,,,,,,,,,,,,,,,,,,,,,,13.24011656,,,,,,,,18.29005991,,
FALSE,Lake Forest Academy IL,,,,,,,,,,,,,,,,12.00609798,,,,,,,,,,,,,,,,,,12.5954889,,,,,,16.73373571
TRUE,Baton Rouge Magnet H.S. LA,18.22941437,,,,,,,,,,,,,,,,,,,,,,,,,,,,,,,,,,,,,,,
FALSE,"Holt H.S. Holt, MI",,,,,,,,,8.786809313,,,,,,,,,,,,,,,,,,,,,,,,,,,,18.19559241,,,
FALSE,"Scarsdale H.S. Scarsdale, NY",,,,,,,,,9.867084998,,13.61573667,,,,,,,,,,,,,17.11260572,,,,,,,,,,,,,,,,
TRUE,Northwest Rankin H.S. MS,18.07590351,,,,,,,,,,,,,,,,,,,,,,,,,,,,,,,,,,,,,,,
FALSE,Cherry Hill H.S. East NJ,,,,,,,,,,,,,,,,,,,,,,,,,,,,,,,,,,,,,,,17.97427721,
FALSE,Vernon Hills H.S. IL,,,,,,,14.33523298,,,,5.821637055,,,,,,,,,,,,,,,,,,,,,,,17.01833233,,8.631058044,,,,
FALSE,"South Forsyth H.S. Cumming, GA",,9.175124954,,,,,,,12.96781018,,,,,,,,,,,,,,,,,,,,,,,,,,,17.67827125,,,,
FALSE,St. Joseph's Collegiate Institute NY,,,,,,,,,,,,,,,,,,,,,,,,,,,,,,,,,,,,,17.82862248,,,
TRUE,"Casady School Oklahoma City, OK",17.77650966,,,,,,,,,,,,,,,,,,,,3.748894174,,,,,,,,,,,,,,,,,,,
TRUE,Falmouth H.S. ME,13.5747892,,,,,,,,,,,,,,,,,,,,,,,,15.69193826,,,,,10.98891519,,,,,,,,,,
FALSE,"Hudsonville H.S. Hudsonville, MI",,,,,,,,,7.402105159,,,,,,,,,,,,,,,,,,,,,,,,,,,,17.73918123,,,
TRUE,West H.S. UT,17.72147403,,,,,,,,,,,,,,,,,,,,,,,,,,,,,,,,,,,,,,,
FALSE,Belvidere North H.S. IL,,,,,,,7.76410299,,,,,,,,,,,,,,,,,,,,,,,,,,,9.821152139,,,,,,17.69544466
FALSE,"The Bronx H.S. of Science New York, NY",,,,,,,,,7.698412993,,,,,,,,,,,,,,,,,,,,,,,,,,,17.66124016,,,,
FALSE,West Michigan Aviation Academy MI,,,,,,,,,,,,17.64897549,,,,,,,,,,,,,,,,,,,,,,,,,,,,
TRUE,"Lincoln Science Focus Program H.S. Lincoln, NE",17.64862111,,,,,,,,4.484249364,,,,,,,,,,,,2.36367228,,,,,,,,,,,,,,,,,,,
FALSE,International Academy Central MO,,,,,,,,,,,,,,,,,,,,,,,,,,,,,17.59550966,,,,,,,,,,,
FALSE,OPRF IL,,,,,,,16.73849262,,,,,,,,,,,,,,,,,,,,,,,,,,,14.66711537,,,,,,
FALSE,"Orange County School of the Arts Santa Ana, CA",,,,,,,,,,,,,,,,,,,,,,,,,,,,12.65759318,,,,,,,,17.52616375,,,,
FALSE,Foothill H.S. CA,,,,,,,,,,,5.053948652,,,,,,,,,14.50466885,,,,,,,,,,,,,,,16.69036135,,,,,
FALSE,Brighton H.S. MI,,,,,,,,,,,,,,,,,,,,,,,,,,,,,,,,,,,,,17.44741838,,,
FALSE,Davis Senior H.S. CA,,,,,,,,,,,,,,,,,,,,,,,13.26084626,,,,,,,,,,,,17.43215518,,,,,
FALSE,State College Area H.S. PA,,,,,,,,,,,,,,,17.42920063,,,,,,,,,,,,,,,,,,,,,,,,,
FALSE,Mundelein H.S. IL,,,,,,,,,,,,,,,,,,,,,,,,,,,,,,,,,,9.864608565,,,,,,17.3465204
FALSE,Roslyn H.S. NY,,,,,,,,,,,,,,,,,,,17.32354722,,,,,,,,,,,,,,,,,9.648614361,,,,
FALSE,Ridgefield H.S. CT,,,,,,,,,,,,,,,,,,,,,,,,,,,17.2611885,,,,13.3981301,,,,,,,,,
FALSE,Boston University Academy MA,,,,,,,,,,,,,,,,,,,,,,,,,17.2246392,,,,,10.80213476,,,,,,,,,,
FALSE,"West Chester East H.S. West Chester, PA",,,,,,,,,,,3.041281371,,,,10.41020128,,,,,,,11.93939186,,,,,,,,,,,,,,,,,16.18849589,
FALSE,Olentangy Orange H.S. OH,,,,,,,,,,,,11.4076875,,,,,,,,,,,,,,,,,16.93959926,,,,,,,,,,,
FALSE,Newton North H.S. MA,,,,,,,,,,,,,,,,,,,,,,,,,16.91003392,,,,,10.41845238,,,7.570858135,,,,,,,
FALSE,"Lane Tech College Prep H.S. Chicago, IL",,,,,,,,,7.42908076,,,,,,,,,,,,,,,,,,,,,,,,,16.88940557,,6.815006426,,,,
FALSE,Naperville Central H.S. IL,,,,,,,16.88749998,,,,,,,,,,,,,,,,,,,,,,,,,,,,,,,,,
FALSE,Sheldon H.S. CA,,,,3.787825089,,,,,,,,,,,,,,,,12.9007872,,,9.761125614,,,,,,,,,,,,15.3120282,,,,,
FALSE,Jonathan Law H.S. CT,,,,,,,,,,,,,,,,,,,,,,,,,16.78738635,,,,,,,,,,,,,,,
FALSE,"Tokay H.S. Lodi, CA",,,,,,,,,,,,,,,,,,,,,,,11.05070522,,,,,9.831472915,,,,,,,16.69036135,,,,,
FALSE,"Sunny Hills H.S. Fullerton, CA",,,,,,,,,,,,,16.06696997,,,,,,,,,,,,,,,13.83896854,,,,,,,,,,,,
FALSE,International Academy Central MI,,,,,,,,,,,,13.72698094,,,,,,,,,,,,,,,,,,,,,,,,,16.12162671,,,
FALSE,General Douglas MacArthur H.S. NY,,,,,,,,,,,,,,,15.16915044,,,,14.75180412,,,,,,,,,,,,,,,,,,,,,
TRUE,Collierville H.S. TN,16.63963986,,,,,,,,,,,,,,,,,,,,,,,,,,,,,,,,,,,,,,,
FALSE,Stevenson H.S. MI,,,,,,,,,,,,,,,,,,,,,,,,,,,,,,,,,,,,,16.54918936,,,
FALSE,"West Babylon Senior H.S. West Babylon, NY",,,,,,,,,4.204908747,,9.157486607,,,,,,,,16.33476027,,,,,,,,,,,,,,,,,11.47206964,,,,
FALSE,Sharon H.S. MA,,,,,,,,,,,,,,,,,,,,,,,,,16.50310797,,,,,,,,10.02688057,,,,,,,
TRUE,Hamilton H.S. MT,16.4012496,,,,,,,,,,,,,,,,,,,,,,,,,,,,,,,,,,,,,,,
FALSE,Northwestern Lehigh H.S. PA,,,,,,11.69310968,,,,,3.927119494,,,,13.45411978,,,,,,,,,,,12.0426352,,,,,,,,,,,,,,
FALSE,Chardon H.S. OH,,,,,,,,,,,,,,,,,,,,,,,,,,,,,16.15414643,,,,,,,,,,,
FALSE,"Edison Academy Magnet H.S. Edison, NJ",,,,8.493014067,,,,,,,,,,,,,,,,,,,,,,,16.12787815,,,,,,,,,,,,,
FALSE,John Adams H.S. IN,,,,,,,,,,,,,,,,,,,,,,,,,,,,,,,,,,,,,16.12162671,,,
FALSE,Hicksville H.S. NY,,,,,,,,,,,,,,,,,,,16.07780899,,,,,,,,,,,,,,,,,,,,,
FALSE,Dulles H.S. TX,,,16.04641295,,,,,,,9.351770737,,,,,,,,,,,,,,,,,,,,,,,,,,,,,,
TRUE,"BASIS Independent Washington, D.C. Washington, DC",16.0337146,,,,,,,,,,,,,,,,6.783405899,,,,,,,,,,,,,,,,,,,,,,,
FALSE,Salem H.S. MI,,,,,,,,,,,,,,,,,,,,,,,,,,,,,,,,,,,,,15.92797354,,,
TRUE,"Kelly Walsh H.S. Casper, WY",15.91483627,,,,,,,,,,,,,,,,,,,,,,,,,,,,,,,,,,,,,,,
FALSE,Haverford H.S. PA,,,,,,,,,,,,,,,,,,,,,,,,,,,,,,,,,,,,,,,15.8630129,
FALSE,"Gretchen Whitney H.S. Cerritos, CA",,,,,,,,,,,,,,,,,,,,,,,,,,,,15.82888559,,,,,,,,,,,,
FALSE,Albany H.S. CA,,,,,,,,,,,,,,,,,,,,13.15374381,,,11.76828348,,,,,,,,,,,,,11.35834404,,,,
FALSE,Allentown Central Catholic H.S. PA,,,,,,,,,,,3.64364784,,,,,,,,,,,,,,,,,,,,,,,,,,,,15.63143607,
FALSE,"Del Norte H.S. San Diego, CA",,,,,,,,,,,,,,,,,,,,,,,,,,,,15.55772695,,,,,,,,11.97411318,,,,
FALSE,"Arnold O. Beckman H.S. Irvine, CA",,,,,,,,,,,,,,,,,,,,,,,,,,,,12.00902229,,,,,,,,15.457308,,,,
FALSE,"Randolph H.S. Randolph, NJ",,,,,,,,,,,,,,,,,,,,,,14.79912644,,,,,,,,,12.54745517,,,,,,,,,
FALSE,Northmont H.S. OH,,,,,,,,,,,,,,,,,,,,,,,,,,,,,13.84335462,,,,,,,,13.63500049,,,
FALSE,Francis Lewis H.S. NY,,,,,,,,,,,,,,,,,,,,,,,,,,,15.27904245,,,,,,,,,,,,,
FALSE,Central H.S. PA,,,,4.926461332,,,,,,,6.233710763,,,,,,,,,,,,,,,,,,,,,,,,,,,,15.265323,
FALSE,Crystal Lake Central H.S. IL,,,,,,,11.66206453,,,,,,,,,,,,,,,,,,,,,,,,,,,15.21775792,,,,,,
TRUE,"Cabell Midland H.S. Ona, WV",15.16970701,,,,,,,,,,,,,,,,,,,,,,,,,,,,,,,,,,,,,,,
FALSE,Hawken School OH,,,,,,,,,,,,,,,,,,,,,,,,,,,,,15.14743875,,,,,,,,,,,
FALSE,Nashua H.S. North NH,,,,,,,,,,,,,,,,,,,,,,,,,15.12784897,,,,,,,,,,,,,,,
TRUE,Clinton H.S. SC,15.06325293,,,,,,,,,,,,,,,,,,,,,,,,,,,,,,,,,,,,,,,
FALSE,Cambridge Rindge and Latin School MA,,,,,,,,,,,,,,,,,,,,,,,,,15.01742672,,,,,8.130391406,,,,,,,,,,
FALSE,"North Hollywood H.S. North Hollywood, CA",,,,6.483732409,,,,,,,,,,,,,,,,,,,,,,,,13.99895662,,,,,,,,12.77516884,,,,
TRUE,La Cueva H.S. NM,14.86762626,,,4.274334734,,,,,,,,,,,,,,,,,,,,,,,,,,,,,,,,,,,,
FALSE,Wilbraham and Moson Academy MA,,,,,,,,,,,,,,,,,,,,,,,,,14.8488269,,,,,,,,,,,,,,,
FALSE,Noble and Greenough School MA,,,,,,,,,,,,,,,,,,,,,,,,,,,,,,14.72260065,,,,,,,,,,
FALSE,Saint Ignatius H.S. OH,,,,,,,,,,,,,,,,,,,,,,,,,,,,,14.72075034,,,,,,,,,,,
FALSE,"Plattsburgh H.S. Plattsburgh, NY",,,,,,14.55938726,,,7.445360704,,,,,,,,,,,,,,,,,,,,,,,,,,,,,,,
TRUE,Little Rock Central H.S. AR,14.54031188,,,,,,,,,,,,,,,,,,,,,,,,,,,,,,,,,,,,,,,
FALSE,JR Masterman School PA,,,,,,,,,,,,,,,,,,,,,,,,,,,,,,,,,,,,,,,14.40014139,
FALSE,"W.T. Woodson H.S. Fairfax, VA",,,,,,,,,,,,,,,,,14.39669656,,,,,,,,,,,,,,,,,,,,,,,
FALSE,Vestal H.S. NY,,,,,,14.32005487,,,,,,,,,,,,,,,,,,,,,,,,,,,,,,,,,,
FALSE,Grosse Pointe South H.S. MI,,,,,,,,,,,,,,,,,,,,,,,,,,,,,,,,,,,,,14.31583047,,,
FALSE,Beacon Academy IL,,,,,,,,,,,,,,,,,,,,,,,,,,,,,,,,,,7.634936766,,,,,,14.28773722
FALSE,Brookline H.S. MA,,,,,,,,,,,,,,,,,,,,,,,,,14.26539842,,,,,,,,,,,,,,,
FALSE,"Boston Latin School Boston, MA",,,,,,,,,,,,,,,,,,,,,,,,,,,,,,9.580787863,,,9.93814711,,,,,12.77095411,,
TRUE,Burr and Burton Academy VT,14.20356355,,,,,,,,,,,,,,,,,,,,,,,,,,,,,,,,,,,,,,,
FALSE,The Winsor School MA,,,,,,,,,,,,,,,,,,,,,,,,,14.19976008,,,,,,,,,,,,,,,
FALSE,Laguna Creek H.S. CA,,,,,,,,,,,,,,,,,,,,12.08722404,,,11.59263746,,,,,,,,,,,,,8.413202059,,,,
FALSE,Loyola H.S. NY,,,,,,,,,,,,,,,,,,,,,,,,,,,14.12973395,,,,,,,,,,,,,
TRUE,"Brookings H.S. Brookings, SD",14.05246181,,,,,,,,,,,,,,,,,,,,,,,,,,,,,,,,,,,,,,,
FALSE,"Pocono Mountain East H.S. Swiftwater, PA",,,,2.394506169,,,,,,,4.298218013,,,,,,,,,,,13.18108862,,,,11.84964425,,,,,,,,,,,,,,
FALSE,Pilgrim H.S. RI,,,,,,,,,,,,,,,,,,,,,,,,,13.97470728,,,,,,,,8.227184054,,,,,,,
FALSE,Weston H.S. MA,,,,,,,,,,,,,,,,,,,,,,,,,,,,,,13.96759549,,,,,,,,,,
FALSE,St. Edward H.S. OH,,,,,,,,,,,,,,,,,,,,,,,,,,,,,13.93564365,,,,,,,,,,,
FALSE,E.O. Smith H.S. CT,,,,,,,,,,,,,,,,,,,,,,,,,,,,,,,12.06854467,,12.73736057,,,,,,,
FALSE,Parsippany H.S. NJ,,,,,,,,,,,,,,,,,,,,,,,,,,,,,,,,,,,,,,,13.82891807,
FALSE,Saratoga H.S. CA,,,,,,,,,,,,,,,,,,,,12.25280245,,,,,,,,,,,,,,,12.52802307,,,,,
FALSE,Leigh H.S. CA,,,,,,,,,,,,,,,,,,,,,,,,,,,,,,,,,,,13.54290941,,,,,
FALSE,"Reservoir H.S. Fulton, MD",,,,,,,,,,,8.959272611,,,,,,8.903220243,,,,,,,,,,,,,,,,,,,12.59956515,,,,
FALSE,Nashua H.S. South NH,,,,,,,,,,,,,,,,,,,,,,,,,,,,,,,,,13.44922902,,,,,,,
FALSE,Boyceville H.S. WI,,,,,,,,,,,,,,,,,,,,,,,,,,,,,13.43410378,,,,,,,,,,,
FALSE,Macomb Dakota H.S. MI,,,,,,,,,,,,,,,,,,,,,,,,,,,,,,,,,,,,,13.30995029,,,
FALSE,"Valencia H.S. Placentia, CA",,,,,,,,,,,,,,,,,,,,,,,,,,,,11.98920542,,,,,,,,11.86560989,,,,
FALSE,"Walter Johnson H.S. Bethesda, MD",,,,,,,,,,,,,,,,,13.26754389,,,,,,,,,,,,,,,,,,,,,,,
FALSE,"McLean H.S. McLean, VA",,,,,,,,,,,,,,,,,13.26754389,,,,,,,,,,,,,,,,,,,,,,,
FALSE,Detroit Country Day Upper School MI,,,,,,,,,,,,13.19662031,,,,,,,,,,,,,,,,,,,,,,,,,,,,
FALSE,South High Community School MA,,,,,,,,,,,,,,,,,,,,,,,,,,,,,,4.667262631,,,11.19279691,,,,,12.21383195,,
FALSE,Grayslake Central H.S. IL,,,,,,,,,,,,,,,,,,,,,,,,,,,,,,,,,,13.03743588,,,,,,
FALSE,Cinco Ranch H.S. TX,,4.205265604,12.99849093,4.692543024,,,,,,8.332107261,,,,,,,,,,,,,,,,,,,,,,,,,,6.957255137,,,,
FALSE,"Manheim Central H.S. Manheim, PA",,,,,,,,,,,6.060298604,,,,12.97361551,,,,,,,,,9.784900195,,,,,,,,,,,,,,,,
FALSE,"Shady Side Academy Senior School Pittsburgh, PA",,,,,,,,,,,,,,,,,,,,,,12.70670497,,10.28601368,,,,,,,,,,,,,,,,
FALSE,Kellenberg Memorial H.S. NY,,,,,,10.47458923,,,,,,,,,,,,,10.75883459,,,,,,,7.985073446,,,,,,,,,,,,,,
FALSE,Philadelphia H.S. for Girls PA,,,,,,,,,,,4.904246382,,,,,,,,,,,,,,,,,,,,,,,,,,,,12.79056927,
FALSE,Kingsway Regional H.S. NJ,,,,,,,,,,,,,,,,,,,,,,,,,,,,,,,,,,,,,,,12.79056927,
FALSE,"San Marino H.S. San Marino, CA",,,,,,,,,,,,,,,,,,,,,,,,,,,,12.74641839,,,,,,,,,,,,
FALSE,Sequoia H.S. CA,,,,,,,,,,,,,,,,,,,,,,,,,,,,,,,,,,,12.73134929,,,,,
FALSE,Forest Hills Central H.S. MI,,,,,,,,,,,,,,,,,,,,,,,,,,,,,,,,,,,,,12.65874747,,,
FALSE,John Jay H.S. NY,,,,,,,,,12.59913325,,,,,,,,,,,,,,,,,,,,,,,,,,,,,,,
FALSE,"Slinger H.S. Slinger, WI",,,,,,,,,5.264823762,,,,,,,12.57781693,,,,,,,,,,,,,,,,,,,,,,,,
FALSE,Al-Noor School NY,,,,,,,,,,,,,,,,,,,,,,,,,,,12.57212548,,,,,,,,,,,,,
FALSE,International Academy West MI,,,,,,,,,,,,,,,,,,,,,,,,,,,,,,,,,,,,,12.5538821,,,
FALSE,Lisle H.S. IL,,,,,,,7.817427873,,,,,,,,,,,,,,,,,,,,,,,,,,,,,,,,,12.54178155
FALSE,Hinsdale Central H.S. IL,,,,,,,10.65746721,,,,,,,,,,,,,,,,,,,,,,,,,,,11.73369229,,,,,,
FALSE,Goshen H.S. NY,,,,,,12.26953058,,,,,,,,,,,,,,,,,,,,,,,,,,,,,,,,,,
FALSE,Stephen F. Austin H.S. TX,,,,,,,,,,12.15730196,,,,,,,,,,,,,,,,,,,,,,,,,,,,,,
FALSE,"Walnut H.S. Walnut, CA",,,,,,,,,,,,,,,,,,,,,,,,,,,,12.06886791,,,,,,,,,,,,
FALSE,Dover Sherborn H.S. MA,,,,,,,,,,,,,,,,,,,,,,,,,,,,,,,,,,,,,,12.01228357,,
FALSE,Longmeadow H.S. MA,,,,,,,,,,,,,,,,,,,,,,,,,,,,,,8.027691725,,,9.463572669,,,,,9.890548701,,
FALSE,Glenbrook South H.S. IL,,,,,,,9.695208674,,,,,,,,,,,,,,,,,,,,,,,,,,,,,,,,,11.64085963
FALSE,Hopkins School CT,,,,,,,,,,,,,,,,,,,,,,,,,,,,,,,11.93191963,,,,,,,,,
FALSE,"Martin Luther King H.S. Riverside, CA",,,,,,,,,,,,,,,,,,,,,,,,,,,,11.93014529,,,,8.736747446,,,,,,,,
FALSE,Medina H.S. OH,,,,,,,,,,,,,,,,,,,,,,,,,,,,,11.87696902,,,,,,,,,,,
FALSE,"El Dorado H.S. Placentia, CA",,,,,,,,,,,,,11.56110385,,,,,,,,,,,,,,,9.57240907,,,,,,,,,,,,
FALSE,Lehighton Area H.S. PA,,,,,,,,,,,,,,,11.63906147,,,,,,,,,,,9.336083347,,,,,,,,,,,,,,
FALSE,Red Land H.S. PA,,,,,,,,,,,,,,,11.77809462,,,,,,,,,,,,,,,,,,,,,,,,,
FALSE,Saint Francis H.S. CA,,,,,,,,,,,,,,,,,,,,,,,9.43914404,,,,,,,,,,,,11.49696819,,,,,
FALSE,Wilbraham and Monson Academy MA,,,,,,,,,,,,,,,,,,,,,,,,,,,,,,,,,11.19279691,,,,,9.75796762,,
FALSE,Frankenmuth H.S. MI,,,,,,,,,,,,,,,,,,,,,,,,,,,,,,,,,,,,,11.6957336,,,
FALSE,Niles West H.S. IL,,,,,,,,,,,,,,,,,,,,,,,,,,,,,,,,,,5.913531925,,,,,,11.68503746
FALSE,"Silver Creek H.S. San Jose, CA",,,,3.783430861,,,,,5.572826027,,,,,,,,,,,11.64149127,,,7.646901501,,,,,,,,,,,,,,,,,
FALSE,Thomas Worthington H.S. OH,,,,,,,,,,,,7.258141172,,,,,,,,,,,,,,,,,11.62595411,,,,,,,,,,,
FALSE,"Alexandria City H.S. Alexandria, VA",,,,,,,,,,,,,,,11.52247654,,,,,,,,,,,,,,,,,,,,,,,,,
FALSE,Central York H.S. PA,,,,,,,,,,,4.07801374,,,,11.4841322,,,,,,,,,,,,,,,,,,,,,6.383136242,,,,
FALSE,Whitney M. Young Magnet H.S. IL,,,,,,,,,,,,,,,,,,,,,,,,,,,,,6.682693568,,,,,,,11.45772955,,,,
FALSE,Ukiah H.S. CA,,,,,,,,,,,,,8.31050171,,,,,,,11.34614688,,,,,,,,,,,,,,,,,,,,
FALSE,Archbishop Hoban H.S. OH,,,,,,,,,,,,,,,,,,,,,,,,,,,,,11.32365411,,,,,,,,,,,
FALSE,Comstock H.S. MI,,,,,,,,,,,,,,,,,,,,,,,,,,,,,,,,,,,,,11.27314599,,,
FALSE,Guilford H.S. CT,,,,3.676795267,,,,,,,4.852501696,,,,,,,,,,,,,,,,,,,,11.25252207,,,,,,,,,
FALSE,Farragut H.S. TN,,,,,,,,,,,,,,,,,,,,,,,,,,,,,,,,11.2047552,,,,,,,,
FALSE,Granville H.S. OH,,,,3.619664153,,,,,,,,9.487766238,,,,,,,,,,,,,,,,,9.804627337,,,,,,,5.927050529,,,,
FALSE,"Bothell H.S. Bothell, WA",,,,,,,,,11.13956153,,,,,,,,,,,,,,,,,,,,,,,3.974432205,,,,,,,,
FALSE,Clayton Valley Charter H.S. CA,,2.607916654,,3.411419876,,,,2.243980553,,,,,,,,,,,,8.333427757,,,6.979392769,,,,,,,,,,,,9.920049399,,,,,
FALSE,"Homeschool Science Colorado El Paso, CO",,,,1.927492554,,,,,6.696911172,,,,,,,,,,,,,,,,,,,,,,,7.540842853,,,,10.73952389,,,,
FALSE,Haslett H.S. MI,,,,,,,,,,,,8.451983897,,,,,,,,,,,,,,,,,,,,,,,,,11.05003164,,,
FALSE,Stroudsburg H.S. PA,,,,,,,,,,,,,,,,,,,,,,,,,,11.00324109,,,,,,,,,,,,,,
FALSE,"Warwick H.S. Lititz, PA",,,,,,,,,,,,,,,,,,,,,,10.95988521,,,,,,,,,,2.475957142,,,,,,,,
FALSE,Plymouth H.S. MI,,,,,,,,,,,,,,,,,,,,,,,,,,,,,,,,,,,,,10.92485106,,,
FALSE,Libertyville H.S. IL,,,,,,,,,,,,,,,,,,,,,,,,,,,,,,,,,,9.099598105,,,,,,10.29768352
FALSE,Saugerties H.S. NY,,,,,,10.73269,,,,,4.939360318,,,,,,,,,,,,,,,,,,,,,,,,,,,,,
FALSE,Cincinnati Country Day School OH,,,,,,,,,,,,10.67373702,,,,,,,,,,,,,,,,,,,,,,,,,,,,
FALSE,Nouvel Catholic Central H.S. MI,,,,,,,,,,,,,,,,,,,,,,,,,,,,,,,,,,,,,10.67206275,,,
FALSE,Texas Academy of Mathematics and Science TX,,,,,8.299303174,,,,,10.65580251,,,,,,,,,,,,,,,,,,,,,,,,,,,,,,
FALSE,"Oakton H.S. Oakton, VA",,,,,,,,,,,,,,,,,10.57257404,,,,,,,,,,,,,,,,,,,,,,,
FALSE,"Winston Churchill H.S. Potomac, MD",,,,,,,,,,,,,,,,,5.795672278,,,,,,,10.57094481,,,,,,,,4.802037943,,,,,,,,
FALSE,Reading Memorial H.S. MA,,,,,,,,,,,,,,,,,,,,,,,,,,,,,,9.777316845,,,9.080948437,,,,,,,
FALSE,Lexington Christian Academy MA,,,,,,,,,,,,,,,,,,,,,,,,,,,,,,,,,,,,,,10.48911217,,
FALSE,"Mount Vernon H.S. Mount Vernon, IA",,,,,,,,,6.9196869,,,,,,,10.48151411,,,,,,,,,,,,,,,,,,,,,,,,
FALSE,"Atholton H.S. Columbia, MD",,,,,,,,,,,,,,,,,6.783405899,,,,,,,,,,,,,,,,,,,10.43390284,,,,
FALSE,Canal Winchester H.S. OH,,,,,,,,,,,,,,,,,,,,,,,,,,,,,10.36878248,,,,,,,,,,,
FALSE,"State College Area H.S. State College Area High School, PA",,,,,,,,,,,,,,,,,,,,,,10.36249105,,,,,,,,,,,,,,,,,,
FALSE,Beloit Turner H.S. WI,,,,,,,,,,,,,,,,10.35820218,,,,,,,,,,,,,,,,,,,,,,,,
FALSE,Chittenango H.S. NY,,,,,,10.32968385,,,,,,,,,,,,,,,,,,,,,,,,,,,,,,,,,,
FALSE,Belleville H.S. WI,,,,,,,,,,,,,,,,10.08145632,,,,,,,,,,,,,,,,,,,,,8.274594679,,,
FALSE,Florida Atlantic University H.S. FL,,,,,,,,,,,,,,,,,,,,,,,,,,,,,,10.30582046,,,,,,,,,,
FALSE,Northern Academy of the Arts NY,,,,,,,,,,,,,,,,,,,,,,,,,,10.29829806,,,,,,,,,,,,,,
FALSE,Brecksville-Broadview Heights H.S. OH,,,,,,,,,,,,,,,,,,,,,,,,,,,,,10.22674436,,,,,,,,,,,
FALSE,"Mt. Lebanon H.S. Pittsburgh, PA",,,,,,,,2.667924762,,,8.147999894,,,,,,,,,,,,,10.04239757,,,,,,,,,,,,,,,,
FALSE,Temecula Valley H.S. CA,,,,,,,,,,,,,10.20540438,,,,,,,,,,,,,,,,,,,,,,,,,,,
FALSE,Trinity H.S. IL,,,,,,,,,,,,,,,,,,,,,,,,,,,,,,,,,,,,,,,,10.19538865
FALSE,Leon M. Goldstein H.S. for the Sciences NY,,,,,,,,,,,,,,,,,,,10.1917735,,,,,,,,,,,,,,,,,,,,,
FALSE,Stow-Munroe Falls H.S. OH,,,,,,,,,,,,,,,,,,,,,,,,,,,,,10.10805874,,,,,,,,,,,
FALSE,Cary Grove H.S. IL,,,,,,,10.01952023,,,,,,,,,,,,,,,,,,,,,,,,,,,,,,,,,
FALSE,Cedar Cliff H.S. PA,,,,,,,,,,,,,,,10.0173635,,,,,,,,,,,,,,,,,,,,,,,,,
FALSE,"Harvard-Westlake Upper School Los Angeles, CA",,,,,,,,,,,,,,,,,,,,,,,,,,,,9.993753073,,,,,,,,,,,,
FALSE,"Lambert H.S. Suwanee, GA",,,,8.673716494,,,,,9.190891617,,,,,,,,,,,,,,,,,,,,,,,,,,,,,,,
FALSE,"Staples H.S. Westport, CT",,,,,,,,,5.088716327,,,,,,,,,,9.950799722,,,,,,,,,,,,,,,,,,,,,
FALSE,Barrington H.S. IL,,,,,,,9.897543464,,,,,,,,,,,,,,,,,,,,,,,,,,,,,,,,,
FALSE,"Santa Teresa H.S. San Jose, CA",,,,,,,,,4.420077538,,,,,,,,,,,,,,,,,,,,,,,2.510432494,,,9.872033671,,,,,
FALSE,Cosumnes Oaks H.S. CA,,,,,,,,,,,,,,,,,,,,9.865307859,,,,,,,,,,,,,,,,,,,,
FALSE,Cypress Falls H.S. TX,,,6.499245467,,4.744412193,,,,,6.703274263,,,,,,,,8.356727264,,,,,,,,,,,,,,,,,,,,,,
FALSE,Brazoswood H.S. TX,,,6.517450636,,6.873169931,,,,,8.82708393,,,,,,,,,,,,,,,,,,,,,,,,,,,,,,
FALSE,Bedford H.S. MA,,,,,,,,,,,,,,,,,,,,,,,,,,,,,,9.678054745,,,,,,,,,,
FALSE,Waynflete Upper School ME,,,,,,,,,,,,,,,,,,,,,,,,,,,,,,,,,9.667236357,,,,,,,
FALSE,Sacred Heart Greenwich H.S. CT,,,,,,,,,,,,,,,,,,,,,,,,,,,9.662087361,,,,,,,,,,,,,
FALSE,Benzie Central H.S. MI,,,,,,,,,,,,,,,,,,,,,,,,,,,,,,,,,,,,,9.626161867,,,
FALSE,"Rancho Bernardo H.S. San Diego, CA",,,,,,,,,7.852618493,,,,,,,,,,,,,,,,,,,,,,,,,,,9.166183643,,,,
FALSE,"Birmingham Groves H.S. Beverly Hills, MI",,,,,,,,,,,,9.487766238,,,,,,,,,,,,,,,,,,,,,,,,,,,,
FALSE,Joseph A. Foran H.S. CT,,,,,,,,,,,,,,,,,,,,,,,,,,,,,,,9.466942224,,,,,,,,,
FALSE,The Taft School CT,,,,,,,,,,,,,,,,,,,,,,,,,,,,,,,,,,,,,,9.453823174,,
FALSE,"Stratford Preparatory Academy San Jose, CA",,,,,,,,,3.80182723,,,,,,,,,,,9.41531136,,,6.55844025,,,,,,,,,,,,,,,,,
FALSE,Springfield H.S. OH,,,,,,,,,,,,9.129737323,,,,,,,,,,,,,,,,,,,,,,,,,7.560962493,,,
FALSE,John Hersey H.S. IL,,,,,,,9.329651626,,,,,,,,,,,,,,,,,,,,,,,,,,,,,,,,,
FALSE,Dansville H.S. MI,,,,,,,,,,,,,,,,,,,,,,,,,,,,,,,,,,,,,9.297134424,,,
FALSE,Franklin H.S. MA,,,,,,,,,,,,,,,,,,,,,,,,,,,,,,7.304891896,,,9.192447122,,,,,,,
FALSE,SAIL NY,,,,,,,,,,,,,,,,,,,,,,,,,,,9.255999632,,,,,,,,,,,,,
FALSE,Maine South H.S. IL,,,,,,,,,,,,,,,,,,,,,,,,,,,,,,,,,,,,,,,,9.218584943
FALSE,Fairview H.S. OH,,,,,,,,,,,,,,,,,,,,,,,,,,,,,9.208575102,,,,,,,,,,,
FALSE,"Los Alamitos H.S. Los Alamitos, CA",,,,,,,,,7.270113269,,,,,,,,,,,,,,,,,,,7.984020312,,,,5.524350057,,,,,,,,
FALSE,"Homestead H.S. Cupertino, CA",,,,5.399532122,,,,,3.874077842,,,,,,,,,,,,,,9.046500777,,,,,,,,,,,,,5.696820164,,,,
FALSE,La Mirada H.S. CA,,,,,,,,,,,,,,,,,,,,,,,,,,,,,,,,,,,9.088957916,,,,,
FALSE,Wyoming Area H.S. PA,,,,,,,,,,,,,,,,,,,,,,,,,,9.06149266,,,,,,,,,,,,,,
FALSE,Riverdale Kingsbridge Academy NY,,,,,,,,,,,,,,,,,,,9.033617424,,,,,,,,,,,,,,,,,,,,,
FALSE,Perry H.S. OH,,,,,,,,,,,,8.974517678,,,,,,,,,,,,,,,,,,,,,,,,,,,,
FALSE,Skyline H.S. MI,,,,,,,,,,,,,,,,,,,,,,,,,,,,,,,,,,,,,8.92180856,,,
FALSE,Naper Valley Homeschool IL,,,,,,,8.850835913,,,,,,,,,,,,,,,,,,,,,,,,,,,,,,,,,
FALSE,Pacific Academy Irvine CA,,,,,,,,,,,,,8.751561856,,,,,,,,,,,,,,,,,,,4.63374222,,,,,,,,
FALSE,Evanston H.S. IL,,,,,,,8.570914897,,,,,,,,,,,,,,,,,,,,,,,,,,,6.934374917,,,,,,
FALSE,"Durham Academy Upper School Durham, NC",,,,,,,,,,,,,,,,,,,,,,,,8.712582365,,,,,,,,,,,,,,,,
FALSE,John P. Stevens H.S. NJ,,,,,,,,,,,,,,,,,,,,,,,,,,,,,,,,,,,,8.708963081,,,,
FALSE,Riverhead H.S. NY,,,,,,,,,,,,,,,,,,,8.693347509,,,,,,,,,,,,,,,,,,,,,
FALSE,Cypress Ranch H.S. TX,,,,,8.596591646,,,,,6.840425654,,,,,,,,,,,,,,,,,,,,,,,,,,3.495874769,,,,
FALSE,Classical H.S. RI,,,,,,,,,,,,,,,,,,,,,,,,,,,,,,,,,8.627482382,,,,,,,
FALSE,Waterville Senior H.S. ME,,,,,,,,,,,,,,,,,,,,,,,,,,,,,,8.607570134,,,,,,,,,,
FALSE,Rocky River H.S. OH,,,,,,,,,,,,8.602241389,,,,,,,,,,,,,,,,,,,,,,,,,,,,
FALSE,San Francisco University H.S. CA,,,,,,,,,,,,,,,,,,,,,,,8.589173724,,,,,,,,,,,,,5.907949496,,,,
FALSE,Northampton Area H.S. PA,,,,,,,,,,,,,,,,,,,,,,,,,,8.577932727,,,,,,,,,,,,,,
FALSE,Elizabethtown Area H.S. PA,,,,,,,,,,,,,,,,,,,,,,,,,,8.577932727,,,,,,,,,,,,,,
FALSE,"Westview H.S. San Diego, CA",,,,,,,,,,,5.382553896,,,,,,,,,,,,,,,,,5.385810589,,,,,,,,8.491138159,,,,
FALSE,Ottawa Hills H.S. OH,,,,,,,,,,,,8.538989614,,,,,,,,,,,,,,,,,,,,,,,,,,,,
FALSE,Hinsdale South H.S. IL,,,,,,,6.526476481,,,,,,,,,,,,,,,,,,,,,,,,,,,8.509166167,,,,,,
FALSE,Loyola Academy IL,,,,,,,6.78317937,,,,,,,,,,,,,,,,,,,,,,,,,,,8.349818486,,,,,,
FALSE,"River City Science Academy Jacksonville, FL",,,,4.845939676,,,,4.50029067,7.889085761,,,,,,,,,,,,,,,,,,,,,,,,,,,5.482167251,,,,
FALSE,"West H.S. Torrance, CA",,,,,,,,,,,,,,,,,,,,,,,,,,,,,,,,,,,,8.483279633,,,,
FALSE,"Winchester Thurston Upper School Pittsburgh, PA",,,,,,,,,,,3.571340765,,,,,,,,,,,,,8.480246836,,,,,,,,,,,,,,,,
FALSE,"Quaker Valley H.S. Leetsdale, PA",,,,,,,,,,,,,,,,,,,,,,,,8.480246836,,,,,,,,,,,,,,,,
FALSE,Hopkinton H.S. MA,,,,,,,,,,,,,,,,,,,,,,,,,,,,,,8.473674599,,,,,,,,,,
FALSE,Worthington Kilbourne H.S. OH,,,,,,,,,,,,,,,,,,,,,,,,,,,,,8.442433555,,,,,,,,,,,
FALSE,L'Anse Creuse H.S. MI,,,,,,,,,,,,,,,,,,,,,,,,,,,,,,,,,,,,,8.439164978,,,
FALSE,Prestonwood Christian Academy TX,,,8.221660343,,6.760230519,,,,,,,,,,,,,,,,,,,,,,,,,,,,,,,,,,,
FALSE,"Pocono Mountain West H.S. Pocono Summit, PA",,,,2.293472153,,,,,,,2.726735143,,,,,,,,,,,8.406306516,,,,,,,,,,,,,,,,,,
FALSE,Cranston H.S. West RI,,,,,,,,,,,,,,,,,,,,,,,,,,,,,,,,,8.401575736,,,,,,,
FALSE,Smithfield H.S. RI,,,,,,,,,,,,,,,,,,,,,,,,,,,,,,,,,8.370265516,,,,,,,
FALSE,"Cambridge H.S. Cambridge, WI",,,,,,,,,4.61835016,,,,,,,8.358675811,,,,,,,,,,,,,,,,,,,,,,,,
FALSE,St. John's School TX,,,8.280177499,,,,,,,6.571514572,,,,,,,,,,,,,,,,,,,,,,,,,,,,,,
FALSE,Lyons Township H.S. IL,,,,,,,8.344703067,,,,,,,,,,,,,,,,,,,,,,,,,,,,,,,,,
FALSE,Franklin H.S. CA,,,,,,,,,,,,,,,,,,,,8.333427757,,,,,,,,,,,,,,,,,,,,
FALSE,Granite Bay H.S. CA,,,,,,,,,,,,,,,,,,,,8.333427757,,,,,,,,,,,,,,,,,,,,
FALSE,"Seton Catholic College Prepatory H.S. Vancouver, WA",,,,,,,,,,,,,,,,,,,,8.333427757,,,,,,,,,,,,,,,,,,,,
FALSE,Alamo Heights H.S. TX,,,,,8.323289599,,,,,,,,,,,,,,,,,,,,,,,,,,,,,,,,,,,
FALSE,Olentangy H.S. OH,,,,,,,,,,,,8.318786443,,,,,,,,,,,,,,,,,,,,,,,,,,,,
FALSE,Thornapple Kellogg H.S. MI,,,,,,,,,,,,,,,,,,,,,,,,,,,,,,,,,,,,,8.281054159,,,
FALSE,Waterford School UT,,,,4.061416441,,,,,,,,,,,,,,,,,,,,,,,,,,,,,,,,8.280202026,,,,
FALSE,"Torrey Pines H.S. San Diego, CA",,,,,,,,,,,,,,,,,,,,,,,,,,,,8.275009663,,,,,,,,,,,,
FALSE,"Advanced Technologies Academy Las Vegas, NV",,,,,,,,,,,,,,,,,,,,,,,,,,,,,,,,,,,,8.268997423,,,,
FALSE,Turlock H.S. CA,,,,,,,,,,,,,,,,,,,,,,,8.225335805,,,,,,,,,,,,,,,,,
FALSE,Austin Area Homeschoolers TX,,2.093908184,8.221660343,,5.646780787,,,,,,,,,,,,,,,,,,,,,,,,,,,,,,,,,,,
FALSE,Hampden Charter School of Science - East MA,,,,,,,,,,,,,,,,,,,,,,,,,,,,,,,,,,,,,,8.179150387,,
FALSE,St. Johnsbury Academy VT,,,,,,,,,,,,,,,,,,,,,,,,,,,,,,4.667262631,,,,,,,,8.179150387,,
FALSE,"James W. Robinson Jr. Secondary Fairfax, VA",,,,,,,,,,,,,,,,,8.103529802,,,,,,,,,,,,,,,,,,,,,,,
FALSE,Palatine H.S. IL,,,,,,,6.703283265,,,,,,,,,,,,,,,,,,,,,,,,,,,7.727561649,,,,,,
FALSE,Kingwood H.S. TX,,,,,5.865291652,,,,,8.080381966,,,,,,,,,,,,,,,,,,,,,,,,,,,,,,
FALSE,Old Rochester Regional H.S. MA,,,,,,,,,,,,,,,,,,,,,,,,,,,,,,,6.601166394,,,,,,,7.744089196,,
FALSE,Cleveland Heights H.S. OH,,,,,,,,,,,,,,,,,,,,,,,,,,,,,8.039794416,,,,,,,,,,,
FALSE,"Centreville H.S. Centreville, VA",,,,,,,,,,,,,,,,,8.031391554,,,,,,,,,,,,,,,,,,,,,,,
FALSE,Perkiomen Valley H.S. PA,,,,,,,,,,,,,,,8.025538895,,,,,,,,,,,,,,,,,,,,,,,,,
FALSE,Hendrickson H.S. TX,,,6.535758082,,5.008449046,,,,,4.898546576,,,,,,,,5.480710738,,,,,,,,,,,,,,,,,,,,,,
FALSE,Farmingdale H.S. NY,,,,,,,,,,,,,,,,,,,7.993994413,,,,,,,,,,,,,,,,,,,,,
FALSE,"The College Preparatory School Oakland, CA",,,,,,,,,5.70699821,,,,,,,,,,,,,,,,,,,,,,,,,,,7.977531456,,,,
FALSE,Coppell H.S. TX,,,,,,,,,,,,,,,,,,7.962542016,,,,,,,,,,,,,,,,,,,,,,
FALSE,Tappan Zee H.S. NY,,,,,,,,,,,,,,,,,,,7.79370915,,,,,,,6.309025606,,,,,,,,,,,,,,
FALSE,Phillips Academy Andover MA,,,,,,,,,,,,,,,,,,,,,,,,,,,,,,7.878416466,,,,,,,,,,
FALSE,The Early College at Guilford NC,,5.311914447,,,,,,7.875508672,,,,,,,,,,,,,,,,,,,,,,,,3.305402784,,,,,,,,
FALSE,Cumberland H.S. RI,,,,,,,,,,,,,,,,,,,,,,,,,,,,,,,,,7.825858003,,,3.495874769,,,,
FALSE,"Westfield H.S. Chantilly, VA",,,,6.006109396,,,,,7.029447451,,4.553557697,,,,,,,,,,,,,,,,,,,,,,,,,,,,,
FALSE,East Greenwich H.S. RI,,,,,,,,,,,,,,,,,,,,,,,,,,,,,,,,,7.762746245,,,,,,,
FALSE,Oak Harbor H.S. OH,,,,,,,,,,,,7.74201725,,,,,,,,,,,,,,,,,,,,,,,,,,,,
FALSE,Farmington H.S. CT,,,,,,,,,,,,,,,,,,,,,,,,,,,,,,,7.712094397,,,,,,,,,
FALSE,"Crean Lutheran H.S. Irvine, CA",,,,,,,,1.959456703,5.208328464,,,,,,,,,,,,,,,,,,,6.635121903,,,,,,,,5.730655607,,,,
FALSE,Oxford H.S. CT,,,,,,,,,,,,,,,,,,,,,,,,,,,,,,,7.674657046,,,,,,,,,
FALSE,Brentwood H.S. NY,,,,,,,,,,,,,,,,,,,7.643830128,,,,,,,,,,,,,,,,,,,,,
FALSE,East Rochester H.S. NY,,,,,,7.608180535,,,,,,,,,,,,,,,,,,,,,,,,,,,,,,,,,,
FALSE,Columbus Academy OH,,,,,,,,,,,,,,,,,,,,,,,,,,,,,7.57921156,,,,,,,,,,,
FALSE,"Fulton County Innovation Academy Alpharetta, GA",,,,,,,,,7.572584549,,,,,,,,,,,,,,,,,,,,,,,,,,,,,,,
FALSE,Crown Point H.S. IN,,,,4.574077702,,,,,,,,,,,,,,,,,,,,,,,,,,,,,,,,,7.560962493,,,
FALSE,"South Pasadena H.S. South Pasadena, CA",,,,,,,,,,,,,,,,,,,,,,,,,,,,7.497893172,,,,,,,,,,,,
FALSE,"Sheboygan North H.S. Sheboygan, WI",,,,,,,,,3.678346735,,,,,,,7.461416826,,,,,,,,,,,,,,,,,,,,,,,,
FALSE,James B. Conant H.S. IL,,,,,,,7.296266015,,,,,,,,,,,,,,,,,,,,,,,,,,,5.984970566,,,,,,
FALSE,Union County Vocational-Technical Schools NJ,,,,,,,,,,,,,,,,,,,,,,,,,,,,,,,,,,,,7.431036598,,,,
FALSE,Madison Country Day School WI,,,,,,,,,,,,,,,,7.419498754,,,,,,,,,,,,,,,,,,,,,,,,
FALSE,"California Academy of Mathematics and Science Carson, CA",,,,,,,,,,,,,,,,,,,,,,,,,,,,7.391107308,,,,,,,,,,,,
FALSE,"Mark Keppel H.S. Alhambra, CA",,,,,,,,,,,,,,,,,,,,,,,,,,,,7.391107308,,,,,,,,,,,,
FALSE,Lodi H.S. CA,,,,,,,,,,,,,,,,,,,,,,,7.347225631,,,,,,,,,,,,,,,,,
FALSE,Deposit Central School NY,,,,,,7.341039365,,,,,,,,,,,,,,,,,,,,,,,,,,,,,,,,,,
FALSE,Alvirne H.S. NH,,,,,,,,1.876409855,,,,,,,,,,,,,,,,,,,,,,,,,7.339938715,,,,,,,
FALSE,Redmond H.S. WA,,,,,,,,,,,,,,7.311088222,,,,,,,,,,,,,,,,,,,,,,3.495874769,,,,
FALSE,"Parkersburg H.S. Parkersburg, WV",,,,,,,,,,,,,,,,,,,,,,,,7.282654725,,,,,,,,,,,,,,,,
FALSE,Auburn H.S. MA,,,,,,,,,,,,,,,,,,,,,,,,,,,,,,,,,,,,,,7.279443844,,
FALSE,NYOS Charter School TX,,,6.357185457,,,,,,,6.603966496,,,,,,,,,,,,,,,,,,,,,,,,,,,,,,
FALSE,St. Francis H.S. CA,,,,,,,,,,,,,,,,,,,,,,,7.18222849,,,,,,,,,,,,,4.934688368,,,,
FALSE,Buffalo Grove H.S. IL,,,,,,,7.167616488,,,,,,,,,,,,,,,,,,,,,,,,,,,,,5.304504423,,,,
FALSE,Theodore Roosevelt H.S. TX,,,,,7.163826371,,,,,,,,,,,,,,,,,,,,,,,,,,,,,,,,,,,
FALSE,Dundee-Crown H.S. IL,,,,,,,6.9403506,,,,,,,,,,,,,,,,,,,,,,,,,,,5.805733166,,,,,,
FALSE,Orange H.S. OH,,,,,,,,,,,,,,,,,,,,,,,,,,,,,7.153821178,,,,,,,,,,,
FALSE,Amity H.S. CT,,,,,,,,,,,,,,,,,,,,,,,,,,,,,,,7.057943533,,,,,,,,,
FALSE,"Cerritos H.S. Cerritos, CA",,,,,,,,,,,,,,,,,,,,,,,,,,,,7.03335768,,,,2.94249506,,,,,,,,
FALSE,Bridgeland H.S. TX,,,,3.924569677,5.088088695,,,,,6.571514572,,,,,,,,,,,,,,,,,,,,,,,,,,,,,,
FALSE,The Prairie School WI,,,,,,,,,,,,,,,,6.932655003,,,,,,,,,,,,,,,,,,,,,,,,
FALSE,Deerfield Academy MA,,,,,,,,,,,,,,,,,,,,,,,,,,,,,,,,,,,,,,6.880381705,,
FALSE,Tesoro H.S. CA,,,,,,,,,,,,,,,,,,,,,,,,,,,,,,,,,,,,6.842988909,,,,
FALSE,"Olathe North H.S. Olathe, KS",,,,,,,,,,,,,,,,,,,,,6.830612266,,,,,,,,,,,,,,,,,,,
FALSE,Glastonbury H.S. CT,,,,,,,,,,,,,,,,,,,,,,,,,,,,,,,6.785319105,,,,,,,,,
FALSE,Raisbeck Aviation H.S. WA,,,,,,,,,,,,,,6.760252808,,,,,,,,,,,,,,,,,,,,,,,,,,
FALSE,"Amherst-Pelham Regional H.S. Amherst, MA",,,,,,,,,4.769629763,,,,,,,,,,,,,,,,,,,,,,5.091720938,,,,,,,5.590970694,,
FALSE,Harlem H.S. IL,,,,,,,6.71118808,,,,,,,,,,,,,,,,,,,,,,,,,,,,,,,,,
FALSE,Kutztown H.S. PA,,,,,,,,,,,,,,,,,,,,,,,,,,6.709780409,,,,,,,,,,,,,,
FALSE,Athens Area H.S. OH,,,,,,,,,,,,,,,,,,,,,,,,,,,,,6.682693568,,,,,,,,,,,
FALSE,Northville H.S. OH,,,,,,,,,,,,,,,,,,,,,,,,,,,,,6.682693568,,,,,,,,,,,
FALSE,Bellville H.S. TX,,,5.136269044,,4.471829505,,,,,5.607141364,,,,,,,,,,,,,,,,,,,,,,,,,,,,,,
FALSE,Merrimack H.S. NH,,,,,,,,,,,,,,,,,,,,,,,,,,,,,,,,,6.651593031,,,,,,,
FALSE,East Stroudsburg South H.S. PA,,,,,,,,,,,,,,,,,,,,,,,,,,6.649440657,,,,,,,,,,,,,,
FALSE,Rockdale Magnet School for Science and Tech GA,,,,,,,,,,,6.622694314,,,,,,,,,,,,,,,,,,,,,,,,,,,,,
FALSE,Lakota East H.S. OH,,,,,,,,,,,,,,,,,,,,,,,,,,,,,,,,,,,,6.615794762,,,,
FALSE,Chaparral H.S. CA,,,,,,,,,,,,,6.609829419,,,,,,,,,,,,,,,,,,,,,,,,,,,
FALSE,Sage Hill School CA,,,,,,,,,,,,,,,,,,,,,,,,,,,,,,,,,,,,6.577813881,,,,
FALSE,"Delaware Valley H.S. Milford, PA",,,,,,,,,,,,,,,,,,,,,,6.573016265,,,,,,,,,,,,,,,,,,
FALSE,"Quartz Hill H.S. Lancaster, CA",,,,,,,,,,,,,,,,,,,,,,,,,,,,6.545458094,,,,,,,,,,,,
FALSE,"Woodbury H.S. Woodbury, MN",,,,,,,,,5.960642575,,,,,,,,,,,,,,,,,,,,,,,,,,,5.700362962,,,,
FALSE,Seton Catholic H.S. WA,,,,,,,,,,,,,,3.183861,,,,,,,,,,,,,,,,,,,,,,6.477868299,,,,
FALSE,Prairie Ridge H.S. IL,,,,,,,6.351660147,,,,,,,,,,,,,,,,,,,,,,,,,,,,,,,,,
FALSE,"The Palmdale Aerospace Academy Palmdale, CA",,,,,,,,,,,,,,,,,,,,,,,,,,,,6.345378589,,,,,,,,,,,,
FALSE,Cypress Woods H.S. TX,,,,,6.301659084,,,,,,,,,,,,,,,,,,,,,,,,,,,,,,,,,,,
FALSE,"Irvine H.S. Irvine, CA",,,,4.051325965,,,,,6.276292367,,,,,,,,,,,,,,,,,,,,,,,3.183373468,,,,,,,,
FALSE,"Francisco Bravo Medical Magnet H.S. Los Angeles, CA",,,,,,,,,,,,,,,,,,,,,,,,,,,,6.263326279,,,,,,,,,,,,
FALSE,Belleville H.S. TX,,,,,,,,,,,,,,,,,,6.252070027,,,,,,,,,,,,,,,,,,,,,,
FALSE,Belfast Area H.S. ME,,,,,,,,,,,,,,,,,,,,,,,,,,,,,,6.251071426,,,,,,,,,,
FALSE,West Liberty-Salem H.S. OH,,,,,,,,,,,,6.177141423,,,,,,,,,,,,,,,,,,,,,,,,,,,,
FALSE,Willowbrook H.S. IL,,,,,,,,,,,,,,,,,,,,,,,,,,,,,,,,,,6.167085852,,,,,,
FALSE,Wallenpaupack Area H.S. PA,,,,,,,,,,,,,,,,,,,,,,,,,,6.151562405,,,,,,,,,,,,,,
FALSE,"George C. Marshall H.S. Falls Church, VA",,,,,,,,,,,,,,,,,6.123481796,,,,,,,,,,,,,,,,,,,,,,,
FALSE,"Gwinnett School of Mathematics, Science, and Technology Lawrenceville, GA",,,,,,,,,6.103412457,,,,,,,,,,,,,,,,,,,,,,,,,,,,,,,
FALSE,"Larchmont Charter School Los Angeles, CA",,,,,,,,,,,,,,,,,,,,,,,,,,,,6.090074169,,,,,,,,,,,,
FALSE,Kenner Discovery Health Sciences Academy LA,,,,,,,,,,,,,,,,,,,,,,,,,,,,,,,,,,,,6.076356409,,,,
FALSE,Pewaukee H.S. WI,,,,,,,,,,,,,,,,6.058122836,,,,,,,,,,,,,,,,,,,,,,,,
FALSE,Mt. Hebron H.S. MD,,,,,,,,,,,,,,,,,,,,,,,,,,,,,,,,,,,,6.052283686,,,,
FALSE,"John Jay H.S. Hopewell Junction, NY",,6.043495479,,,,,,,,,,,,,,,,,,,,,,,,,,,,,,,,,,,,,,
FALSE,Perkiomen School PA,,,,,,,,,,,3.348854326,,,,,,,,,,,,,,,6.040995107,,,,,,,,,,,,,,
FALSE,"Evansville H.S. Evansville, WI",,,,,,,,,4.22232759,,,,,,,5.975885874,,,,,,,,,,,,,,,,,,,,,,,,
FALSE,Academy for Health and Medical Sciences NJ,,,,,,,,,,,,,,,,,,,,,,,,,,,,,,,,,,,,5.954000418,,,,
FALSE,Langham Creek H.S. TX,,,4.59828039,,4.528078933,,,,,4.627346766,,,,,,,,,,,,,,,,,,,,,,,,,,,,,,
FALSE,"BASIS Independent McLean McLean, VA",,,,,,,,2.853842864,,,,,,,,,5.948525173,,,,,,,,,,,,,,,,,,,3.495874769,,,,
FALSE,"Edgewood H.S. West Covina, CA",,,,,,,,,,,,,,,,,,,,,,,,,,,,5.945547041,,,,2.355393908,,,,,,,,
FALSE,Central Bucks H.S. South PA,,,,,,,,,,,5.854574182,,,,,,,,,,,,,,,,,,,,,,,,,,,,,
FALSE,"Santa Monica H.S. Santa Monica, CA",,,,,,,,,,,,,,,,,,,,,,,,,,,,5.807720611,,,,,,,,,,,,
FALSE,"Kohler H.S. Kohler, WI",,,,,,,,,3.661170547,,,,,,,5.779740823,,,,,,,,,,,,,,,,,,,,,,,,
FALSE,"Maumee Valley Country Day School Toledo, OH",,,,,,,,,,,,5.731996977,,,,,,,,,,,,,,,,,,,,,,,,,,,,
FALSE,"Cupertino H.S. Cupertino, CA",,,,3.996712502,,,,,,,3.769748585,,,,,,,,,,,,,,,,,,,,,,,,,5.164047123,,,,
FALSE,Tomball H.S. TX,,,,,4.914433791,,,,,5.264973289,,,,,,,,,,,,,,,,,,,,,,,,,,,,,,
FALSE,John B. Connally H.S. TX,,,5.170510838,,,,,,,5.008626275,,,,,,,,,,,,,,,,,,,,,,,,,,,,,,
FALSE,Fox Homeschoolers IL,,,,,,,,,,,,,,,,4.546198892,,,,,,,,,,,,,,,,,,5.552681284,,,,,,
FALSE,Laker H.S. MI,,,,3.106016573,,,,,,,,,,,,,,,,,,,,,,,,,,,,,,,,5.670388891,,,,
FALSE,"National Cathedral School Washington, DC",,,,,,,,,5.53349555,,,,,,,,4.051764901,,,,,,,,,,,,,,,3.065288517,,,,,,,,
FALSE,"Sage Creek H.S. Carlsbad, CA",,,,,,,,,,,,,,,,,,,,,,,,,,,,5.645266887,,,,,,,,,,,,
FALSE,"Pittsburgh Science and Technology Academy Pittsburgh, PA",,,,,,,,,,,,,,,,,,,,,,,,5.628482413,,,,,,,,,,,,,,,,
FALSE,Lynn Classical H.S. MA,,,,,,,,,,,,,,,,,,,,,,,,,,,,,,,,,,,,,,5.590970694,,
FALSE,"Trinity Christian School Pittsburgh, PA",,,,,,,,,,,,,,,,,,,,,,,,5.562844134,,,,,,,,,,,,,,,,
FALSE,"Delano H.S. Delano, MN",,,,,,,,,5.536501251,,,,,,,,,,,,,,,,,,,,,,,,,,,,,,,
FALSE,Inglemoor H.S. WA,,,,,,,,,,,,,,,,,,,,,,,,,,,,,,,,,,,,5.492021356,,,,
FALSE,"Chantilly H.S. Chantilly, VA",,,,,,,,,,,,,,,,,5.402353201,,,,,,,,,,,,,,,,,,,,,,,
FALSE,Sacred Heart Greenwich NY,,,,,,,,,,,,,,,,,,,,,,,,,,,,,,,5.386641742,,,,,,,,,
FALSE,Elgin H.S. IL,,,,,,,,,,,,,,,,,,,,,,,,,,,,,,,,,,5.320767388,,,,,,
FALSE,Niles North H.S. IL,,,,,,,5.318773357,,,,,,,,,,,,,,,,,,,,,,,,,,,,,,,,,
FALSE,"Stone Bridge H.S. Ashburn, VA",,,,,,,,,,,,,,,,,5.317443917,,,,,,,,,,,,,,,,,,,,,,,
FALSE,Pilgrimage Homeschool MD,,,,,,,,,,,,,,,,,,,,,,,,,,,,,,,,,,,,5.302969999,,,,
FALSE,Durand H.S. IL,,,,,,,5.294034876,,,,,,,,,,,,,,,,,,,,,,,,,,,,,,,,,
FALSE,"Beverly Hills H.S. Beverly Hills, CA",,,,,,,,,,,,,,,,,,,,,,,,,,,,5.291666776,,,,3.727897877,,,,,,,,
FALSE,St Mary's Academy OR,,,,,,,,,,,,,,5.278058342,,,,,,,,,,,,,,,,,,,,,,,,,,
FALSE,"La Caada H.S. La Caada Flintridge, CA",,,,1.927492554,,,,,4.003416655,,,,,,,,,,,,,,,,,,,,,,,,,,,5.254332842,,,,
FALSE,"Lakeville North H.S. Lakeville, MN",,,,,,,,,5.197704642,,,,,,,,,,,,,,,,,,,,,,,,,,,,,,,
FALSE,Pacifica Christian H.S. CA,,,,,,,,,,,,,,,,,,,,,,,,,,,,,,,,2.637289455,,,,5.190364464,,,,
FALSE,"Manhattan H.S. Manhattan, KS",,,,,,,,,,,4.193702073,,,,,,,,,,3.400895558,,,,,,,,,,,,,,,4.131703242,,,,
FALSE,"Stafford H.S. Fredericksburg, VA",,,,,,,,,,,,,,,,,5.126096503,,,,,,,,,,,,,,,,,,,,,,,
FALSE,Benet Academy IL,,,,,,,,,,,,,,,,,,,,,,,,,,,,,,,,,,5.11917689,,,,,,
FALSE,Lake Travis H.S. TX,,,,,,,,,,5.113970231,,,,,,,,,,,,,,,,,,,,,,,,,,,,,,
FALSE,"St. James Academy Lenexa, KS",,,,,,,,,,,,,,,,,,,,,5.101343338,,,,,,,,,,,,,,,,,,,
FALSE,Summer Creek H.S. TX,,,,,3.839810935,,,,,5.09448844,,,,,,,,,,,,,,,,,,,,,,,,,,,,,,
FALSE,Avon H.S. CT,,,,,,,,,,,,,,,,,,,,,,,,,,,,,,,5.091720938,,,,,,,,,
FALSE,Wheaton H.S. MD,,,,,,,,,,,,,,,,,,,,,,,,,,,,,,,5.091720938,,,,,,,,,
FALSE,Enrichments LLC MS,,,,,,,,,,,,,,,,,,,,,,,,,,,,,,5.084204759,,,,,,,,,,
FALSE,Wilcox H.S. CA,,,,,,,,,,,,,,,,,,,,,,,,,,,,,,,,,,,,5.051630556,,,,
FALSE,Navarre H.S. FL,,,,,,,,,,,,,,,,,,,,,,,,,,,,,,,,,,,,5.036364639,,,,
FALSE,"Potomac Falls H.S. Potomac Falls, VA",,,,,,,,,4.576874182,,,,,,,,4.275796136,,,,,,,,,,,,,,,,,,,,,,,
FALSE,"Polytechnic School Pasadena, CA",,,,,,,,,,,,,,,,,,,,,,,,,,,,4.935773427,,,,,,,,,,,,
FALSE,Tomball Memorial H.S. TX,,,,,,,,,,4.92561037,,,,,,,,,,,,,,,,,,,,,,,,,,,,,,
FALSE,Leander H.S. TX,,,4.919090649,,,,,,,,,,,,,,,,,,,,,,,,,,,,,,,,,,,,,
FALSE,Mars Hill Academy OH,,,,,,,,,,,,4.90414944,,,,,,,,,,,,,,,,,,,,,,,,,,,,
FALSE,Saint Johnsbury Academy VT,,,,,,,,,,,,,,,,,,,,,,,,,,,,,,,,,,,,4.882121781,,,,
FALSE,Fremont H.S. CA,,,,,,,,,,,,,,,,,,,,,,,,,,,,,,,,4.860886447,,,,,,,,
FALSE,St. Charles East H.S. IL,,,,,,,,,,,,,,,,,,,,,,,,,,,,,,,,,,4.825544449,,,,,,
FALSE,Grayslake North H.S. IL,,,,,,,,,,,,,,,,,,,,,,,,,,,,,,,,,,4.799572736,,,,,,
FALSE,Silvercreek H.S. CA,,,,,,,,,,,,,,,,,,,,,,,,,,,,,,,,,,,,4.770327163,,,,
FALSE,West H.S. CA,,,,,,,,4.333613238,,,,,,,,,,,,,,,,,,,,,,,,4.210704183,,,,,,,,
FALSE,"John F. Kennedy H.S. Bellmore, NY",,,,,,,,,,,,,,,,,,,,,,,,4.740510654,,,,,,,,,,,,,,,,
FALSE,"B. Reed Henderson H.S. West Chester, PA",,,,,,,,,,,,,,,,,,,,,,,,4.740510654,,,,,,,,,,,,,,,,
FALSE,"Milliones School Pittsburgh, PA",,,,,,,,,,,,,,,,,,,,,,,,4.740510654,,,,,,,,,,,,,,,,
FALSE,"Brashear H.S. Pittsburgh, PA",,,,,,,,,,,,,,,,,,,,,,,,4.740510654,,,,,,,,,,,,,,,,
FALSE,Manalapan H.S. NJ,,,,,,,,,,,,,,,,,,,,,,,,,,,,,,,,,,,,4.71632809,,,,
FALSE,Tracy H.S. CA,,,,,,,,,,,,,,,,,,,,,,,,,,,,,,,,,,,,4.692185126,,,,
FALSE,Scranton Preparatory School PA,,,,,,,,,,,,,,,,,,,,,,,,,,4.685790881,,,,,,,,,,,,,,
FALSE,"John F. Kennedy H.S. Bloomington, MN",,,,,,,,,,,,,,,,,,,,,,,,,,,,,,4.667262631,,,,,,,,,,
FALSE,"Meridian H.S. Falls Church, VA",,,,,,,,,,,,,,,,,4.666515438,,,,,,,,,,,,,,,,,,,,,,,
FALSE,"Alpharetta H.S. Alpharetta, GA",,,,,,,,,4.658454663,,,,,,,,,,,,,,,,,,,,,,,,,,,,,,,
FALSE,"Independence H.S. Ashburn, VA",,,,,,,,,,,,,,,,,4.650479302,,,,,,,,,,,,,,,,,,,,,,,
FALSE,Horicon H.S. WI,,,,,,,,,,,,,,,,4.609671128,,,,,,,,,,,,,,,,,,,,,,,,
FALSE,"John Marshall H.S. Rochester, MN",,,,,,,,,4.589238543,,,,,,,,,,,,,,,,,,,,,,,,,,,,,,,
FALSE,Cy-Fair H.S. TX,,,,,4.585761467,,,,,,,,,,,,,,,,,,,,,,,,,,,,,,,,,,,
FALSE,"Franklin H.S. Reisterstown, MD",,,,,,,,,,,4.578743304,,,,,,,,,,,,,,,,,,,,,,,,,,,,,
FALSE,"Legacy H.S. Bismarck, ND",,,,,,,,,4.572767521,,,,,,,,,,,,,,,,,,,,,,,,,,,,,,,
FALSE,Jack E. Singley H.S. TX,,,,,,,,,,,,,,,,,,4.537792762,,,,,,,,,,,,,,,,,,,,,,
FALSE,"Oakland Mills H.S. Columbia, MD",,,,,,,,,,,,,,,,,4.481090983,,,,,,,,,,,,,,,,,,,,,,,
FALSE,Cypress Springs H.S. TX,,,,,3.824512883,,,,,4.153115576,,,,,,,,,,,,,,,,,,,,,,,,,,,,,,
FALSE,Wasatch H.S. UT,,,,,,,,,,,4.450735426,,,,,,,,,,,,,,,,,,,,,2.968924656,,,,,,,,
FALSE,"Miller Place H.S. Miller Place, NY",,,,,,,,,4.427757951,,,,,,,,,,,,,,,,,,,,,,,,,,,,,,,
FALSE,"Plainfield North H.S. Plainfield, IL",,,,,,,,,4.153503995,,,,,,,,,,,,,,,,,,,,,,,3.638975542,,,,,,,,
FALSE,Valley Christian H.S. CA,,,,,,,,,,,,,,,,,,,,,,,,,,,,,,,,,,,,4.32367153,,,,
FALSE,Lakeside School WA,,,,,,,,,,,,,,,,,,,,,,,,,,,,,,,,,,,,4.310455511,,,,
FALSE,Fulshear H.S. TX,,,,,3.682683122,,,,,,,,,,,,,,,,,,,,,,,,,,,,,,,3.969763379,,,,
FALSE,"Minnetonka H.S. Minnetonka, MN",,,,,,,,,4.210119291,,,,,,,,,,,,,,,,,,,,,,,,,,,,,,,
FALSE,Westview H.S. OR,,,,,,,,,,,,,,,,,,,,,,,,,,,,,,,,,,,,4.182607184,,,,
FALSE,Loyola School NY,,,,,,,,,,,4.180993885,,,,,,,,,,,,,,,,,,,,,,,,,,,,,
FALSE,"Maclay School Tallahassee, FL",,,,3.548767575,,,,,3.912744262,,,,,,,,,,,,,,,,,,,,,,,,,,,,,,,
FALSE,Lawton Chiles H.S. FL,,,,4.056364928,,,,,,,,,,,,,,,,,,,,,,,,,,,,,,,,,,,,
FALSE,"Agoura H.S. Agoura Hills, CA",,,,,,,,,,,,,,,,,,,,,,,,,,,,4.049865376,,,,,,,,,,,,
FALSE,Chaminade-Madonna College Preparatory FL,,,,,,,,,,,,,,,,,,,,,,,,,,,,,,,,,,,,4.045987042,,,,
FALSE,Crofton H.S. MD,,,,,,,,,,,,,,,,,,,,,,,,,,,,,,,,,,,,4.044201916,,,,
FALSE,Norwin H.S. PA,,,,,,,,,,,3.991498502,,,,,,,,,,,,,,,,,,,,,,,,,,,,,
FALSE,Bishop O'Dowd H.S. CA,,,,,,,,,,,,,,,,,,,,,,,,,,,,,,,,,,,,3.978378317,,,,
FALSE,"Cornerstone Charter Academy Greensboro, NC",,,,,,,,,3.917255497,,,,,,,,,,,,,,,,,,,,,,,,,,,,,,,
FALSE,Cheshire Academy CT,,,,,,,,,,,,,,,,,,,,,,,,,,,,,,,,,,,,3.910487902,,,,
FALSE,Downingtown H.S. PA,,,,,,,,,,,3.897536673,,,,,,,,,,,,,,,,,,,,,,,,,,,,,
FALSE,Spring Early College Academy TX,,,,,,,,,,3.893168021,,,,,,,,,,,,,,,,,,,,,,,,,,,,,,
FALSE,South Vermillion H.S. IN,,,,,,,,,,,,,,,,,,,,,,,,,,,,,,,,,,,,3.886446319,,,,
FALSE,"Flint Hill School Oakton, VA",,,,,,,,,,,3.376169614,,,,,,3.515037602,,,,,,,,,,,,,,,,,,,,,,,
FALSE,Los Altos H.S. CA,,,,,,,,,,,,,,,,,,,,,,,,,,,,,,,,,,,,3.822428542,,,,
FALSE,Maine West H.S. IL,,,,,,,,,,,,,,,,,,,,,,,,,,,,,,,,,,3.775447139,,,,,,
FALSE,PCA TX,,,,,,,,,,,,,,,,,,3.7346436,,,,,,,,,,,,,,,,,,,,,,
FALSE,North Austin Science Alliance TX,,,3.704983881,,,,,,,,,,,,,,,,,,,,,,,,,,,,,,,,,,,,,
FALSE,Bloomington H.S. North IN,,,,,,,,3.689427486,,,,,,,,,,,,,,,,,,,,,,,,,,,,,,,,
FALSE,STEAM HEAT Homeschooling Group TN,,,,,,,,,3.673044614,,,,,,,,,,,,,,,,,,,,,,,,,,,,,,,
FALSE,The Preuss School CA,,,,,,,,,,,,,,,,,,,,,,,,,,,,,,,,,,,,3.666473457,,,,
FALSE,"Platteville H.S. Platteville, WI",,,,,,,,,3.662486095,,,,,,,,,,,,,,,,,,,,,,,,,,,,,,,
FALSE,South Cobb H.S. GA,,,,,,,,,,,,,,,,,,,,,,,,,,,,,,,,,,,,3.633049403,,,,
FALSE,"West Bend H.S. West Bend, WI",,,,,,,,,3.606758246,,,,,,,,,,,,,,,,,,,,,,,,,,,,,,,
FALSE,Hemingford H.S. NE,,,,,,,,,,,,,,,,,,,,,,,,,,,,,,,,,,,,3.59176475,,,,
FALSE,"Westfield Area H.S. Westfield, WI",,,,,,,,,3.575131113,,,,,,,,,,,,,,,,,,,,,,,,,,,,,,,
FALSE,International Leadership of Texas - Garland H.S. TX,,,3.563139169,,,,,,,,,,,,,,,,,,,,,,,,,,,,,,,,,,,,,
FALSE,Churchill Fulshear J.H.S. TX,,,,,,,,,,3.556657488,,,,,,,,,,,,,,,,,,,,,,1.798043219,,,,,,,,
FALSE,Tampa Preparatory School FL,,,,3.537220609,,,,,,,,,,,,,,,,,,,,,,,,,,,,,,,,,,,,
FALSE,Union Endicott H.S. NY,,,,,,,,,,,3.534742909,,,,,,,,,,,,,,,,,,,,,,,,,,,,,
FALSE,Quarry Lane School CA,,,,,,,,,,,,,,,,,,,,,,,,,,,,,,,,,,,,3.526811713,,,,
FALSE,"Wesleyan School Peachtree Corners, GA",,,,,,,,,3.463370304,,,,,,,,,,,,,,,,,,,,,,,,,,,,,,,
FALSE,Franklin H.S. NY,,,,,,,,,,,3.420813179,,,,,,,,,,,,,,,,,,,,,,,,,,,,,
FALSE,Lawrence E. Elkins H.S. TX,,,,,,,,,,3.411487794,,,,,,,,,,,,,,,,,,,,,,,,,,,,,,
FALSE,Shaker Heights H.S. OH,,,,,,,,,,,3.39555697,,,,,,,,,,,,,,,,,,,,,,,,,,,,,
FALSE,Ranney School NJ,,,,,,,,,,,3.373418049,,,,,,,,,,,,,,,,,,,,,,,,,,,,,
FALSE,Worcester Technical H.S. MD,,,,,,,,,,,,,,,,,,,,,,,,,,,,,,,,3.333179278,,,,,,,,
FALSE,Olympia H.S. FL,,,,,,,,3.282777162,,,,,,,,,,,,,,,,,,,,,,,,,,,,,,,,
FALSE,"Eudora H.S. Eudora, KS",,,,,,,,,,,,,,,,,,,,,3.263207479,,,,,,,,,,,,,,,,,,,
FALSE,"Notre Dame H.S. Elmira, NY",,,,,,,,,,,3.233737458,,,,,,,,,,,,,,,,,,,,,,,,,,,,,
FALSE,"Mill Valley H.S. Mill Valley, KS",,,,,,,,,,,,,,,,,,,,,3.224048989,,,,,,,,,,,,,,,,,,,
FALSE,East Bay Innovation Academy CA,,,,,,,,,,,3.183987651,,,,,,,,,,,,,,,,,,,,,,,,,,,,,
FALSE,Pearl City H.S. HI,,3.183797303,,,,,,,,,,,,,,,,,,,,,,,,,,,,,,,,,,,,,,
FALSE,Socorro H.S. NM,,,,3.175576827,,,,,,,,,,,,,,,,,,,,,,,,,,,,,,,,,,,,
FALSE,Calumet H.S. MI,,,,,,,,,,,,,,,,,,,,,,,,,,,,,,,,3.128141436,,,,,,,,
FALSE,Fountain Valley H.S. CA,,,,3.068031422,,,,,,,,,,,,,,,,,,,,,,,,,,,,,,,,,,,,
FALSE,Mililani H.S. HI,,2.994847908,,,,,,,,,,,,,,,,,,,,,,,,,,,,,,,,,,,,,,
FALSE,Rockford Auburn H.S. IL,,,,,,,,,,,,,,,,,,,,,,,,,,,,,,,,2.977840346,,,,,,,,
FALSE,Clayton H.S. MO,,,,2.970234428,,,,,,,,,,,,,,,,,,,,,,,,,,,,,,,,,,,,
FALSE,"Red River H.S. Grand Forks, ND",,,,,,,,,,,,,,,,,,,,,,,,,,,,,,,,2.955650775,,,,,,,,
FALSE,Haas Hall Bentonville AR,,,,2.93283939,,,,,,,,,,,,,,,,,,,,,,,,,,,,,,,,,,,,
FALSE,Strath Haven H.S. PA,,,,,,,,,,,2.904690489,,,,,,,,,,,,,,,,,,,,,,,,,,,,,
FALSE,Etiwanda H.S. CA,,,,,,,,,,,2.892511493,,,,,,,,,,,,,,,,,,,,,,,,,,,,,
FALSE,Pensacola H.S. FL,,,,2.835928176,,,,,,,,,,,,,,,,,,,,,,,,,,,,,,,,,,,,
FALSE,"Blue Valley West H.S. Overland Park, KS",,,,,,,,,,,,,,,,,,,,,2.828113149,,,,,,,,,,,,,,,,,,,
FALSE,Land O Lakes H.S. FL,,,,,,,,2.814614783,,,,,,,,,,,,,,,,,,,,,,,,,,,,,,,,
FALSE,Hockaday School TX,,,,,,,,,,,,,,,,,,2.813431512,,,,,,,,,,,,,,,,,,,,,,
FALSE,Hillcrest H.S. UT,,,,,,,,2.809786971,,,,,,,,,,,,,,,,,,,,,,,,,,,,,,,,
FALSE,"Lincoln Southwest H.S. Lincoln, NE",,,,,,,,,,,,,,,,,,,,,2.750895042,,,,,,,,,,,,,,,,,,,
FALSE,University Laboratory School HI,,2.727739851,,,,,,,,,,,,,,,,,,,,,,,,,,,,,,,,,,,,,,
FALSE,Wyoming High school OH,,,,,,,,,,,,,,,,,,,,,,,,,,,,,,,,2.701964129,,,,,,,,
FALSE,Mountain View H.S. WA,,,,,,,,,,,,,,2.667559216,,,,,,,,,,,,,,,,,,,,,,,,,,
FALSE,Eastern Camden County Regional H.S. NJ,,,,,,,,,,,,,,,,,,,,,,,,,,,,,,,,2.52642251,,,,,,,,
FALSE,"Justice H.S. Falls Church, VA",,,,,,,,,,,,,,,,,2.483099958,,,,,,,,,,,,,,,,,,,,,,,
FALSE,Colleyville Heritage H.S. TX,,,,,,,,,,,,,,,,,,2.446462185,,,,,,,,,,,,,,,,,,,,,,
FALSE,"Olathe Northwest H.S. Olathe, KS",,,,,,,,,,,,,,,,,,,,,2.377617249,,,,,,,,,,,,,,,,,,,
FALSE,Maryville H.S. TN,,,,,,,,,,,,,,,,,,,,,,,,,,,,,,,,2.363816055,,,,,,,,
FALSE,Central Dauphin H.S. PA,,,,,,,,,,,2.337201551,,,,,,,,,,,,,,,,,,,,,,,,,,,,,
FALSE,Skyridge M.S. WA,,,,,,,,,,,,,,2.316894155,,,,,,,,,,,,,,,,,,,,,,,,,,
FALSE,"De Soto H.S. De Soto, KS",,,,,,,,,,,,,,,,,,,,,2.30949068,,,,,,,,,,,,,,,,,,,
FALSE,Osceola H.S. FL,,,,2.287038851,,,,,,,,,,,,,,,,,,,,,,,,,,,,,,,,,,,,
FALSE,Vista Murrieta H.S. CA,,,,,,,,,,,,,,,,,,,,,,,,,,,,,,,,2.266561909,,,,,,,,
FALSE,"Blue Valley Northwest H.S. Overland Park, KS",,,,,,,,,,,,,,,,,,,,,2.251430859,,,,,,,,,,,,,,,,,,,
FALSE,"Olathe West H.S. Olathe, KS",,,,,,,,,,,,,,,,,,,,,2.245159463,,,,,,,,,,,,,,,,,,,
FALSE,Liberty M.S. WA,,,,,,,,,,,,,,2.238088231,,,,,,,,,,,,,,,,,,,,,,,,,,
FALSE,Hampden Charter School of Science - West MA,,,,,,,,,,,,,,,,,,,,,,,,,,,,,,,,2.215912481,,,,,,,,
FALSE,American Heritage School FL,,,,,,,,2.172554117,,,,,,,,,,,,,,,,,,,,,,,,,,,,,,,,
FALSE,"John Burroughs School St. Louis, MO",,,,,,,,,,,,,,,,,,,,,2.137963521,,,,,,,,,,,,,,,,,,,
FALSE,Spruce Creek H.S. FL,,2.133749989,,,,,,,,,,,,,,,,,,,,,,,,,,,,,,,,,,,,,,
FALSE,"Oak Park H.S. Kansas City, MO",,,,,,,,,,,,,,,,,,,,,2.072010919,,,,,,,,,,,,,,,,,,,
FALSE,Grand County H.S. UT,,,,,,,,1.687029664,,,,,,,,,,,,,,,,,,,,,,,,1.997222226,,,,,,,,
FALSE,Denmark H.S. GA,,,,,,,,,,,,,,,,,,,,,,,,,,,,,,,,2.021653079,,,,,,,,
FALSE,Hampden Charter School of Science East MA,,,,,,,,,,,,,,,,,,,,,,,,,,,,,,,,2.017539848,,,,,,,,
FALSE,The Science Academy STEM Magnet CA,,,,,,,,,,,,,,,,,,,,,,,,,,,,,,,,1.985226897,,,,,,,,
FALSE,"North Kansas City H.S. North Kansas City, MO",,,,,,,,,,,,,,,,,,,,,1.942198186,,,,,,,,,,,,,,,,,,,
FALSE,Faribault H.S. MN,,,,1.927492554,,,,,,,,,,,,,,,,,,,,,,,,,,,,,,,,,,,,
FALSE,STEAM Heat Homeschool TN,,,,,,,,,,,,,,,,,,,,,,,,,,,,,,,,1.92547735,,,,,,,,
FALSE,"Warrensburg H.S. Warrensburg, MO",,,,,,,,,,,,,,,,,,,,,1.919076779,,,,,,,,,,,,,,,,,,,
FALSE,"Holden H.S. Holden, MO",,,,,,,,,,,,,,,,,,,,,1.844421619,,,,,,,,,,,,,,,,,,,
FALSE,Flintridge Sacred Heart Academy CA,,,,,,,,,,,,,,,,,,,,,,,,,,,,,,,,1.799674837,,,,,,,,
FALSE,"Saddle River Day School Saddle River, NJ",,,,,,,,,,,,,,,,,,,,,,,,,,,,,,,,1.794788842,,,,,,,,
FALSE,"Tonganoxie H.S. Tonganoxie, KS",,,,,,,,,,,,,,,,,,,,,1.763702948,,,,,,,,,,,,,,,,,,,
FALSE,"Kearney H.S. Kearney, MO",,,,,,,,,,,,,,,,,,,,,1.722248392,,,,,,,,,,,,,,,,,,,
FALSE,"Augusta H.S. Augusta, KS",,,,,,,,,,,,,,,,,,,,,1.696867889,,,,,,,,,,,,,,,,,,,
FALSE,Hanalani Schools HI,,1.607107874,,,,,,,,,,,,,,,,,,,,,,,,,,,,,,,,,,,,,,
FALSE,"St. Teresa's Academy Kansas City, MO",,,,,,,,,,,,,,,,,,,,,1.532342676,,,,,,,,,,,,,,,,,,,
FALSE,Apple Valley H.S. CA,,,,,,,,,,,,,,,,,,,,,,,,,,,,,,,,1.529099206,,,,,,,,
FALSE,"Rich Hill H.S. Rich Hill, MO",,,,,,,,,,,,,,,,,,,,,1.5122181,,,,,,,,,,,,,,,,,,,
FALSE,"Bonner Springs H.S. Bonner Springs, KS",,,,,,,,,,,,,,,,,,,,,1.411580118,,,,,,,,,,,,,,,,,,,
FALSE,"Staley H.S. Kansas City, MO",,,,,,,,,,,,,,,,,,,,,1.356922975,,,,,,,,,,,,,,,,,,,
FALSE,"Olathe South H.S. Olathe, KS",,,,,,,,,,,,,,,,,,,,,1.287559501,,,,,,,,,,,,,,,,,,,
,,,,,,,,,,,,,,,,,,,,,,,,,,,,,,,,,,,,,,,,,
,,,,,,,,,,,,,,,,,,,,,,,,,,,,,,,,,,,,,,,,,
,,,,,,,,,,,,,,,,,,,,,,,,,,,,,2.168450467,,,,,,,,,,,,
,,,,,,,,,,,,,,,,,,,,,,,,,,,,,,,,,,,,,,,,,
,,,,,,,,,,,,,,,,,,,,,,,,,,,,,,,,2.115482239,,,,,,,,,
,,,,,,,,,,,2.105742787,,,,,,,,,,,,,,,,,,,,,,,,,,,,,,
,,,,,,,,,,,,,,,,,,,,,,,,,,,,,,,,,,,,,,,,,
,,,,,,,,,,,1.984808441,,,,,,,,,,,,,,,,,,,,,,,,,,,,,,
,,,,,,,,,,,,,,,,,1.972880565,,,,,,,,,,,,,,,,,,,,,,,,
,,,,,,,,,,,,,,,,,,,,,,,,,,,,,1.966734144,,,,,,,,,,,,
,,,,,,,,,,,,,,,,,,,,,,,,,,,,,,,,,,,,,,,,,
,,,,1.942218328,,,,,,,,,,,,,,,,,,,,,,,,,,,,,,,,,,,,,
,,,,,,,,,,,,,,,,,,,,,,,,,,,,,,,,,,,,,,,,,
,,,,,,,,,,,,,,,,,,,,,,,,,,,,,,,,,,,,,,,,,
,,,,,,,,,,,,,,,,,,,,,,,,,,,,,,,,,,,,,,,,,
,,,,,,,,,,,1.765954619,,,,,,,,,,,,,,,,,,,,,,,,,,,,,,
,,,,,,,,,,,1.741752765,,,,,,,,,,,,,,,,,,,,,,,,,,,,,,
,,,,,,,,,,,,,,,,,1.737102193,,,,,,,,,,,,,,,,,,,,,,,,
,,,,,,,,,,,1.693100453,,,,,,,,,,,,,,,,,,,,,,,,,,,,,,
,,,,,,,,,,,,,,,,,1.541815999,,,,,,,,,,,,,,,,,,,,,,,,
,,,,,,,,,,,1.534805125,,,,,,,,,,,,,,,,,,,,,,,,,,,,,,
,,,,,,,,,,,1.534805125,,,,,,,,,,,,,,,,,,,,,,,,,,,,,,
,,,,,,,,,,,,,,,,,,,,,,,,,,,,,1.483676635,,,,,,,,,,,,
,1.401123006,,,,,,,,,,,,,,,,,,,,,,,,,,,,,,,,,,,,,,,,
,,,,,,,,,,,,,,,,,,,,,,,,,,,,,1.386386364,,,,,,,,,,,,
,1.219056175,,,,,,,,,,,,,,,,,,,,,,,,,,,,,,,,,,,,,,,,
,1.212207545,,,,,,,,,,,,,,,,,,,,,,,,,,,,,,,,,,,,,,,,
,1.100882362,,,,,,,,,,,,,,,,,,,,,,,,,,,,,,,,,,,,,,,,
,1.089762338,,,,,,,,,,,,,,,,,,,,,,,,,,,,,,,,,,,,,,,,
,1.062920901,,,,,,,,,,,,,,,,,,,,,,,,,,,,,,,,,,,,,,,,